[
  {
    "ID": "aebd85ae-280e-4f3a-948c-36be63122608",
    "date": "2025-07-22",
    "shift": "A Shift",
    "day": "Tuesday",
    "holidays": "-",
    "shift_type": "Day",
    "type_shift": "SHIFT",
    "on_shift": true,
    "mins": 720,
    "callback_eligible": true,
    "cover_allowed": true,
    "notes": ""
  },
  {
    "ID": "714f083e-4528-4bdc-8b45-c3f48e72544f",
    "date": "2025-07-23",
    "shift": "A Shift",
    "day": "Wednesday",
    "holidays": "-",
    "shift_type": "Day",
    "type_shift": "SHIFT",
    "on_shift": true,
    "mins": 720,
    "callback_eligible": true,
    "cover_allowed": true,
    "notes": ""
  },
  {
    "ID": "2f4704b9-5f3c-4548-aabb-56ffeb12d6ab",
    "date": "2025-07-24",
    "shift": "A Shift",
    "day": "Thursday",
    "holidays": "-",
    "shift_type": "Night",
    "type_shift": "SHIFT",
    "on_shift": true,
    "mins": 720,
    "callback_eligible": true,
    "cover_allowed": true,
    "notes": ""
  },
  {
    "ID": "b7f5c565-3aeb-427a-9aa0-a2470dc65fac",
    "date": "2025-07-25",
    "shift": "A Shift",
    "day": "Friday",
    "holidays": "-",
    "shift_type": "Night",
    "type_shift": "SHIFT",
    "on_shift": true,
    "mins": 720,
    "callback_eligible": true,
    "cover_allowed": true,
    "notes": ""
  },
  {
    "ID": "644173f8-9232-480c-a0a8-f840c89351ca",
    "date": "2025-07-30",
    "shift": "A Shift",
    "day": "Wednesday",
    "holidays": "-",
    "shift_type": "Day",
    "type_shift": "SHIFT",
    "on_shift": true,
    "mins": 720,
    "callback_eligible": true,
    "cover_allowed": true,
    "notes": ""
  },
  {
    "ID": "aea9ee7a-985f-43a7-97e0-8249f586199b",
    "date": "2025-07-31",
    "shift": "A Shift",
    "day": "Thursday",
    "holidays": "-",
    "shift_type": "Day",
    "type_shift": "SHIFT",
    "on_shift": true,
    "mins": 720,
    "callback_eligible": true,
    "cover_allowed": true,
    "notes": ""
  },
  {
    "ID": "207730e2-0283-47ca-937f-c58071a7c040",
    "date": "2025-08-01",
    "shift": "A Shift",
    "day": "Friday",
    "holidays": "-",
    "shift_type": "Night",
    "type_shift": "SHIFT",
    "on_shift": true,
    "mins": 720,
    "callback_eligible": true,
    "cover_allowed": true,
    "notes": ""
  },
  {
    "ID": "7b33f668-21ef-4224-9e8a-e2f4daddec69",
    "date": "2025-08-02",
    "shift": "A Shift",
    "day": "Saturday",
    "holidays": "-",
    "shift_type": "Night",
    "type_shift": "SHIFT",
    "on_shift": true,
    "mins": 720,
    "callback_eligible": true,
    "cover_allowed": true,
    "notes": ""
  },
  {
    "ID": "57561a4d-4114-4a78-a2f3-a714b2e6aa63",
    "date": "2025-08-07",
    "shift": "A Shift",
    "day": "Thursday",
    "holidays": "-",
    "shift_type": "Day",
    "type_shift": "SHIFT",
    "on_shift": true,
    "mins": 720,
    "callback_eligible": true,
    "cover_allowed": true,
    "notes": ""
  },
  {
    "ID": "97feb982-94c6-43de-9f6a-9aa4e5bab060",
    "date": "2025-08-08",
    "shift": "A Shift",
    "day": "Friday",
    "holidays": "-",
    "shift_type": "Day",
    "type_shift": "SHIFT",
    "on_shift": true,
    "mins": 720,
    "callback_eligible": true,
    "cover_allowed": true,
    "notes": ""
  },
  {
    "ID": "c96a147a-3066-4cc2-b78a-cfddd761d6eb",
    "date": "2025-08-09",
    "shift": "A Shift",
    "day": "Saturday",
    "holidays": "-",
    "shift_type": "Night",
    "type_shift": "SHIFT",
    "on_shift": true,
    "mins": 720,
    "callback_eligible": true,
    "cover_allowed": true,
    "notes": ""
  },
  {
    "ID": "934a790f-0f7b-44d9-8597-11aa29d627df",
    "date": "2025-08-10",
    "shift": "A Shift",
    "day": "Sunday",
    "holidays": "-",
    "shift_type": "Night",
    "type_shift": "SHIFT",
    "on_shift": true,
    "mins": 720,
    "callback_eligible": true,
    "cover_allowed": true,
    "notes": ""
  },
  {
    "ID": "5193e342-fe3b-4ee2-9764-431ab8760e63",
    "date": "2025-08-15",
    "shift": "A Shift",
    "day": "Friday",
    "holidays": "-",
    "shift_type": "Day",
    "type_shift": "SHIFT",
    "on_shift": true,
    "mins": 720,
    "callback_eligible": true,
    "cover_allowed": true,
    "notes": ""
  },
  {
    "ID": "3ec07a1c-01fa-4137-add0-979f4f065892",
    "date": "2025-08-16",
    "shift": "A Shift",
    "day": "Saturday",
    "holidays": "-",
    "shift_type": "Day",
    "type_shift": "SHIFT",
    "on_shift": true,
    "mins": 720,
    "callback_eligible": true,
    "cover_allowed": true,
    "notes": ""
  },
  {
    "ID": "7ce195c5-b2f4-489b-899c-8b0bce4842f2",
    "date": "2025-08-17",
    "shift": "A Shift",
    "day": "Sunday",
    "holidays": "-",
    "shift_type": "Night",
    "type_shift": "SHIFT",
    "on_shift": true,
    "mins": 720,
    "callback_eligible": true,
    "cover_allowed": true,
    "notes": ""
  },
  {
    "ID": "543141ac-9942-429b-9f80-a61e4aa9e171",
    "date": "2025-08-18",
    "shift": "A Shift",
    "day": "Monday",
    "holidays": "-",
    "shift_type": "Night",
    "type_shift": "SHIFT",
    "on_shift": true,
    "mins": 720,
    "callback_eligible": true,
    "cover_allowed": true,
    "notes": ""
  },
  {
    "ID": "b5038708-38ac-4d7e-bb86-6ca5a0d4f0cf",
    "date": "2025-08-23",
    "shift": "A Shift",
    "day": "Saturday",
    "holidays": "-",
    "shift_type": "Day",
    "type_shift": "SHIFT",
    "on_shift": true,
    "mins": 720,
    "callback_eligible": true,
    "cover_allowed": true,
    "notes": ""
  },
  {
    "ID": "43b7fd94-c9bc-4bb5-8b0d-9766d36bf049",
    "date": "2025-08-24",
    "shift": "A Shift",
    "day": "Sunday",
    "holidays": "-",
    "shift_type": "Day",
    "type_shift": "SHIFT",
    "on_shift": true,
    "mins": 720,
    "callback_eligible": true,
    "cover_allowed": true,
    "notes": ""
  },
  {
    "ID": "26f3b0cc-32c2-4c2c-b48e-503679a762f3",
    "date": "2025-08-25",
    "shift": "A Shift",
    "day": "Monday",
    "holidays": "-",
    "shift_type": "Night",
    "type_shift": "SHIFT",
    "on_shift": true,
    "mins": 720,
    "callback_eligible": true,
    "cover_allowed": true,
    "notes": ""
  },
  {
    "ID": "2cd6abba-5aa5-44e9-92c7-b515296c2396",
    "date": "2025-08-26",
    "shift": "A Shift",
    "day": "Tuesday",
    "holidays": "-",
    "shift_type": "Night",
    "type_shift": "SHIFT",
    "on_shift": true,
    "mins": 720,
    "callback_eligible": true,
    "cover_allowed": true,
    "notes": ""
  },
  {
    "ID": "36521c76-bab9-4753-91a0-fb4164c8ef01",
    "date": "2025-08-31",
    "shift": "A Shift",
    "day": "Sunday",
    "holidays": "-",
    "shift_type": "Day",
    "type_shift": "SHIFT",
    "on_shift": true,
    "mins": 720,
    "callback_eligible": true,
    "cover_allowed": true,
    "notes": ""
  },
  {
    "ID": "7f28e390-b4af-43f8-9e49-68f36bfa45a7",
    "date": "2025-09-01",
    "shift": "A Shift",
    "day": "Monday",
    "holidays": "-",
    "shift_type": "Day",
    "type_shift": "SHIFT",
    "on_shift": true,
    "mins": 720,
    "callback_eligible": true,
    "cover_allowed": true,
    "notes": ""
  },
  {
    "ID": "d05c8a77-e73a-4a42-920c-5077d1b2c79e",
    "date": "2025-09-02",
    "shift": "A Shift",
    "day": "Tuesday",
    "holidays": "-",
    "shift_type": "Night",
    "type_shift": "SHIFT",
    "on_shift": true,
    "mins": 720,
    "callback_eligible": true,
    "cover_allowed": true,
    "notes": ""
  },
  {
    "ID": "7fc785f3-e069-496a-870b-ffd0bc86cb1b",
    "date": "2025-09-03",
    "shift": "A Shift",
    "day": "Wednesday",
    "holidays": "-",
    "shift_type": "Night",
    "type_shift": "SHIFT",
    "on_shift": true,
    "mins": 720,
    "callback_eligible": true,
    "cover_allowed": true,
    "notes": ""
  },
  {
    "ID": "f732bcaf-ff54-4702-91f6-9be6f024c378",
    "date": "2025-09-05",
    "shift": "B Shift",
    "shift_type": "Night",
    "type_shift": "SHIFT",
    "mins": 738,
    "callback_eligible": false,
    "cover_allowed": false,
    "on_shift": true,
    "notes": "Cover for B Shift"
  },
  {
    "ID": "a440c4b5-225e-4d63-9170-50358671ef7d",
    "date": "2025-09-08",
    "shift": "A Shift",
    "day": "Monday",
    "holidays": "-",
    "shift_type": "Day",
    "type_shift": "SHIFT",
    "on_shift": true,
    "mins": 720,
    "callback_eligible": true,
    "cover_allowed": true,
    "notes": ""
  },
  {
    "ID": "7851623a-99f6-417d-bd29-88e600a165e7",
    "date": "2025-09-09",
    "shift": "A Shift",
    "day": "Tuesday",
    "holidays": "-",
    "shift_type": "Day",
    "type_shift": "SHIFT",
    "on_shift": true,
    "mins": 720,
    "callback_eligible": true,
    "cover_allowed": true,
    "notes": ""
  },
  {
    "ID": "dd2be973-6c21-44a3-bca9-2bb2cc52b1b4",
    "date": "2025-09-10",
    "shift": "A Shift",
    "day": "Wednesday",
    "holidays": "-",
    "shift_type": "Night",
    "type_shift": "SHIFT",
    "on_shift": true,
    "mins": 720,
    "callback_eligible": true,
    "cover_allowed": true,
    "notes": ""
  },
  {
    "ID": "2bb14df8-49cd-446a-a4cf-7a33177e8e06",
    "date": "2025-09-11",
    "shift": "A Shift",
    "day": "Thursday",
    "holidays": "-",
    "shift_type": "Night",
    "type_shift": "SHIFT",
    "on_shift": true,
    "mins": 720,
    "callback_eligible": true,
    "cover_allowed": true,
    "notes": ""
  },
  {
    "ID": "4ff0c6eb-2815-420d-8f43-2d01cc83133b",
    "date": "2025-09-16",
    "shift": "A Shift",
    "day": "Tuesday",
    "holidays": "-",
    "shift_type": "Day",
    "type_shift": "SHIFT",
    "on_shift": true,
    "mins": 720,
    "callback_eligible": true,
    "cover_allowed": true,
    "notes": ""
  },
  {
    "ID": "a919cf18-13ac-43d0-a301-5e87032358a2",
    "date": "2025-09-17",
    "shift": "A Shift",
    "day": "Wednesday",
    "holidays": "-",
    "shift_type": "Day",
    "type_shift": "SHIFT",
    "on_shift": true,
    "mins": 720,
    "callback_eligible": true,
    "cover_allowed": true,
    "notes": ""
  },
  {
    "ID": "092c1781-8f79-4f1b-a294-5ce816af6a14",
    "date": "2025-09-18",
    "shift": "A Shift",
    "day": "Thursday",
    "holidays": "-",
    "shift_type": "Night",
    "type_shift": "SHIFT",
    "on_shift": true,
    "mins": 720,
    "callback_eligible": true,
    "cover_allowed": true,
    "notes": ""
  },
  {
    "ID": "b96e5ecc-6572-42e3-82d1-648f5d5dd1b8",
    "date": "2025-09-19",
    "shift": "A Shift",
    "day": "Friday",
    "holidays": "-",
    "shift_type": "Night",
    "type_shift": "SHIFT",
    "on_shift": true,
    "mins": 720,
    "callback_eligible": true,
    "cover_allowed": true,
    "notes": ""
  },
  {
    "ID": "102ac236-764e-4827-91f7-0d733e6ee96b",
    "date": "2025-09-24",
    "shift": "A Shift",
    "day": "Wednesday",
    "holidays": "-",
    "shift_type": "Day",
    "type_shift": "SHIFT",
    "on_shift": true,
    "mins": 720,
    "callback_eligible": true,
    "cover_allowed": true,
    "notes": ""
  },
  {
    "ID": "891cb24b-8066-43d8-a759-701f3c066237",
    "date": "2025-09-25",
    "shift": "A Shift",
    "day": "Thursday",
    "holidays": "-",
    "shift_type": "Day",
    "type_shift": "SHIFT",
    "on_shift": true,
    "mins": 720,
    "callback_eligible": true,
    "cover_allowed": true,
    "notes": ""
  },
  {
    "ID": "90c59bee-f941-44eb-895a-b7cf7c70ddde",
    "date": "2025-09-26",
    "shift": "A Shift",
    "day": "Friday",
    "holidays": "-",
    "shift_type": "Night",
    "type_shift": "SHIFT",
    "on_shift": true,
    "mins": 720,
    "callback_eligible": true,
    "cover_allowed": true,
    "notes": ""
  },
  {
    "ID": "7e7a7b0c-46a8-46cd-96f4-852311513604",
    "date": "2025-09-27",
    "shift": "A Shift",
    "day": "Saturday",
    "holidays": "-",
    "shift_type": "Night",
    "type_shift": "SHIFT",
    "on_shift": true,
    "mins": 720,
    "callback_eligible": true,
    "cover_allowed": true,
    "notes": ""
  },
  {
    "ID": "fe3b046e-4d7f-4991-8d9b-72d8d99bd031",
    "date": "2025-10-02",
    "shift": "A Shift",
    "day": "Thursday",
    "holidays": "-",
    "shift_type": "Day",
    "type_shift": "SHIFT",
    "on_shift": true,
    "mins": 720,
    "callback_eligible": true,
    "cover_allowed": true,
    "notes": ""
  },
  {
    "ID": "1f6a1e7a-b197-4c60-826b-1d2248f219d5",
    "date": "2025-10-03",
    "shift": "A Shift",
    "day": "Friday",
    "holidays": "-",
    "shift_type": "Day",
    "type_shift": "SHIFT",
    "on_shift": true,
    "mins": 720,
    "callback_eligible": true,
    "cover_allowed": true,
    "notes": ""
  },
  {
    "ID": "0e9fff50-5ab5-472e-850f-6e884873332e",
    "date": "2025-10-04",
    "shift": "A Shift",
    "day": "Saturday",
    "holidays": "-",
    "shift_type": "Night",
    "type_shift": "SHIFT",
    "on_shift": true,
    "mins": 720,
    "callback_eligible": true,
    "cover_allowed": true,
    "notes": ""
  },
  {
    "ID": "e4ce4e1b-e380-43e7-953d-48c635a60fa0",
    "date": "2025-10-05",
    "shift": "A Shift",
    "day": "Sunday",
    "holidays": "-",
    "shift_type": "Night",
    "type_shift": "SHIFT",
    "on_shift": true,
    "mins": 720,
    "callback_eligible": true,
    "cover_allowed": true,
    "notes": ""
  },
  {
    "ID": "1982e1bc-2284-453c-ba81-9f1eedd2d4f2",
    "date": "2025-10-10",
    "shift": "A Shift",
    "day": "Friday",
    "holidays": "-",
    "shift_type": "Day",
    "type_shift": "SHIFT",
    "on_shift": true,
    "mins": 720,
    "callback_eligible": true,
    "cover_allowed": true,
    "notes": ""
  },
  {
    "ID": "c7b3aa0c-11bc-430f-8e85-1f2175b618ce",
    "date": "2025-10-11",
    "shift": "A Shift",
    "day": "Saturday",
    "holidays": "-",
    "shift_type": "Day",
    "type_shift": "SHIFT",
    "on_shift": true,
    "mins": 720,
    "callback_eligible": true,
    "cover_allowed": true,
    "notes": ""
  },
  {
    "ID": "80dad3e3-4ddb-4f6b-b9f2-5bb7faf7ceab",
    "date": "2025-10-12",
    "shift": "A Shift",
    "day": "Sunday",
    "holidays": "-",
    "shift_type": "Night",
    "type_shift": "SHIFT",
    "on_shift": true,
    "mins": 720,
    "callback_eligible": true,
    "cover_allowed": true,
    "notes": ""
  },
  {
    "ID": "4945c8d9-6bbd-4db2-b1ce-feffeac3ccd9",
    "date": "2025-10-13",
    "shift": "A Shift",
    "day": "Monday",
    "holidays": "-",
    "shift_type": "Night",
    "type_shift": "SHIFT",
    "on_shift": true,
    "mins": 720,
    "callback_eligible": true,
    "cover_allowed": true,
    "notes": ""
  },
  {
    "ID": "814b2864-0eed-45e4-90cb-2ab26308683f",
    "date": "2025-10-18",
    "shift": "A Shift",
    "day": "Saturday",
    "holidays": "-",
    "shift_type": "Day",
    "type_shift": "PAL",
    "on_shift": true,
    "mins": 720,
    "callback_eligible": true,
    "cover_allowed": true,
    "notes": ""
  },
  {
    "ID": "99811672-8760-4483-ae67-98c6636bee5b",
    "date": "2025-10-19",
    "shift": "A Shift",
    "day": "Sunday",
    "holidays": "-",
    "shift_type": "Day",
    "type_shift": "SHIFT",
    "on_shift": true,
    "mins": 720,
    "callback_eligible": true,
    "cover_allowed": true,
    "notes": ""
  },
  {
    "ID": "9ec9a062-91e5-438b-8a63-5533208e6756",
    "date": "2025-10-20",
    "shift": "A Shift",
    "day": "Monday",
    "holidays": "-",
    "shift_type": "Night",
    "type_shift": "SHIFT",
    "on_shift": true,
    "mins": 720,
    "callback_eligible": true,
    "cover_allowed": true,
    "notes": ""
  },
  {
    "ID": "92164646-97eb-4fb7-b52b-059b32ae2c1d",
    "date": "2025-10-21",
    "shift": "A Shift",
    "day": "Tuesday",
    "holidays": "-",
    "shift_type": "Night",
    "type_shift": "SHIFT",
    "on_shift": true,
    "mins": 720,
    "callback_eligible": true,
    "cover_allowed": true,
    "notes": ""
  },
  {
    "ID": "ba2b6cff-76c6-4580-8a74-13175474545e",
    "date": "2025-10-26",
    "shift": "A Shift",
    "day": "Sunday",
    "holidays": "-",
    "shift_type": "Day",
    "type_shift": "SHIFT",
    "on_shift": true,
    "mins": 720,
    "callback_eligible": true,
    "cover_allowed": true,
    "notes": ""
  },
  {
    "ID": "3ebc9a29-0b38-4c4b-a461-bda2ad846284",
    "date": "2025-10-27",
    "shift": "A Shift",
    "day": "Monday",
    "holidays": "Labour Day",
    "shift_type": "Day",
    "type_shift": "SHIFT",
    "on_shift": true,
    "mins": 720,
    "callback_eligible": true,
    "cover_allowed": true,
    "notes": ""
  },
  {
    "ID": "21473a82-2357-4265-a1b3-013bc2820308",
    "date": "2025-10-28",
    "shift": "A Shift",
    "day": "Tuesday",
    "holidays": "-",
    "shift_type": "Night",
    "type_shift": "SHIFT",
    "on_shift": true,
    "mins": 720,
    "callback_eligible": true,
    "cover_allowed": true,
    "notes": ""
  },
  {
    "ID": "a1d65f9a-6292-417b-80ff-03dc9cf26fbc",
    "date": "2025-10-29",
    "shift": "A Shift",
    "day": "Wednesday",
    "holidays": "-",
    "shift_type": "Night",
    "type_shift": "SHIFT",
    "on_shift": true,
    "mins": 720,
    "callback_eligible": true,
    "cover_allowed": true,
    "notes": ""
  },
  {
    "ID": "328a8e26-2b20-433f-a8ca-d00240e83bb9",
    "date": "2025-11-03",
    "shift": "A Shift",
    "day": "Monday",
    "holidays": "-",
    "shift_type": "Day",
    "type_shift": "SHIFT",
    "on_shift": true,
    "mins": 720,
    "callback_eligible": true,
    "cover_allowed": true,
    "notes": ""
  },
  {
    "ID": "11543a50-bdb1-4e48-b688-36d0ba227653",
    "date": "2025-11-04",
    "shift": "A Shift",
    "day": "Tuesday",
    "holidays": "-",
    "shift_type": "Day",
    "type_shift": "SHIFT",
    "on_shift": true,
    "mins": 720,
    "callback_eligible": true,
    "cover_allowed": true,
    "notes": ""
  },
  {
    "ID": "dc33d923-e6c7-499e-8c82-5b0bee3dfa01",
    "date": "2025-11-05",
    "shift": "A Shift",
    "day": "Wednesday",
    "holidays": "-",
    "shift_type": "Night",
    "type_shift": "SHIFT",
    "on_shift": true,
    "mins": 720,
    "callback_eligible": true,
    "cover_allowed": true,
    "notes": ""
  },
  {
    "ID": "671865e2-655c-45f0-b5c4-184071acb97b",
    "date": "2025-11-06",
    "shift": "A Shift",
    "day": "Thursday",
    "holidays": "-",
    "shift_type": "Night",
    "type_shift": "SHIFT",
    "on_shift": true,
    "mins": 720,
    "callback_eligible": true,
    "cover_allowed": true,
    "notes": ""
  },
  {
    "ID": "07a94172-d7ed-41aa-9243-d71a3f44a712",
    "date": "2025-11-11",
    "shift": "A Shift",
    "day": "Tuesday",
    "holidays": "-",
    "shift_type": "Day",
    "type_shift": "SHIFT",
    "on_shift": true,
    "mins": 720,
    "callback_eligible": true,
    "cover_allowed": true,
    "notes": ""
  },
  {
    "ID": "17cceec4-0e25-4a72-a22c-d93b86fb777f",
    "date": "2025-11-12",
    "shift": "A Shift",
    "day": "Wednesday",
    "holidays": "-",
    "shift_type": "Day",
    "type_shift": "SHIFT",
    "on_shift": true,
    "mins": 720,
    "callback_eligible": true,
    "cover_allowed": true,
    "notes": ""
  },
  {
    "ID": "8a1f2319-4f58-47a8-a87f-e79d7125ccf4",
    "date": "2025-11-13",
    "shift": "A Shift",
    "day": "Thursday",
    "holidays": "-",
    "shift_type": "Night",
    "type_shift": "SHIFT",
    "on_shift": true,
    "mins": 720,
    "callback_eligible": true,
    "cover_allowed": true,
    "notes": ""
  },
  {
    "ID": "ae8444cc-170f-4c93-a09e-830f8245e1f7",
    "date": "2025-11-14",
    "shift": "A Shift",
    "day": "Friday",
    "holidays": "-",
    "shift_type": "Night",
    "type_shift": "SHIFT",
    "on_shift": true,
    "mins": 720,
    "callback_eligible": true,
    "cover_allowed": true,
    "notes": ""
  },
  {
    "ID": "c622199c-9674-4af7-9499-14d5434df926",
    "date": "2025-11-19",
    "shift": "A Shift",
    "day": "Wednesday",
    "holidays": "-",
    "shift_type": "Day",
    "type_shift": "SHIFT",
    "on_shift": true,
    "mins": 720,
    "callback_eligible": true,
    "cover_allowed": true,
    "notes": ""
  },
  {
    "ID": "4aca084d-44fb-4830-882e-196567600466",
    "date": "2025-11-20",
    "shift": "A Shift",
    "day": "Thursday",
    "holidays": "-",
    "shift_type": "Day",
    "type_shift": "SHIFT",
    "on_shift": true,
    "mins": 720,
    "callback_eligible": true,
    "cover_allowed": true,
    "notes": ""
  },
  {
    "ID": "a6811499-5a0b-42d2-8a0d-b9cdbf27c69b",
    "date": "2025-11-21",
    "shift": "A Shift",
    "day": "Friday",
    "holidays": "-",
    "shift_type": "Night",
    "type_shift": "SHIFT",
    "on_shift": true,
    "mins": 720,
    "callback_eligible": true,
    "cover_allowed": true,
    "notes": ""
  },
  {
    "ID": "39782d76-1141-449e-b3dc-09d8a1b24b16",
    "date": "2025-11-22",
    "shift": "A Shift",
    "day": "Saturday",
    "holidays": "-",
    "shift_type": "Night",
    "type_shift": "SHIFT",
    "on_shift": true,
    "mins": 720,
    "callback_eligible": true,
    "cover_allowed": true,
    "notes": ""
  },
  {
    "ID": "130225e0-f53f-4147-a173-396ad49858fb",
    "date": "2025-11-27",
    "shift": "A Shift",
    "day": "Thursday",
    "holidays": "-",
    "shift_type": "Day",
    "type_shift": "SHIFT",
    "on_shift": true,
    "mins": 720,
    "callback_eligible": true,
    "cover_allowed": true,
    "notes": ""
  },
  {
    "ID": "969e9b51-faa6-4932-9d4d-bb3f86e341a5",
    "date": "2025-11-28",
    "shift": "A Shift",
    "day": "Friday",
    "holidays": "-",
    "shift_type": "Day",
    "type_shift": "SHIFT",
    "on_shift": true,
    "mins": 720,
    "callback_eligible": true,
    "cover_allowed": true,
    "notes": ""
  },
  {
    "ID": "8f4893f5-8d62-431b-9361-bd21c587afb3",
    "date": "2025-11-29",
    "shift": "A Shift",
    "day": "Saturday",
    "holidays": "-",
    "shift_type": "Night",
    "type_shift": "SHIFT",
    "on_shift": true,
    "mins": 720,
    "callback_eligible": true,
    "cover_allowed": true,
    "notes": ""
  },
  {
    "ID": "5c99b3ec-bd16-4a31-bacd-a946f770ef00",
    "date": "2025-11-30",
    "shift": "A Shift",
    "day": "Sunday",
    "holidays": "-",
    "shift_type": "Night",
    "type_shift": "SHIFT",
    "on_shift": true,
    "mins": 720,
    "callback_eligible": true,
    "cover_allowed": true,
    "notes": ""
  },
  {
    "ID": "efe487c2-6f8d-4200-8e77-87ebbf388878",
    "date": "2025-12-05",
    "shift": "A Shift",
    "day": "Friday",
    "holidays": "-",
    "shift_type": "Day",
    "type_shift": "SHIFT",
    "on_shift": true,
    "mins": 720,
    "callback_eligible": true,
    "cover_allowed": true,
    "notes": ""
  },
  {
    "ID": "e6789aea-6882-445d-a0e3-9695c7113495",
    "date": "2025-12-06",
    "shift": "A Shift",
    "day": "Saturday",
    "holidays": "-",
    "shift_type": "Day",
    "type_shift": "SHIFT",
    "on_shift": true,
    "mins": 720,
    "callback_eligible": true,
    "cover_allowed": true,
    "notes": ""
  },
  {
    "ID": "5b094cbc-324a-43a1-ba11-a586d40fbdb3",
    "date": "2025-12-07",
    "shift": "A Shift",
    "day": "Sunday",
    "holidays": "-",
    "shift_type": "Night",
    "type_shift": "SHIFT",
    "on_shift": true,
    "mins": 720,
    "callback_eligible": true,
    "cover_allowed": true,
    "notes": ""
  },
  {
    "ID": "c2d28f0e-9ca9-4d36-ac3f-f7d5bafc5b6c",
    "date": "2025-12-08",
    "shift": "A Shift",
    "day": "Monday",
    "holidays": "-",
    "shift_type": "Night",
    "type_shift": "SHIFT",
    "on_shift": true,
    "mins": 720,
    "callback_eligible": true,
    "cover_allowed": true,
    "notes": ""
  },
  {
    "ID": "db651c56-4ba7-4afa-9adc-6204d2cde219",
    "date": "2025-12-13",
    "shift": "A Shift",
    "day": "Saturday",
    "holidays": "-",
    "shift_type": "Day",
    "type_shift": "SHIFT",
    "on_shift": true,
    "mins": 720,
    "callback_eligible": true,
    "cover_allowed": true,
    "notes": ""
  },
  {
    "ID": "50e69702-b25a-4859-965f-5a0c9d284e28",
    "date": "2025-12-14",
    "shift": "A Shift",
    "day": "Sunday",
    "holidays": "-",
    "shift_type": "Day",
    "type_shift": "SHIFT",
    "on_shift": true,
    "mins": 720,
    "callback_eligible": true,
    "cover_allowed": true,
    "notes": ""
  },
  {
    "ID": "daa05da6-73be-4dfd-b77a-f7c79c1dd6fd",
    "date": "2025-12-15",
    "shift": "A Shift",
    "day": "Monday",
    "holidays": "-",
    "shift_type": "Night",
    "type_shift": "SHIFT",
    "on_shift": true,
    "mins": 720,
    "callback_eligible": true,
    "cover_allowed": true,
    "notes": ""
  },
  {
    "ID": "4432b870-16b4-4928-87a2-6c58a835f323",
    "date": "2025-12-16",
    "shift": "A Shift",
    "day": "Tuesday",
    "holidays": "-",
    "shift_type": "Night",
    "type_shift": "SHIFT",
    "on_shift": true,
    "mins": 720,
    "callback_eligible": true,
    "cover_allowed": true,
    "notes": ""
  },
  {
    "ID": "d9f4b660-1232-48de-903e-9359ee83b426",
    "date": "2025-12-21",
    "shift": "A Shift",
    "day": "Sunday",
    "holidays": "-",
    "shift_type": "Day",
    "type_shift": "SHIFT",
    "on_shift": true,
    "mins": 720,
    "callback_eligible": true,
    "cover_allowed": true,
    "notes": ""
  },
  {
    "ID": "77a9fcaa-14bf-4f19-a2c4-b4970bee8325",
    "date": "2025-12-22",
    "shift": "A Shift",
    "day": "Monday",
    "holidays": "-",
    "shift_type": "Day",
    "type_shift": "SHIFT",
    "on_shift": true,
    "mins": 720,
    "callback_eligible": true,
    "cover_allowed": true,
    "notes": ""
  },
  {
    "ID": "ee7f3edf-657c-400d-9174-9eaf58069a54",
    "date": "2025-12-23",
    "shift": "A Shift",
    "day": "Tuesday",
    "holidays": "-",
    "shift_type": "Night",
    "type_shift": "SHIFT",
    "on_shift": true,
    "mins": 720,
    "callback_eligible": true,
    "cover_allowed": true,
    "notes": ""
  },
  {
    "ID": "2991b613-4adc-4c4f-853f-9ee834de7699",
    "date": "2025-12-24",
    "shift": "A Shift",
    "day": "Wednesday",
    "holidays": "-",
    "shift_type": "Night",
    "type_shift": "SHIFT",
    "on_shift": true,
    "mins": 720,
    "callback_eligible": true,
    "cover_allowed": true,
    "notes": ""
  },
  {
    "ID": "e9baeb0c-f49f-49a8-9704-02e0fc0c267b",
    "date": "2025-12-29",
    "shift": "A Shift",
    "day": "Monday",
    "holidays": "-",
    "shift_type": "Day",
    "type_shift": "SHIFT",
    "on_shift": true,
    "mins": 720,
    "callback_eligible": true,
    "cover_allowed": true,
    "notes": ""
  },
  {
    "ID": "93c6a1ac-6d1b-4b68-9b77-8018ee029dd0",
    "date": "2025-12-30",
    "shift": "A Shift",
    "day": "Tuesday",
    "holidays": "-",
    "shift_type": "Day",
    "type_shift": "SHIFT",
    "on_shift": true,
    "mins": 720,
    "callback_eligible": true,
    "cover_allowed": true,
    "notes": ""
  },
  {
    "ID": "a2f1c3c7-d73c-41f0-b2ce-64b997dd67e3",
    "date": "2025-12-31",
    "shift": "A Shift",
    "day": "Wednesday",
    "holidays": "-",
    "shift_type": "Night",
    "type_shift": "SHIFT",
    "on_shift": true,
    "mins": 720,
    "callback_eligible": true,
    "cover_allowed": true,
    "notes": ""
  },
  {
    "ID": "9050771e-ea6b-46e2-b28f-47dd53b2c70d",
    "date": "2026-01-01",
    "shift": "A Shift",
    "day": "Thursday",
    "holidays": "New Year's Day",
    "shift_type": "Night",
    "type_shift": "SHIFT",
    "on_shift": true,
    "mins": 720,
    "callback_eligible": true,
    "cover_allowed": true,
    "notes": ""
  },
  {
    "ID": "6943d36b-cdee-4227-a79b-0e5cce52c3eb",
    "date": "2026-01-06",
    "shift": "A Shift",
    "day": "Tuesday",
    "holidays": "-",
    "shift_type": "Day",
    "type_shift": "SHIFT",
    "on_shift": true,
    "mins": 720,
    "callback_eligible": true,
    "cover_allowed": true,
    "notes": ""
  },
  {
    "ID": "b6b814db-bedc-410a-894c-2538c279dca4",
    "date": "2026-01-07",
    "shift": "A Shift",
    "day": "Wednesday",
    "holidays": "-",
    "shift_type": "Day",
    "type_shift": "SHIFT",
    "on_shift": true,
    "mins": 720,
    "callback_eligible": true,
    "cover_allowed": true,
    "notes": ""
  },
  {
    "ID": "92e40733-c055-4234-9d87-61eb20fa17d9",
    "date": "2026-01-08",
    "shift": "A Shift",
    "day": "Thursday",
    "holidays": "-",
    "shift_type": "Night",
    "type_shift": "SHIFT",
    "on_shift": true,
    "mins": 720,
    "callback_eligible": true,
    "cover_allowed": true,
    "notes": ""
  },
  {
    "ID": "d6a06ec9-cc1e-4097-9b28-208b7bfa989a",
    "date": "2026-01-09",
    "shift": "A Shift",
    "day": "Friday",
    "holidays": "-",
    "shift_type": "Night",
    "type_shift": "SHIFT",
    "on_shift": true,
    "mins": 720,
    "callback_eligible": true,
    "cover_allowed": true,
    "notes": ""
  },
  {
    "ID": "b14a10cc-6938-4390-a159-8201f6bc91bb",
    "date": "2026-01-14",
    "shift": "A Shift",
    "day": "Wednesday",
    "holidays": "-",
    "shift_type": "Day",
    "type_shift": "SHIFT",
    "on_shift": true,
    "mins": 720,
    "callback_eligible": true,
    "cover_allowed": true,
    "notes": ""
  },
  {
    "ID": "b041bd4f-77ed-47fe-8ee0-f06a41a22166",
    "date": "2026-01-15",
    "shift": "A Shift",
    "day": "Thursday",
    "holidays": "-",
    "shift_type": "Day",
    "type_shift": "SHIFT",
    "on_shift": true,
    "mins": 720,
    "callback_eligible": true,
    "cover_allowed": true,
    "notes": ""
  },
  {
    "ID": "e23c6512-6a6a-4cc3-86f7-6f57c9dc68b8",
    "date": "2026-01-16",
    "shift": "A Shift",
    "day": "Friday",
    "holidays": "-",
    "shift_type": "Night",
    "type_shift": "SHIFT",
    "on_shift": true,
    "mins": 720,
    "callback_eligible": true,
    "cover_allowed": true,
    "notes": ""
  },
  {
    "ID": "efc44a47-c39c-45b6-b316-10759c9cf207",
    "date": "2026-01-17",
    "shift": "A Shift",
    "day": "Saturday",
    "holidays": "-",
    "shift_type": "Night",
    "type_shift": "SHIFT",
    "on_shift": true,
    "mins": 720,
    "callback_eligible": true,
    "cover_allowed": true,
    "notes": ""
  },
  {
    "ID": "7c3f8a2f-af3b-4aa2-b69c-b9de12b96998",
    "date": "2026-01-22",
    "shift": "A Shift",
    "day": "Thursday",
    "holidays": "-",
    "shift_type": "Day",
    "type_shift": "SHIFT",
    "on_shift": true,
    "mins": 720,
    "callback_eligible": true,
    "cover_allowed": true,
    "notes": ""
  },
  {
    "ID": "9549d3d9-410b-4616-82c8-9c3d1a0124d7",
    "date": "2026-01-23",
    "shift": "A Shift",
    "day": "Friday",
    "holidays": "-",
    "shift_type": "Day",
    "type_shift": "SHIFT",
    "on_shift": true,
    "mins": 720,
    "callback_eligible": true,
    "cover_allowed": true,
    "notes": ""
  },
  {
    "ID": "6ff0d80d-d44f-4141-b2c4-7a324afdb194",
    "date": "2026-01-24",
    "shift": "A Shift",
    "day": "Saturday",
    "holidays": "-",
    "shift_type": "Night",
    "type_shift": "SHIFT",
    "on_shift": true,
    "mins": 720,
    "callback_eligible": true,
    "cover_allowed": true,
    "notes": ""
  },
  {
    "ID": "bee28d0c-b71c-4f11-8867-e3be8a04205e",
    "date": "2026-01-25",
    "shift": "A Shift",
    "day": "Sunday",
    "holidays": "-",
    "shift_type": "Night",
    "type_shift": "SHIFT",
    "on_shift": true,
    "mins": 720,
    "callback_eligible": true,
    "cover_allowed": true,
    "notes": ""
  },
  {
    "ID": "26e36a04-cad7-4b35-a9f4-72e3a6dd43d1",
    "date": "2026-01-30",
    "shift": "A Shift",
    "day": "Friday",
    "holidays": "-",
    "shift_type": "Day",
    "type_shift": "SHIFT",
    "on_shift": true,
    "mins": 720,
    "callback_eligible": true,
    "cover_allowed": true,
    "notes": ""
  },
  {
    "ID": "7c509e4d-2a2b-4955-ac7e-9171a17c1781",
    "date": "2026-01-31",
    "shift": "A Shift",
    "day": "Saturday",
    "holidays": "-",
    "shift_type": "Day",
    "type_shift": "SHIFT",
    "on_shift": true,
    "mins": 720,
    "callback_eligible": true,
    "cover_allowed": true,
    "notes": ""
  },
  {
    "ID": "313fbdf9-57cd-4bf9-b921-a011c551f7ad",
    "date": "2026-02-01",
    "shift": "A Shift",
    "day": "Sunday",
    "holidays": "-",
    "shift_type": "Night",
    "type_shift": "SHIFT",
    "on_shift": true,
    "mins": 720,
    "callback_eligible": true,
    "cover_allowed": true,
    "notes": ""
  },
  {
    "ID": "12eb3a48-d643-4ad0-85a9-6c7fe0f25c34",
    "date": "2026-02-02",
    "shift": "A Shift",
    "day": "Monday",
    "holidays": "-",
    "shift_type": "Night",
    "type_shift": "SHIFT",
    "on_shift": true,
    "mins": 720,
    "callback_eligible": true,
    "cover_allowed": true,
    "notes": ""
  },
  {
    "ID": "8c07cb4b-9959-4eb2-991e-7f84f8fb6ddc",
    "date": "2026-02-07",
    "shift": "A Shift",
    "day": "Saturday",
    "holidays": "-",
    "shift_type": "Day",
    "type_shift": "SHIFT",
    "on_shift": true,
    "mins": 720,
    "callback_eligible": true,
    "cover_allowed": true,
    "notes": ""
  },
  {
    "ID": "ee6de590-9d01-4982-85d4-9a3b72dd2894",
    "date": "2026-02-08",
    "shift": "A Shift",
    "day": "Sunday",
    "holidays": "-",
    "shift_type": "Day",
    "type_shift": "SHIFT",
    "on_shift": true,
    "mins": 720,
    "callback_eligible": true,
    "cover_allowed": true,
    "notes": ""
  },
  {
    "ID": "983682e5-e206-479f-b449-0c1b6dc3110f",
    "date": "2026-02-09",
    "shift": "A Shift",
    "day": "Monday",
    "holidays": "-",
    "shift_type": "Night",
    "type_shift": "SHIFT",
    "on_shift": true,
    "mins": 720,
    "callback_eligible": true,
    "cover_allowed": true,
    "notes": ""
  },
  {
    "ID": "d4c7b7de-9530-4442-8490-4ec93857bee0",
    "date": "2026-02-10",
    "shift": "A Shift",
    "day": "Tuesday",
    "holidays": "-",
    "shift_type": "Night",
    "type_shift": "SHIFT",
    "on_shift": true,
    "mins": 720,
    "callback_eligible": true,
    "cover_allowed": true,
    "notes": ""
  },
  {
    "ID": "83d20328-6a79-4dc0-b396-834c27f99e4f",
    "date": "2026-02-15",
    "shift": "A Shift",
    "day": "Sunday",
    "holidays": "-",
    "shift_type": "Day",
    "type_shift": "SHIFT",
    "on_shift": true,
    "mins": 720,
    "callback_eligible": true,
    "cover_allowed": true,
    "notes": ""
  },
  {
    "ID": "1bf05d1e-40e8-4fb2-83f0-d8a24fde1673",
    "date": "2026-02-16",
    "shift": "A Shift",
    "day": "Monday",
    "holidays": "-",
    "shift_type": "Day",
    "type_shift": "SHIFT",
    "on_shift": true,
    "mins": 720,
    "callback_eligible": true,
    "cover_allowed": true,
    "notes": ""
  },
  {
    "ID": "98714bc5-f7ca-49ba-a23f-bf9e09fdee09",
    "date": "2026-02-17",
    "shift": "A Shift",
    "day": "Tuesday",
    "holidays": "-",
    "shift_type": "Night",
    "type_shift": "SHIFT",
    "on_shift": true,
    "mins": 720,
    "callback_eligible": true,
    "cover_allowed": true,
    "notes": ""
  },
  {
    "ID": "6305819e-46a2-4bd0-a27c-918da1cc1a5d",
    "date": "2026-02-18",
    "shift": "A Shift",
    "day": "Wednesday",
    "holidays": "-",
    "shift_type": "Night",
    "type_shift": "SHIFT",
    "on_shift": true,
    "mins": 720,
    "callback_eligible": true,
    "cover_allowed": true,
    "notes": ""
  },
  {
    "ID": "9f470bb0-84cd-4361-8218-0bac7363a0bf",
    "date": "2026-02-23",
    "shift": "A Shift",
    "day": "Monday",
    "holidays": "-",
    "shift_type": "Day",
    "type_shift": "SHIFT",
    "on_shift": true,
    "mins": 720,
    "callback_eligible": true,
    "cover_allowed": true,
    "notes": ""
  },
  {
    "ID": "ce7d7d4f-4d9c-4669-8b46-eff529896724",
    "date": "2026-02-24",
    "shift": "A Shift",
    "day": "Tuesday",
    "holidays": "-",
    "shift_type": "Day",
    "type_shift": "SHIFT",
    "on_shift": true,
    "mins": 720,
    "callback_eligible": true,
    "cover_allowed": true,
    "notes": ""
  },
  {
    "ID": "3483a3ef-5def-4bc2-b677-6aa34a8516f1",
    "date": "2026-02-25",
    "shift": "A Shift",
    "day": "Wednesday",
    "holidays": "-",
    "shift_type": "Night",
    "type_shift": "SHIFT",
    "on_shift": true,
    "mins": 720,
    "callback_eligible": true,
    "cover_allowed": true,
    "notes": ""
  },
  {
    "ID": "11a336ef-3b31-493f-a3ef-57886397634c",
    "date": "2026-02-26",
    "shift": "A Shift",
    "day": "Thursday",
    "holidays": "-",
    "shift_type": "Night",
    "type_shift": "SHIFT",
    "on_shift": true,
    "mins": 720,
    "callback_eligible": true,
    "cover_allowed": true,
    "notes": ""
  },
  {
    "ID": "8ed33d19-dbf6-4488-9841-356ca822ab3c",
    "date": "2026-03-03",
    "shift": "A Shift",
    "day": "Tuesday",
    "holidays": "-",
    "shift_type": "Day",
    "type_shift": "SHIFT",
    "on_shift": true,
    "mins": 720,
    "callback_eligible": true,
    "cover_allowed": true,
    "notes": ""
  },
  {
    "ID": "5e677a6b-7d5e-4fae-8d2c-993a926ba817",
    "date": "2026-03-04",
    "shift": "A Shift",
    "day": "Wednesday",
    "holidays": "-",
    "shift_type": "Day",
    "type_shift": "SHIFT",
    "on_shift": true,
    "mins": 720,
    "callback_eligible": true,
    "cover_allowed": true,
    "notes": ""
  },
  {
    "ID": "4fbd9616-9229-4980-ae3c-1849270bb48c",
    "date": "2026-03-05",
    "shift": "A Shift",
    "day": "Thursday",
    "holidays": "-",
    "shift_type": "Night",
    "type_shift": "SHIFT",
    "on_shift": true,
    "mins": 720,
    "callback_eligible": true,
    "cover_allowed": true,
    "notes": ""
  },
  {
    "ID": "978afbb9-4f12-44a5-9b50-ba965a72b33e",
    "date": "2026-03-06",
    "shift": "A Shift",
    "day": "Friday",
    "holidays": "-",
    "shift_type": "Night",
    "type_shift": "SHIFT",
    "on_shift": true,
    "mins": 720,
    "callback_eligible": true,
    "cover_allowed": true,
    "notes": ""
  },
  {
    "ID": "7783a433-ff30-48ed-b284-591b33382d5c",
    "date": "2026-03-11",
    "shift": "A Shift",
    "day": "Wednesday",
    "holidays": "-",
    "shift_type": "Day",
    "type_shift": "SHIFT",
    "on_shift": true,
    "mins": 720,
    "callback_eligible": true,
    "cover_allowed": true,
    "notes": ""
  },
  {
    "ID": "db723045-df36-4c6d-972b-b390c1e1439d",
    "date": "2026-03-12",
    "shift": "A Shift",
    "day": "Thursday",
    "holidays": "-",
    "shift_type": "Day",
    "type_shift": "SHIFT",
    "on_shift": true,
    "mins": 720,
    "callback_eligible": true,
    "cover_allowed": true,
    "notes": ""
  },
  {
    "ID": "6f7bdcd5-8236-4f90-b268-c21d8f5b283e",
    "date": "2026-03-13",
    "shift": "A Shift",
    "day": "Friday",
    "holidays": "-",
    "shift_type": "Night",
    "type_shift": "SHIFT",
    "on_shift": true,
    "mins": 720,
    "callback_eligible": true,
    "cover_allowed": true,
    "notes": ""
  },
  {
    "ID": "3db99b05-4087-4cf5-b9d4-1b6472c617f4",
    "date": "2026-03-14",
    "shift": "A Shift",
    "day": "Saturday",
    "holidays": "-",
    "shift_type": "Night",
    "type_shift": "SHIFT",
    "on_shift": true,
    "mins": 720,
    "callback_eligible": true,
    "cover_allowed": true,
    "notes": ""
  },
  {
    "ID": "d03784c5-bd79-49f4-841c-4a4dbc035bce",
    "date": "2026-03-19",
    "shift": "A Shift",
    "day": "Thursday",
    "holidays": "-",
    "shift_type": "Day",
    "type_shift": "SHIFT",
    "on_shift": true,
    "mins": 720,
    "callback_eligible": true,
    "cover_allowed": true,
    "notes": ""
  },
  {
    "ID": "9ab71fcd-39a2-4c8e-a53e-4e8959452fb5",
    "date": "2026-03-20",
    "shift": "A Shift",
    "day": "Friday",
    "holidays": "-",
    "shift_type": "Day",
    "type_shift": "SHIFT",
    "on_shift": true,
    "mins": 720,
    "callback_eligible": true,
    "cover_allowed": true,
    "notes": ""
  },
  {
    "ID": "600483af-d12a-4906-ab6c-80a0fc661e57",
    "date": "2026-03-21",
    "shift": "A Shift",
    "day": "Saturday",
    "holidays": "-",
    "shift_type": "Night",
    "type_shift": "SHIFT",
    "on_shift": true,
    "mins": 720,
    "callback_eligible": true,
    "cover_allowed": true,
    "notes": ""
  },
  {
    "ID": "2077507b-d21c-4559-9bb3-c5677531f0d1",
    "date": "2026-03-22",
    "shift": "A Shift",
    "day": "Sunday",
    "holidays": "-",
    "shift_type": "Night",
    "type_shift": "SHIFT",
    "on_shift": true,
    "mins": 720,
    "callback_eligible": true,
    "cover_allowed": true,
    "notes": ""
  },
  {
    "ID": "5dc75009-d498-46ed-bc93-a063e4e56a01",
    "date": "2026-03-27",
    "shift": "A Shift",
    "day": "Friday",
    "holidays": "-",
    "shift_type": "Day",
    "type_shift": "SHIFT",
    "on_shift": true,
    "mins": 720,
    "callback_eligible": true,
    "cover_allowed": true,
    "notes": ""
  },
  {
    "ID": "294e8831-b738-40b4-9113-6ccc7e4cddb5",
    "date": "2026-03-28",
    "shift": "A Shift",
    "day": "Saturday",
    "holidays": "-",
    "shift_type": "Day",
    "type_shift": "SHIFT",
    "on_shift": true,
    "mins": 720,
    "callback_eligible": true,
    "cover_allowed": true,
    "notes": ""
  },
  {
    "ID": "d1c7090c-9cb4-4df9-a62b-e784f22c04bd",
    "date": "2026-03-29",
    "shift": "A Shift",
    "day": "Sunday",
    "holidays": "-",
    "shift_type": "Night",
    "type_shift": "SHIFT",
    "on_shift": true,
    "mins": 720,
    "callback_eligible": true,
    "cover_allowed": true,
    "notes": ""
  },
  {
    "ID": "05a63e15-6697-4da2-b18b-c0965e00bb13",
    "date": "2026-03-30",
    "shift": "A Shift",
    "day": "Monday",
    "holidays": "-",
    "shift_type": "Night",
    "type_shift": "SHIFT",
    "on_shift": true,
    "mins": 720,
    "callback_eligible": true,
    "cover_allowed": true,
    "notes": ""
  },
  {
    "ID": "534faf16-1e8f-4f0d-a1ae-471ecff1f7ea",
    "date": "2026-04-04",
    "shift": "A Shift",
    "day": "Saturday",
    "holidays": "-",
    "shift_type": "Day",
    "type_shift": "SHIFT",
    "on_shift": true,
    "mins": 720,
    "callback_eligible": true,
    "cover_allowed": true,
    "notes": ""
  },
  {
    "ID": "19c9df87-055d-4d18-a9f2-7075aa1d76ae",
    "date": "2026-04-05",
    "shift": "A Shift",
    "day": "Sunday",
    "holidays": "-",
    "shift_type": "Day",
    "type_shift": "SHIFT",
    "on_shift": true,
    "mins": 720,
    "callback_eligible": true,
    "cover_allowed": true,
    "notes": ""
  },
  {
    "ID": "f9b5bfe6-eb0d-4682-9416-49ca2ba1485c",
    "date": "2026-04-06",
    "shift": "A Shift",
    "day": "Monday",
    "holidays": "Easter Monday",
    "shift_type": "Night",
    "type_shift": "SHIFT",
    "on_shift": true,
    "mins": 720,
    "callback_eligible": true,
    "cover_allowed": true,
    "notes": ""
  },
  {
    "ID": "61067754-89f7-484a-aa58-21b45524a0d9",
    "date": "2026-04-07",
    "shift": "A Shift",
    "day": "Tuesday",
    "holidays": "-",
    "shift_type": "Night",
    "type_shift": "SHIFT",
    "on_shift": true,
    "mins": 720,
    "callback_eligible": true,
    "cover_allowed": true,
    "notes": ""
  },
  {
    "ID": "f01754db-3135-44db-9989-617a2b5a39ba",
    "date": "2026-04-12",
    "shift": "A Shift",
    "day": "Sunday",
    "holidays": "-",
    "shift_type": "Day",
    "type_shift": "SHIFT",
    "on_shift": true,
    "mins": 720,
    "callback_eligible": true,
    "cover_allowed": true,
    "notes": ""
  },
  {
    "ID": "635bd786-058c-4654-8dd1-6d6e609de2f8",
    "date": "2026-04-13",
    "shift": "A Shift",
    "day": "Monday",
    "holidays": "-",
    "shift_type": "Day",
    "type_shift": "SHIFT",
    "on_shift": true,
    "mins": 720,
    "callback_eligible": true,
    "cover_allowed": true,
    "notes": ""
  },
  {
    "ID": "18e5d6d7-ed3a-4c6f-975e-abce411e34c5",
    "date": "2026-04-14",
    "shift": "A Shift",
    "day": "Tuesday",
    "holidays": "-",
    "shift_type": "Night",
    "type_shift": "SHIFT",
    "on_shift": true,
    "mins": 720,
    "callback_eligible": true,
    "cover_allowed": true,
    "notes": ""
  },
  {
    "ID": "b7aa45fb-5bc1-4dc1-a67d-0057948ef5c8",
    "date": "2026-04-15",
    "shift": "A Shift",
    "day": "Wednesday",
    "holidays": "-",
    "shift_type": "Night",
    "type_shift": "SHIFT",
    "on_shift": true,
    "mins": 720,
    "callback_eligible": true,
    "cover_allowed": true,
    "notes": ""
  },
  {
    "ID": "c0274e39-b29a-4125-b61d-6b331009f3cf",
    "date": "2026-04-20",
    "shift": "A Shift",
    "day": "Monday",
    "holidays": "-",
    "shift_type": "Day",
    "type_shift": "SHIFT",
    "on_shift": true,
    "mins": 720,
    "callback_eligible": true,
    "cover_allowed": true,
    "notes": ""
  },
  {
    "ID": "02dab2b7-ee82-4b1c-acb6-4cd87db2c11f",
    "date": "2026-04-21",
    "shift": "A Shift",
    "day": "Tuesday",
    "holidays": "-",
    "shift_type": "Day",
    "type_shift": "SHIFT",
    "on_shift": true,
    "mins": 720,
    "callback_eligible": true,
    "cover_allowed": true,
    "notes": ""
  },
  {
    "ID": "2086da05-0681-4fb3-b0cc-821eae70e8e7",
    "date": "2026-04-22",
    "shift": "A Shift",
    "day": "Wednesday",
    "holidays": "-",
    "shift_type": "Night",
    "type_shift": "SHIFT",
    "on_shift": true,
    "mins": 720,
    "callback_eligible": true,
    "cover_allowed": true,
    "notes": ""
  },
  {
    "ID": "04bd0a15-1cca-4778-a286-7ce82ce557ca",
    "date": "2026-04-23",
    "shift": "A Shift",
    "day": "Thursday",
    "holidays": "-",
    "shift_type": "Night",
    "type_shift": "SHIFT",
    "on_shift": true,
    "mins": 720,
    "callback_eligible": true,
    "cover_allowed": true,
    "notes": ""
  },
  {
    "ID": "9fcf62a3-411e-4af4-b029-35158f628a32",
    "date": "2026-04-28",
    "shift": "A Shift",
    "day": "Tuesday",
    "holidays": "-",
    "shift_type": "Day",
    "type_shift": "SHIFT",
    "on_shift": true,
    "mins": 720,
    "callback_eligible": true,
    "cover_allowed": true,
    "notes": ""
  },
  {
    "ID": "0baa343d-1c00-486b-a9f7-9ce587d2effc",
    "date": "2026-04-29",
    "shift": "A Shift",
    "day": "Wednesday",
    "holidays": "-",
    "shift_type": "Day",
    "type_shift": "SHIFT",
    "on_shift": true,
    "mins": 720,
    "callback_eligible": true,
    "cover_allowed": true,
    "notes": ""
  },
  {
    "ID": "e80fddba-8c0d-479e-a2ed-4e6dfefe4f35",
    "date": "2026-04-30",
    "shift": "A Shift",
    "day": "Thursday",
    "holidays": "-",
    "shift_type": "Night",
    "type_shift": "SHIFT",
    "on_shift": true,
    "mins": 720,
    "callback_eligible": true,
    "cover_allowed": true,
    "notes": ""
  },
  {
    "ID": "ea801474-5fce-48bd-9448-a432cfb02830",
    "date": "2026-05-01",
    "shift": "A Shift",
    "day": "Friday",
    "holidays": "-",
    "shift_type": "Night",
    "type_shift": "SHIFT",
    "on_shift": true,
    "mins": 720,
    "callback_eligible": true,
    "cover_allowed": true,
    "notes": ""
  },
  {
    "ID": "ceec8345-a157-44a1-b784-10a1fac6e924",
    "date": "2026-05-06",
    "shift": "A Shift",
    "day": "Wednesday",
    "holidays": "-",
    "shift_type": "Day",
    "type_shift": "SHIFT",
    "on_shift": true,
    "mins": 720,
    "callback_eligible": true,
    "cover_allowed": true,
    "notes": ""
  },
  {
    "ID": "57469842-183f-4df9-bf1f-35a2920aa7b0",
    "date": "2026-05-07",
    "shift": "A Shift",
    "day": "Thursday",
    "holidays": "-",
    "shift_type": "Day",
    "type_shift": "SHIFT",
    "on_shift": true,
    "mins": 720,
    "callback_eligible": true,
    "cover_allowed": true,
    "notes": ""
  },
  {
    "ID": "19215e70-9a37-4bc6-a505-be6f0ddaa4e1",
    "date": "2026-05-08",
    "shift": "A Shift",
    "day": "Friday",
    "holidays": "-",
    "shift_type": "Night",
    "type_shift": "SHIFT",
    "on_shift": true,
    "mins": 720,
    "callback_eligible": true,
    "cover_allowed": true,
    "notes": ""
  },
  {
    "ID": "81093b42-32df-42aa-b41c-4236ac4bd2d3",
    "date": "2026-05-09",
    "shift": "A Shift",
    "day": "Saturday",
    "holidays": "-",
    "shift_type": "Night",
    "type_shift": "SHIFT",
    "on_shift": true,
    "mins": 720,
    "callback_eligible": true,
    "cover_allowed": true,
    "notes": ""
  },
  {
    "ID": "0d0f891f-8283-415b-9913-5c4a26acffd7",
    "date": "2026-05-14",
    "shift": "A Shift",
    "day": "Thursday",
    "holidays": "-",
    "shift_type": "Day",
    "type_shift": "SHIFT",
    "on_shift": true,
    "mins": 720,
    "callback_eligible": true,
    "cover_allowed": true,
    "notes": ""
  },
  {
    "ID": "e4888c46-df3b-4e67-b452-d8f8976c3af9",
    "date": "2026-05-15",
    "shift": "A Shift",
    "day": "Friday",
    "holidays": "-",
    "shift_type": "Day",
    "type_shift": "SHIFT",
    "on_shift": true,
    "mins": 720,
    "callback_eligible": true,
    "cover_allowed": true,
    "notes": ""
  },
  {
    "ID": "749de0fc-d7f2-4d59-bbbd-f7623023eebb",
    "date": "2026-05-16",
    "shift": "A Shift",
    "day": "Saturday",
    "holidays": "-",
    "shift_type": "Night",
    "type_shift": "SHIFT",
    "on_shift": true,
    "mins": 720,
    "callback_eligible": true,
    "cover_allowed": true,
    "notes": ""
  },
  {
    "ID": "ac0ed1bc-1ef5-436f-a5e4-9fc33fe9907b",
    "date": "2026-05-17",
    "shift": "A Shift",
    "day": "Sunday",
    "holidays": "-",
    "shift_type": "Night",
    "type_shift": "SHIFT",
    "on_shift": true,
    "mins": 720,
    "callback_eligible": true,
    "cover_allowed": true,
    "notes": ""
  },
  {
    "ID": "c65005a3-e5fd-4b4b-9c43-8b579a7c491b",
    "date": "2026-05-22",
    "shift": "A Shift",
    "day": "Friday",
    "holidays": "-",
    "shift_type": "Day",
    "type_shift": "SHIFT",
    "on_shift": true,
    "mins": 720,
    "callback_eligible": true,
    "cover_allowed": true,
    "notes": ""
  },
  {
    "ID": "f2871c73-ca49-437c-8390-ed1d145c8c40",
    "date": "2026-05-23",
    "shift": "A Shift",
    "day": "Saturday",
    "holidays": "-",
    "shift_type": "Day",
    "type_shift": "SHIFT",
    "on_shift": true,
    "mins": 720,
    "callback_eligible": true,
    "cover_allowed": true,
    "notes": ""
  },
  {
    "ID": "7463cbee-2868-4ab6-9ee4-44e38e821b39",
    "date": "2026-05-24",
    "shift": "A Shift",
    "day": "Sunday",
    "holidays": "-",
    "shift_type": "Night",
    "type_shift": "SHIFT",
    "on_shift": true,
    "mins": 720,
    "callback_eligible": true,
    "cover_allowed": true,
    "notes": ""
  },
  {
    "ID": "2166fa73-37bc-4286-b465-3a6c2b53d681",
    "date": "2026-05-25",
    "shift": "A Shift",
    "day": "Monday",
    "holidays": "-",
    "shift_type": "Night",
    "type_shift": "SHIFT",
    "on_shift": true,
    "mins": 720,
    "callback_eligible": true,
    "cover_allowed": true,
    "notes": ""
  },
  {
    "ID": "16a601a0-eabf-4cd8-a150-2db46f1f8bb4",
    "date": "2026-05-30",
    "shift": "A Shift",
    "day": "Saturday",
    "holidays": "-",
    "shift_type": "Day",
    "type_shift": "SHIFT",
    "on_shift": true,
    "mins": 720,
    "callback_eligible": true,
    "cover_allowed": true,
    "notes": ""
  },
  {
    "ID": "9e3f673d-93b8-4c6d-a92d-734236771468",
    "date": "2026-05-31",
    "shift": "A Shift",
    "day": "Sunday",
    "holidays": "-",
    "shift_type": "Day",
    "type_shift": "SHIFT",
    "on_shift": true,
    "mins": 720,
    "callback_eligible": true,
    "cover_allowed": true,
    "notes": ""
  },
  {
    "ID": "f640d3d8-b5dd-4d97-bc73-c9d7689e0094",
    "date": "2026-06-01",
    "shift": "A Shift",
    "day": "Monday",
    "holidays": "King's Birthday",
    "shift_type": "Day",
    "type_shift": "SHIFT",
    "on_shift": true,
    "mins": 600,
    "callback_eligible": true,
    "cover_allowed": true,
    "notes": ""
  },
  {
    "ID": "2100045a-44b7-446c-8d08-cb9515d4fc02",
    "date": "2026-06-02",
    "shift": "A Shift",
    "day": "Tuesday",
    "holidays": "-",
    "shift_type": "Day",
    "type_shift": "SHIFT",
    "on_shift": true,
    "mins": 600,
    "callback_eligible": true,
    "cover_allowed": true,
    "notes": ""
  },
  {
    "ID": "300c89c4-fdb3-42b0-967c-dd3fdfa08635",
    "date": "2026-06-03",
    "shift": "A Shift",
    "day": "Wednesday",
    "holidays": "-",
    "shift_type": "Day",
    "type_shift": "SHIFT",
    "on_shift": true,
    "mins": 600,
    "callback_eligible": true,
    "cover_allowed": true,
    "notes": ""
  },
  {
    "ID": "43f325ba-b0c1-40b3-a48e-fdfd1348567e",
    "date": "2026-06-04",
    "shift": "A Shift",
    "day": "Thursday",
    "holidays": "-",
    "shift_type": "Day",
    "type_shift": "SHIFT",
    "on_shift": true,
    "mins": 600,
    "callback_eligible": true,
    "cover_allowed": true,
    "notes": ""
  },
  {
    "ID": "7f7d54c1-70f4-4a16-bce3-bcb2b0bbd77c",
    "date": "2026-06-08",
    "shift": "A Shift",
    "day": "Monday",
    "holidays": "-",
    "shift_type": "Day",
    "type_shift": "SHIFT",
    "on_shift": true,
    "mins": 600,
    "callback_eligible": true,
    "cover_allowed": true,
    "notes": ""
  },
  {
    "ID": "2331405b-6d4b-465b-9b97-d93313b715c4",
    "date": "2026-06-09",
    "shift": "A Shift",
    "day": "Tuesday",
    "holidays": "-",
    "shift_type": "Day",
    "type_shift": "SHIFT",
    "on_shift": true,
    "mins": 600,
    "callback_eligible": true,
    "cover_allowed": true,
    "notes": ""
  },
  {
    "ID": "8eb9375b-9ea9-4e3e-bcf2-68a907ef0094",
    "date": "2026-06-10",
    "shift": "A Shift",
    "day": "Wednesday",
    "holidays": "-",
    "shift_type": "Day",
    "type_shift": "SHIFT",
    "on_shift": true,
    "mins": 600,
    "callback_eligible": true,
    "cover_allowed": true,
    "notes": ""
  },
  {
    "ID": "14a62276-e963-4782-8bcb-96eb8e32940a",
    "date": "2026-06-11",
    "shift": "A Shift",
    "day": "Thursday",
    "holidays": "-",
    "shift_type": "Day",
    "type_shift": "SHIFT",
    "on_shift": true,
    "mins": 600,
    "callback_eligible": true,
    "cover_allowed": true,
    "notes": ""
  },
  {
    "ID": "0d5c8f19-8144-46e3-a4f3-31a1c9d3a87b",
    "date": "2026-06-15",
    "shift": "A Shift",
    "day": "Monday",
    "holidays": "-",
    "shift_type": "Day",
    "type_shift": "SHIFT",
    "on_shift": true,
    "mins": 600,
    "callback_eligible": true,
    "cover_allowed": true,
    "notes": ""
  },
  {
    "ID": "6bfc4459-465b-44e0-aa27-111a2abacf3b",
    "date": "2026-06-16",
    "shift": "A Shift",
    "day": "Tuesday",
    "holidays": "-",
    "shift_type": "Day",
    "type_shift": "SHIFT",
    "on_shift": true,
    "mins": 600,
    "callback_eligible": true,
    "cover_allowed": true,
    "notes": ""
  },
  {
    "ID": "8fd2432d-86c4-423a-93ef-e31f9fe689e5",
    "date": "2026-06-17",
    "shift": "A Shift",
    "day": "Wednesday",
    "holidays": "-",
    "shift_type": "Day",
    "type_shift": "SHIFT",
    "on_shift": true,
    "mins": 600,
    "callback_eligible": true,
    "cover_allowed": true,
    "notes": ""
  },
  {
    "ID": "947cb441-4406-409e-b701-7ee5ed64b36a",
    "date": "2026-06-18",
    "shift": "A Shift",
    "day": "Thursday",
    "holidays": "-",
    "shift_type": "Day",
    "type_shift": "SHIFT",
    "on_shift": true,
    "mins": 600,
    "callback_eligible": true,
    "cover_allowed": true,
    "notes": ""
  },
  {
    "ID": "4f308c28-f189-4251-9a7a-996301f15eff",
    "date": "2026-06-22",
    "shift": "A Shift",
    "day": "Monday",
    "holidays": "-",
    "shift_type": "Day",
    "type_shift": "SHIFT",
    "on_shift": true,
    "mins": 600,
    "callback_eligible": true,
    "cover_allowed": true,
    "notes": ""
  },
  {
    "ID": "43c9db3f-6e33-463f-b7e0-c8f9afc2c384",
    "date": "2026-06-23",
    "shift": "A Shift",
    "day": "Tuesday",
    "holidays": "-",
    "shift_type": "Day",
    "type_shift": "SHIFT",
    "on_shift": true,
    "mins": 600,
    "callback_eligible": true,
    "cover_allowed": true,
    "notes": ""
  },
  {
    "ID": "0f0c50cc-0016-4a20-b63b-9f289a57ea7b",
    "date": "2026-06-24",
    "shift": "A Shift",
    "day": "Wednesday",
    "holidays": "-",
    "shift_type": "Day",
    "type_shift": "SHIFT",
    "on_shift": true,
    "mins": 600,
    "callback_eligible": true,
    "cover_allowed": true,
    "notes": ""
  },
  {
    "ID": "7e759d30-68e5-4934-908c-929702fc82a6",
    "date": "2026-06-25",
    "shift": "A Shift",
    "day": "Thursday",
    "holidays": "-",
    "shift_type": "Day",
    "type_shift": "SHIFT",
    "on_shift": true,
    "mins": 600,
    "callback_eligible": true,
    "cover_allowed": true,
    "notes": ""
  },
  {
    "ID": "90c647cf-74eb-45a0-b49f-b5789f4a67f7",
    "date": "2026-06-29",
    "shift": "A Shift",
    "day": "Monday",
    "holidays": "-",
    "shift_type": "Day",
    "type_shift": "SHIFT",
    "on_shift": true,
    "mins": 600,
    "callback_eligible": true,
    "cover_allowed": true,
    "notes": ""
  },
  {
    "ID": "6c8cd89f-be48-4443-9957-c6698d961295",
    "date": "2026-06-30",
    "shift": "A Shift",
    "day": "Tuesday",
    "holidays": "-",
    "shift_type": "Day",
    "type_shift": "SHIFT",
    "on_shift": true,
    "mins": 600,
    "callback_eligible": true,
    "cover_allowed": true,
    "notes": ""
  },
  {
    "ID": "103b8a2d-0be5-4abd-9706-a976037ec55e",
    "date": "2026-07-01",
    "shift": "A Shift",
    "day": "Wednesday",
    "holidays": "-",
    "shift_type": "Day",
    "type_shift": "SHIFT",
    "on_shift": true,
    "mins": 600,
    "callback_eligible": true,
    "cover_allowed": true,
    "notes": ""
  },
  {
    "ID": "83a5ec2d-e029-485e-8777-9c48ab474ab0",
    "date": "2026-07-02",
    "shift": "A Shift",
    "day": "Thursday",
    "holidays": "-",
    "shift_type": "Day",
    "type_shift": "SHIFT",
    "on_shift": true,
    "mins": 600,
    "callback_eligible": true,
    "cover_allowed": true,
    "notes": ""
  },
  {
    "ID": "f80c5b9f-f679-4756-a9eb-f09d5f4322e8",
    "date": "2026-07-06",
    "shift": "A Shift",
    "day": "Monday",
    "holidays": "-",
    "shift_type": "Day",
    "type_shift": "SHIFT",
    "on_shift": true,
    "mins": 600,
    "callback_eligible": true,
    "cover_allowed": true,
    "notes": ""
  },
  {
    "ID": "579310c4-18d6-49e3-8803-42968de356ea",
    "date": "2026-07-07",
    "shift": "A Shift",
    "day": "Tuesday",
    "holidays": "-",
    "shift_type": "Day",
    "type_shift": "SHIFT",
    "on_shift": true,
    "mins": 600,
    "callback_eligible": true,
    "cover_allowed": true,
    "notes": ""
  },
  {
    "ID": "d60e953d-724e-402b-b1f4-a7e8d02d0704",
    "date": "2026-07-08",
    "shift": "A Shift",
    "day": "Wednesday",
    "holidays": "-",
    "shift_type": "Day",
    "type_shift": "SHIFT",
    "on_shift": true,
    "mins": 600,
    "callback_eligible": true,
    "cover_allowed": true,
    "notes": ""
  },
  {
    "ID": "c9c20f0a-74ad-4720-9691-1b9ce58fbe00",
    "date": "2026-07-09",
    "shift": "A Shift",
    "day": "Thursday",
    "holidays": "-",
    "shift_type": "Day",
    "type_shift": "SHIFT",
    "on_shift": true,
    "mins": 600,
    "callback_eligible": true,
    "cover_allowed": true,
    "notes": ""
  },
  {
    "ID": "cfc2ca99-8fc1-451a-9869-e24e8d9e8250",
    "date": "2026-07-10",
    "shift": "A Shift",
    "day": "Friday",
    "holidays": "Matariki",
    "shift_type": "Day",
    "type_shift": "SHIFT",
    "on_shift": true,
    "mins": 720,
    "callback_eligible": true,
    "cover_allowed": true,
    "notes": ""
  },
  {
    "ID": "a7386d5e-2812-4d6e-b06d-85c258145cf3",
    "date": "2026-07-11",
    "shift": "A Shift",
    "day": "Saturday",
    "holidays": "-",
    "shift_type": "Night",
    "type_shift": "SHIFT",
    "on_shift": true,
    "mins": 720,
    "callback_eligible": true,
    "cover_allowed": true,
    "notes": ""
  },
  {
    "ID": "d528d62c-a1a2-477a-a90f-741d1cd77e1a",
    "date": "2026-07-12",
    "shift": "A Shift",
    "day": "Sunday",
    "holidays": "-",
    "shift_type": "Night",
    "type_shift": "SHIFT",
    "on_shift": true,
    "mins": 720,
    "callback_eligible": true,
    "cover_allowed": true,
    "notes": ""
  },
  {
    "ID": "92c2d511-8d45-4739-862c-b61bae7e5ff9",
    "date": "2026-07-17",
    "shift": "A Shift",
    "day": "Friday",
    "holidays": "-",
    "shift_type": "Day",
    "type_shift": "SHIFT",
    "on_shift": true,
    "mins": 720,
    "callback_eligible": true,
    "cover_allowed": true,
    "notes": ""
  },
  {
    "ID": "118b2432-76a9-4614-9101-a8f0485a66f2",
    "date": "2026-07-18",
    "shift": "A Shift",
    "day": "Saturday",
    "holidays": "-",
    "shift_type": "Day",
    "type_shift": "SHIFT",
    "on_shift": true,
    "mins": 720,
    "callback_eligible": true,
    "cover_allowed": true,
    "notes": ""
  },
  {
    "ID": "ac569ab9-5e1b-4db0-bd59-598ec1bd3824",
    "date": "2026-07-19",
    "shift": "A Shift",
    "day": "Sunday",
    "holidays": "-",
    "shift_type": "Night",
    "type_shift": "SHIFT",
    "on_shift": true,
    "mins": 720,
    "callback_eligible": true,
    "cover_allowed": true,
    "notes": ""
  },
  {
    "ID": "a80ce42f-fb8d-4f08-81bb-1813bab1e243",
    "date": "2026-07-20",
    "shift": "A Shift",
    "day": "Monday",
    "holidays": "-",
    "shift_type": "Night",
    "type_shift": "SHIFT",
    "on_shift": true,
    "mins": 720,
    "callback_eligible": true,
    "cover_allowed": true,
    "notes": ""
  },
  {
    "ID": "902e132c-250d-423f-92c2-d56a43be6424",
    "date": "2026-07-25",
    "shift": "A Shift",
    "day": "Saturday",
    "holidays": "-",
    "shift_type": "Day",
    "type_shift": "SHIFT",
    "on_shift": true,
    "mins": 720,
    "callback_eligible": true,
    "cover_allowed": true,
    "notes": ""
  },
  {
    "ID": "734f2b23-a741-4fe7-8723-6305cfd7567d",
    "date": "2026-01-26",
    "shift": "B Shift",
    "day": "Monday",
    "holidays": "-",
    "shift_type": "Night",
    "type_shift": "CB",
    "on_shift": true,
    "mins": 720,
    "callback_eligible": true,
    "cover_allowed": true,
    "notes": "Covering StePhan McKillen"
  }
]