[
  {
    "ID": "f501f6a3-19e1-43ea-98bf-18b4c6929fbb",
    "date": "2025-07-20",
    "shift": "D Shift",
    "day": "Sunday",
    "holidays": "-",
    "shift_type": "Day",
    "type_shift": "SHIFT",
    "on_shift": true,
    "mins": 720,
    "callback_eligible": true,
    "cover_allowed": true,
    "notes": ""
  },
  {
    "ID": "f75fd3a8-bfe0-401f-b361-bc63eb34667c",
    "date": "2025-07-21",
    "shift": "D Shift",
    "day": "Monday",
    "holidays": "-",
    "shift_type": "Day",
    "type_shift": "SHIFT",
    "on_shift": true,
    "mins": 720,
    "callback_eligible": true,
    "cover_allowed": true,
    "notes": ""
  },
  {
    "ID": "e329ca24-45e5-4c2f-ac42-3e847e805ae7",
    "date": "2025-07-22",
    "shift": "D Shift",
    "day": "Tuesday",
    "holidays": "-",
    "shift_type": "Night",
    "type_shift": "SHIFT",
    "on_shift": true,
    "mins": 720,
    "callback_eligible": true,
    "cover_allowed": true,
    "notes": ""
  },
  {
    "ID": "be109366-78ec-4982-a437-86c175aeb86e",
    "date": "2025-07-23",
    "shift": "D Shift",
    "day": "Wednesday",
    "holidays": "-",
    "shift_type": "Night",
    "type_shift": "SHIFT",
    "on_shift": true,
    "mins": 720,
    "callback_eligible": true,
    "cover_allowed": true,
    "notes": ""
  },
  {
    "ID": "59beed8e-ab6b-4c55-acf0-783a92bc7b47",
    "date": "2025-07-28",
    "shift": "D Shift",
    "day": "Monday",
    "holidays": "-",
    "shift_type": "Day",
    "type_shift": "SHIFT",
    "on_shift": true,
    "mins": 720,
    "callback_eligible": true,
    "cover_allowed": true,
    "notes": ""
  },
  {
    "ID": "8fbb7904-2e2d-4e1b-b986-ce56349dbb5c",
    "date": "2025-07-29",
    "shift": "D Shift",
    "day": "Tuesday",
    "holidays": "-",
    "shift_type": "Day",
    "type_shift": "SHIFT",
    "on_shift": true,
    "mins": 720,
    "callback_eligible": true,
    "cover_allowed": true,
    "notes": ""
  },
  {
    "ID": "a559154b-8cb0-4015-aca7-e1dfb4990e39",
    "date": "2025-07-30",
    "shift": "D Shift",
    "day": "Wednesday",
    "holidays": "-",
    "shift_type": "Night",
    "type_shift": "SHIFT",
    "on_shift": true,
    "mins": 720,
    "callback_eligible": true,
    "cover_allowed": true,
    "notes": ""
  },
  {
    "ID": "6fd3f26a-abe0-46b9-b352-f1c637028d5b",
    "date": "2025-07-31",
    "shift": "D Shift",
    "day": "Thursday",
    "holidays": "-",
    "shift_type": "Night",
    "type_shift": "SHIFT",
    "on_shift": true,
    "mins": 720,
    "callback_eligible": true,
    "cover_allowed": true,
    "notes": ""
  },
  {
    "ID": "52a6cb59-e204-4e53-80d4-d7de304ce7ac",
    "date": "2025-08-05",
    "shift": "D Shift",
    "day": "Tuesday",
    "holidays": "-",
    "shift_type": "Day",
    "type_shift": "SHIFT",
    "on_shift": true,
    "mins": 720,
    "callback_eligible": true,
    "cover_allowed": true,
    "notes": ""
  },
  {
    "ID": "5154a4d3-6162-4ba8-ba2b-774e5f3402f9",
    "date": "2025-08-06",
    "shift": "D Shift",
    "day": "Wednesday",
    "holidays": "-",
    "shift_type": "Day",
    "type_shift": "SHIFT",
    "on_shift": true,
    "mins": 720,
    "callback_eligible": true,
    "cover_allowed": true,
    "notes": ""
  },
  {
    "ID": "413337b7-c138-491e-99de-e3f8a72496c8",
    "date": "2025-08-07",
    "shift": "D Shift",
    "day": "Thursday",
    "holidays": "-",
    "shift_type": "Night",
    "type_shift": "SHIFT",
    "on_shift": true,
    "mins": 720,
    "callback_eligible": true,
    "cover_allowed": true,
    "notes": ""
  },
  {
    "ID": "d572ad7e-6082-45d6-aa4d-017c58290c1d",
    "date": "2025-08-08",
    "shift": "D Shift",
    "day": "Friday",
    "holidays": "-",
    "shift_type": "Night",
    "type_shift": "SHIFT",
    "on_shift": true,
    "mins": 720,
    "callback_eligible": true,
    "cover_allowed": true,
    "notes": ""
  },
  {
    "ID": "0e0f08c8-75ca-4e4b-856b-e24ae5e9213b",
    "date": "2025-08-13",
    "shift": "D Shift",
    "day": "Wednesday",
    "holidays": "-",
    "shift_type": "Day",
    "type_shift": "SHIFT",
    "on_shift": true,
    "mins": 720,
    "callback_eligible": true,
    "cover_allowed": true,
    "notes": ""
  },
  {
    "ID": "f9e1d91f-4a8a-47ea-aaeb-c5ec2a907c21",
    "date": "2025-08-14",
    "shift": "D Shift",
    "day": "Thursday",
    "holidays": "-",
    "shift_type": "Day",
    "type_shift": "SHIFT",
    "on_shift": true,
    "mins": 720,
    "callback_eligible": true,
    "cover_allowed": true,
    "notes": ""
  },
  {
    "ID": "6363e4b3-a488-44bd-b9fc-0de95c95466f",
    "date": "2025-08-15",
    "shift": "D Shift",
    "day": "Friday",
    "holidays": "-",
    "shift_type": "Night",
    "type_shift": "SHIFT",
    "on_shift": true,
    "mins": 720,
    "callback_eligible": true,
    "cover_allowed": true,
    "notes": ""
  },
  {
    "ID": "880859ef-99c7-445e-893a-8ec34683ddef",
    "date": "2025-08-16",
    "shift": "D Shift",
    "day": "Saturday",
    "holidays": "-",
    "shift_type": "Night",
    "type_shift": "SHIFT",
    "on_shift": true,
    "mins": 720,
    "callback_eligible": true,
    "cover_allowed": true,
    "notes": ""
  },
  {
    "ID": "e851d081-e1dd-484e-b0a4-7b0d99af9dc9",
    "date": "2025-08-21",
    "shift": "D Shift",
    "day": "Thursday",
    "holidays": "-",
    "shift_type": "Day",
    "type_shift": "SHIFT",
    "on_shift": true,
    "mins": 720,
    "callback_eligible": true,
    "cover_allowed": true,
    "notes": ""
  },
  {
    "ID": "11a60d7b-086c-46b2-b4ba-0bff004e6743",
    "date": "2025-08-22",
    "shift": "D Shift",
    "day": "Friday",
    "holidays": "-",
    "shift_type": "Day",
    "type_shift": "SHIFT",
    "on_shift": true,
    "mins": 720,
    "callback_eligible": true,
    "cover_allowed": true,
    "notes": ""
  },
  {
    "ID": "44266ee9-3487-4ca0-bc4f-5252ee0aa1a6",
    "date": "2025-08-23",
    "shift": "D Shift",
    "day": "Saturday",
    "holidays": "-",
    "shift_type": "Night",
    "type_shift": "SHIFT",
    "on_shift": true,
    "mins": 720,
    "callback_eligible": true,
    "cover_allowed": true,
    "notes": ""
  },
  {
    "ID": "9f64b3bb-198e-4a14-984c-0b013b70ab9a",
    "date": "2025-08-24",
    "shift": "D Shift",
    "day": "Sunday",
    "holidays": "-",
    "shift_type": "Night",
    "type_shift": "SHIFT",
    "on_shift": true,
    "mins": 720,
    "callback_eligible": true,
    "cover_allowed": true,
    "notes": ""
  },
  {
    "ID": "4f044d8d-86bb-428b-b8a7-dcafcfa244ab",
    "date": "2025-08-29",
    "shift": "D Shift",
    "day": "Friday",
    "holidays": "-",
    "shift_type": "Day",
    "type_shift": "SHIFT",
    "on_shift": true,
    "mins": 720,
    "callback_eligible": true,
    "cover_allowed": true,
    "notes": ""
  },
  {
    "ID": "5123c228-a542-4f82-b1e1-188c78183168",
    "date": "2025-08-30",
    "shift": "D Shift",
    "day": "Saturday",
    "holidays": "-",
    "shift_type": "Day",
    "type_shift": "SHIFT",
    "on_shift": true,
    "mins": 720,
    "callback_eligible": true,
    "cover_allowed": true,
    "notes": ""
  },
  {
    "ID": "0848d1a4-0846-4df7-b416-2cb1e43dd6bc",
    "date": "2025-08-31",
    "shift": "D Shift",
    "day": "Sunday",
    "holidays": "-",
    "shift_type": "Night",
    "type_shift": "SHIFT",
    "on_shift": true,
    "mins": 720,
    "callback_eligible": true,
    "cover_allowed": true,
    "notes": ""
  },
  {
    "ID": "7a336f75-a6d8-47ab-8764-9ae89fb6d99e",
    "date": "2025-09-01",
    "shift": "D Shift",
    "day": "Monday",
    "holidays": "-",
    "shift_type": "Night",
    "type_shift": "SHIFT",
    "on_shift": true,
    "mins": 720,
    "callback_eligible": true,
    "cover_allowed": true,
    "notes": ""
  },
  {
    "ID": "212058f4-3b0b-4538-82f6-2c95a7995b57",
    "date": "2025-09-06",
    "shift": "D Shift",
    "day": "Saturday",
    "holidays": "-",
    "shift_type": "Day",
    "type_shift": "SHIFT",
    "on_shift": true,
    "mins": 720,
    "callback_eligible": true,
    "cover_allowed": true,
    "notes": ""
  },
  {
    "ID": "04c1db5c-9c40-4949-a31d-f04cfa6d9a48",
    "date": "2025-09-07",
    "shift": "D Shift",
    "day": "Sunday",
    "holidays": "-",
    "shift_type": "Day",
    "type_shift": "SHIFT",
    "on_shift": true,
    "mins": 720,
    "callback_eligible": true,
    "cover_allowed": true,
    "notes": ""
  },
  {
    "ID": "f52c211b-a3ca-4b47-a4c2-e3f607e97cea",
    "date": "2025-09-08",
    "shift": "D Shift",
    "day": "Monday",
    "holidays": "-",
    "shift_type": "Night",
    "type_shift": "SHIFT",
    "on_shift": true,
    "mins": 720,
    "callback_eligible": true,
    "cover_allowed": true,
    "notes": ""
  },
  {
    "ID": "5bf99b4e-3d92-450d-acc8-33788a54bf59",
    "date": "2025-09-09",
    "shift": "D Shift",
    "day": "Tuesday",
    "holidays": "-",
    "shift_type": "Night",
    "type_shift": "SHIFT",
    "on_shift": true,
    "mins": 720,
    "callback_eligible": true,
    "cover_allowed": true,
    "notes": ""
  },
  {
    "ID": "67b3eb9c-6342-4e1e-bbf2-aed35b2af9cd",
    "date": "2025-09-14",
    "shift": "D Shift",
    "day": "Sunday",
    "holidays": "-",
    "shift_type": "Day",
    "type_shift": "SHIFT",
    "on_shift": true,
    "mins": 720,
    "callback_eligible": true,
    "cover_allowed": true,
    "notes": ""
  },
  {
    "ID": "0a0a4c18-3b5e-494a-af07-50e487e895d3",
    "date": "2025-09-15",
    "shift": "D Shift",
    "day": "Monday",
    "holidays": "-",
    "shift_type": "Day",
    "type_shift": "SHIFT",
    "on_shift": true,
    "mins": 720,
    "callback_eligible": true,
    "cover_allowed": true,
    "notes": ""
  },
  {
    "ID": "ae77114a-45a4-42c2-9bc1-2a5729fc0afa",
    "date": "2025-09-16",
    "shift": "D Shift",
    "day": "Tuesday",
    "holidays": "-",
    "shift_type": "Night",
    "type_shift": "SHIFT",
    "on_shift": true,
    "mins": 720,
    "callback_eligible": true,
    "cover_allowed": true,
    "notes": ""
  },
  {
    "ID": "1b2830ed-e4ac-42c7-9597-918f3a8c1121",
    "date": "2025-09-17",
    "shift": "D Shift",
    "day": "Wednesday",
    "holidays": "-",
    "shift_type": "Night",
    "type_shift": "SHIFT",
    "on_shift": true,
    "mins": 720,
    "callback_eligible": true,
    "cover_allowed": true,
    "notes": ""
  },
  {
    "ID": "114683f6-1ced-4e9c-92b8-8cd326de9116",
    "date": "2025-09-22",
    "shift": "D Shift",
    "day": "Monday",
    "holidays": "-",
    "shift_type": "Day",
    "type_shift": "SHIFT",
    "on_shift": true,
    "mins": 720,
    "callback_eligible": true,
    "cover_allowed": true,
    "notes": ""
  },
  {
    "ID": "df6d1287-9860-4a34-b824-7afedb7cbb46",
    "date": "2025-09-23",
    "shift": "D Shift",
    "day": "Tuesday",
    "holidays": "-",
    "shift_type": "Day",
    "type_shift": "SHIFT",
    "on_shift": true,
    "mins": 720,
    "callback_eligible": true,
    "cover_allowed": true,
    "notes": ""
  },
  {
    "ID": "bf93906a-f493-4a63-9637-81341094c86f",
    "date": "2025-09-24",
    "shift": "D Shift",
    "day": "Wednesday",
    "holidays": "-",
    "shift_type": "Night",
    "type_shift": "SHIFT",
    "on_shift": true,
    "mins": 720,
    "callback_eligible": true,
    "cover_allowed": true,
    "notes": ""
  },
  {
    "ID": "ccf4d133-7db0-4b2f-8c55-22710ed16344",
    "date": "2025-09-25",
    "shift": "D Shift",
    "day": "Thursday",
    "holidays": "-",
    "shift_type": "Night",
    "type_shift": "SHIFT",
    "on_shift": true,
    "mins": 720,
    "callback_eligible": true,
    "cover_allowed": true,
    "notes": ""
  },
  {
    "ID": "b0513007-1cd7-4698-baa1-c0560dd13123",
    "date": "2025-09-30",
    "shift": "D Shift",
    "day": "Tuesday",
    "holidays": "-",
    "shift_type": "Day",
    "type_shift": "SHIFT",
    "on_shift": true,
    "mins": 720,
    "callback_eligible": true,
    "cover_allowed": true,
    "notes": ""
  },
  {
    "ID": "d9ae0481-ddd6-49d5-83c2-a7e5cdb48a49",
    "date": "2025-10-01",
    "shift": "D Shift",
    "day": "Wednesday",
    "holidays": "-",
    "shift_type": "Day",
    "type_shift": "SHIFT",
    "on_shift": true,
    "mins": 720,
    "callback_eligible": true,
    "cover_allowed": true,
    "notes": ""
  },
  {
    "ID": "a6366e8e-f0ee-4a2a-bb62-93bf72952485",
    "date": "2025-10-02",
    "shift": "D Shift",
    "day": "Thursday",
    "holidays": "-",
    "shift_type": "Night",
    "type_shift": "SHIFT",
    "on_shift": true,
    "mins": 720,
    "callback_eligible": true,
    "cover_allowed": true,
    "notes": ""
  },
  {
    "ID": "4f22cad1-aed1-41d0-8041-7e78953ba713",
    "date": "2025-10-03",
    "shift": "D Shift",
    "day": "Friday",
    "holidays": "-",
    "shift_type": "Night",
    "type_shift": "SHIFT",
    "on_shift": true,
    "mins": 720,
    "callback_eligible": true,
    "cover_allowed": true,
    "notes": ""
  },
  {
    "ID": "72a25f53-9746-470d-a3f4-6d70b7f6f9e6",
    "date": "2025-10-08",
    "shift": "D Shift",
    "day": "Wednesday",
    "holidays": "-",
    "shift_type": "Day",
    "type_shift": "SHIFT",
    "on_shift": true,
    "mins": 720,
    "callback_eligible": true,
    "cover_allowed": true,
    "notes": ""
  },
  {
    "ID": "ef97ed78-c83d-4105-8dce-1c33f1a1c5f7",
    "date": "2025-10-09",
    "shift": "D Shift",
    "day": "Thursday",
    "holidays": "-",
    "shift_type": "Day",
    "type_shift": "SHIFT",
    "on_shift": true,
    "mins": 720,
    "callback_eligible": true,
    "cover_allowed": true,
    "notes": ""
  },
  {
    "ID": "ccbb40c4-e7f1-4bbb-922c-fed9186310d5",
    "date": "2025-10-10",
    "shift": "D Shift",
    "day": "Friday",
    "holidays": "-",
    "shift_type": "Night",
    "type_shift": "SHIFT",
    "on_shift": true,
    "mins": 720,
    "callback_eligible": true,
    "cover_allowed": true,
    "notes": ""
  },
  {
    "ID": "dcca060f-56f6-45fe-afd6-6dff158472db",
    "date": "2025-10-11",
    "shift": "D Shift",
    "day": "Saturday",
    "holidays": "-",
    "shift_type": "Night",
    "type_shift": "SHIFT",
    "on_shift": true,
    "mins": 720,
    "callback_eligible": true,
    "cover_allowed": true,
    "notes": ""
  },
  {
    "ID": "ceeeb24a-a6c2-4139-88ff-ef68293bcb83",
    "date": "2025-10-16",
    "shift": "D Shift",
    "day": "Thursday",
    "holidays": "-",
    "shift_type": "Day",
    "type_shift": "SHIFT",
    "on_shift": true,
    "mins": 720,
    "callback_eligible": true,
    "cover_allowed": true,
    "notes": ""
  },
  {
    "ID": "bad9209a-803f-46d8-8023-d0f597f6cede",
    "date": "2025-10-17",
    "shift": "D Shift",
    "day": "Friday",
    "holidays": "-",
    "shift_type": "Day",
    "type_shift": "SHIFT",
    "on_shift": true,
    "mins": 720,
    "callback_eligible": true,
    "cover_allowed": true,
    "notes": ""
  },
  {
    "ID": "7d7988b2-ed2e-4d7d-837c-5620f6559fd7",
    "date": "2025-10-18",
    "shift": "D Shift",
    "day": "Saturday",
    "holidays": "-",
    "shift_type": "Night",
    "type_shift": "SHIFT",
    "on_shift": true,
    "mins": 720,
    "callback_eligible": true,
    "cover_allowed": true,
    "notes": ""
  },
  {
    "ID": "e31fc974-f151-4280-b1c5-6ea8d19ea952",
    "date": "2025-10-19",
    "shift": "D Shift",
    "day": "Sunday",
    "holidays": "-",
    "shift_type": "Night",
    "type_shift": "SHIFT",
    "on_shift": true,
    "mins": 720,
    "callback_eligible": true,
    "cover_allowed": true,
    "notes": ""
  },
  {
    "ID": "ebd059bf-ab00-4d19-b5b8-2c04daa20967",
    "date": "2025-10-24",
    "shift": "D Shift",
    "day": "Friday",
    "holidays": "-",
    "shift_type": "Day",
    "type_shift": "SHIFT",
    "on_shift": true,
    "mins": 720,
    "callback_eligible": true,
    "cover_allowed": true,
    "notes": ""
  },
  {
    "ID": "4b261f26-f738-41fc-a15e-618be709dce0",
    "date": "2025-10-25",
    "shift": "D Shift",
    "day": "Saturday",
    "holidays": "-",
    "shift_type": "Day",
    "type_shift": "SHIFT",
    "on_shift": true,
    "mins": 720,
    "callback_eligible": true,
    "cover_allowed": true,
    "notes": ""
  },
  {
    "ID": "33f5f6cf-9d1b-415e-9fc7-d2b6c4d971cd",
    "date": "2025-10-26",
    "shift": "D Shift",
    "day": "Sunday",
    "holidays": "-",
    "shift_type": "Night",
    "type_shift": "SHIFT",
    "on_shift": true,
    "mins": 720,
    "callback_eligible": true,
    "cover_allowed": true,
    "notes": ""
  },
  {
    "ID": "72d4c29b-ab12-451d-978c-74a083518ee1",
    "date": "2025-10-27",
    "shift": "D Shift",
    "day": "Monday",
    "holidays": "Labour Day",
    "shift_type": "Night",
    "type_shift": "SHIFT",
    "on_shift": true,
    "mins": 720,
    "callback_eligible": true,
    "cover_allowed": true,
    "notes": ""
  },
  {
    "ID": "8e3ab2aa-df5d-4a55-aac2-86b22b4a6663",
    "date": "2025-11-01",
    "shift": "D Shift",
    "day": "Saturday",
    "holidays": "-",
    "shift_type": "Day",
    "type_shift": "SHIFT",
    "on_shift": true,
    "mins": 720,
    "callback_eligible": true,
    "cover_allowed": true,
    "notes": ""
  },
  {
    "ID": "ca2d3c43-cba2-42bd-b4ac-f3ed8ada0331",
    "date": "2025-11-02",
    "shift": "D Shift",
    "day": "Sunday",
    "holidays": "-",
    "shift_type": "Day",
    "type_shift": "SHIFT",
    "on_shift": true,
    "mins": 720,
    "callback_eligible": true,
    "cover_allowed": true,
    "notes": ""
  },
  {
    "ID": "1a288cd4-12f4-4591-bf08-7b15ca9cc7fd",
    "date": "2025-11-03",
    "shift": "D Shift",
    "day": "Monday",
    "holidays": "-",
    "shift_type": "Night",
    "type_shift": "SHIFT",
    "on_shift": true,
    "mins": 720,
    "callback_eligible": true,
    "cover_allowed": true,
    "notes": ""
  },
  {
    "ID": "f4123117-36cb-46d0-88b0-60fd97826d3e",
    "date": "2025-11-04",
    "shift": "D Shift",
    "day": "Tuesday",
    "holidays": "-",
    "shift_type": "Night",
    "type_shift": "SHIFT",
    "on_shift": true,
    "mins": 720,
    "callback_eligible": true,
    "cover_allowed": true,
    "notes": ""
  },
  {
    "ID": "15770e5b-000a-4583-ae2f-aa5f4dd17ce7",
    "date": "2025-11-09",
    "shift": "D Shift",
    "day": "Sunday",
    "holidays": "-",
    "shift_type": "Day",
    "type_shift": "SHIFT",
    "on_shift": true,
    "mins": 720,
    "callback_eligible": true,
    "cover_allowed": true,
    "notes": ""
  },
  {
    "ID": "cfbdd41d-06b7-4e20-a1f2-40fdf9709968",
    "date": "2025-11-10",
    "shift": "D Shift",
    "day": "Monday",
    "holidays": "-",
    "shift_type": "Day",
    "type_shift": "SHIFT",
    "on_shift": true,
    "mins": 720,
    "callback_eligible": true,
    "cover_allowed": true,
    "notes": ""
  },
  {
    "ID": "cafe8c34-b1aa-4539-bf4e-ff6c9c297649",
    "date": "2025-11-11",
    "shift": "D Shift",
    "day": "Tuesday",
    "holidays": "-",
    "shift_type": "Night",
    "type_shift": "SHIFT",
    "on_shift": true,
    "mins": 720,
    "callback_eligible": true,
    "cover_allowed": true,
    "notes": ""
  },
  {
    "ID": "e149d871-f07b-4ce5-9a37-78645f9034a6",
    "date": "2025-11-12",
    "shift": "D Shift",
    "day": "Wednesday",
    "holidays": "-",
    "shift_type": "Night",
    "type_shift": "SHIFT",
    "on_shift": true,
    "mins": 720,
    "callback_eligible": true,
    "cover_allowed": true,
    "notes": ""
  },
  {
    "ID": "561cad97-fda6-40fb-83df-392e2204bef8",
    "date": "2025-11-17",
    "shift": "D Shift",
    "day": "Monday",
    "holidays": "-",
    "shift_type": "Day",
    "type_shift": "SHIFT",
    "on_shift": true,
    "mins": 720,
    "callback_eligible": true,
    "cover_allowed": true,
    "notes": ""
  },
  {
    "ID": "fdb6b528-abd1-481e-8e90-0e31efee447b",
    "date": "2025-11-18",
    "shift": "D Shift",
    "day": "Tuesday",
    "holidays": "-",
    "shift_type": "Day",
    "type_shift": "SHIFT",
    "on_shift": true,
    "mins": 720,
    "callback_eligible": true,
    "cover_allowed": true,
    "notes": ""
  },
  {
    "ID": "1ee5138e-676d-4974-97a4-f143e5a73fe5",
    "date": "2025-11-19",
    "shift": "D Shift",
    "day": "Wednesday",
    "holidays": "-",
    "shift_type": "Night",
    "type_shift": "SHIFT",
    "on_shift": true,
    "mins": 720,
    "callback_eligible": true,
    "cover_allowed": true,
    "notes": ""
  },
  {
    "ID": "5419a6a3-2f9e-4679-b729-a115542f75d3",
    "date": "2025-11-20",
    "shift": "D Shift",
    "day": "Thursday",
    "holidays": "-",
    "shift_type": "Night",
    "type_shift": "SHIFT",
    "on_shift": true,
    "mins": 720,
    "callback_eligible": true,
    "cover_allowed": true,
    "notes": ""
  },
  {
    "ID": "504e8d93-37a0-41e2-9b1b-8decac698418",
    "date": "2025-11-25",
    "shift": "D Shift",
    "day": "Tuesday",
    "holidays": "-",
    "shift_type": "Day",
    "type_shift": "SHIFT",
    "on_shift": true,
    "mins": 720,
    "callback_eligible": true,
    "cover_allowed": true,
    "notes": ""
  },
  {
    "ID": "5d1da43a-a03e-4071-99be-1266b58720b1",
    "date": "2025-11-26",
    "shift": "D Shift",
    "day": "Wednesday",
    "holidays": "-",
    "shift_type": "Day",
    "type_shift": "SHIFT",
    "on_shift": true,
    "mins": 720,
    "callback_eligible": true,
    "cover_allowed": true,
    "notes": ""
  },
  {
    "ID": "61c3b44f-3538-400e-ae8a-ecfc9df9e702",
    "date": "2025-11-27",
    "shift": "D Shift",
    "day": "Thursday",
    "holidays": "-",
    "shift_type": "Night",
    "type_shift": "SHIFT",
    "on_shift": true,
    "mins": 720,
    "callback_eligible": true,
    "cover_allowed": true,
    "notes": ""
  },
  {
    "ID": "1181ce74-981a-4280-ab79-0456286db38d",
    "date": "2025-11-28",
    "shift": "D Shift",
    "day": "Friday",
    "holidays": "-",
    "shift_type": "Night",
    "type_shift": "SHIFT",
    "on_shift": true,
    "mins": 720,
    "callback_eligible": true,
    "cover_allowed": true,
    "notes": ""
  },
  {
    "ID": "5a779b8f-756f-45fe-b9ae-a7366218612f",
    "date": "2025-12-03",
    "shift": "D Shift",
    "day": "Wednesday",
    "holidays": "-",
    "shift_type": "Day",
    "type_shift": "SHIFT",
    "on_shift": true,
    "mins": 720,
    "callback_eligible": true,
    "cover_allowed": true,
    "notes": ""
  },
  {
    "ID": "56beac9a-7e07-4988-a066-e1ea49988d7a",
    "date": "2025-12-04",
    "shift": "D Shift",
    "day": "Thursday",
    "holidays": "-",
    "shift_type": "Day",
    "type_shift": "SHIFT",
    "on_shift": true,
    "mins": 720,
    "callback_eligible": true,
    "cover_allowed": true,
    "notes": ""
  },
  {
    "ID": "f67bd941-dea6-4bbe-ad2f-317f15cb23f1",
    "date": "2025-12-05",
    "shift": "D Shift",
    "day": "Friday",
    "holidays": "-",
    "shift_type": "Night",
    "type_shift": "SHIFT",
    "on_shift": true,
    "mins": 720,
    "callback_eligible": true,
    "cover_allowed": true,
    "notes": ""
  },
  {
    "ID": "7dd5d0d3-a4ff-480e-991d-73d24b2b02af",
    "date": "2025-12-06",
    "shift": "D Shift",
    "day": "Saturday",
    "holidays": "-",
    "shift_type": "Night",
    "type_shift": "SHIFT",
    "on_shift": true,
    "mins": 720,
    "callback_eligible": true,
    "cover_allowed": true,
    "notes": ""
  },
  {
    "ID": "a9133c50-0616-480f-9b9a-6c1eb512d0cb",
    "date": "2025-12-11",
    "shift": "D Shift",
    "day": "Thursday",
    "holidays": "-",
    "shift_type": "Day",
    "type_shift": "SHIFT",
    "on_shift": true,
    "mins": 720,
    "callback_eligible": true,
    "cover_allowed": true,
    "notes": ""
  },
  {
    "ID": "aa2afc95-ac49-4193-bf31-d161d53facc2",
    "date": "2025-12-12",
    "shift": "D Shift",
    "day": "Friday",
    "holidays": "-",
    "shift_type": "Day",
    "type_shift": "SHIFT",
    "on_shift": true,
    "mins": 720,
    "callback_eligible": true,
    "cover_allowed": true,
    "notes": ""
  },
  {
    "ID": "7646aa5a-a8ed-4091-ab74-ac74ed3b82bc",
    "date": "2025-12-13",
    "shift": "D Shift",
    "day": "Saturday",
    "holidays": "-",
    "shift_type": "Night",
    "type_shift": "SHIFT",
    "on_shift": true,
    "mins": 720,
    "callback_eligible": true,
    "cover_allowed": true,
    "notes": ""
  },
  {
    "ID": "3d5c1989-2a9c-4202-a7b8-6d781f1c381c",
    "date": "2025-12-14",
    "shift": "D Shift",
    "day": "Sunday",
    "holidays": "-",
    "shift_type": "Night",
    "type_shift": "SHIFT",
    "on_shift": true,
    "mins": 720,
    "callback_eligible": true,
    "cover_allowed": true,
    "notes": ""
  },
  {
    "ID": "0de0bb3b-891d-4681-8f76-f2bf1d080df6",
    "date": "2025-12-19",
    "shift": "D Shift",
    "day": "Friday",
    "holidays": "-",
    "shift_type": "Day",
    "type_shift": "SHIFT",
    "on_shift": true,
    "mins": 720,
    "callback_eligible": true,
    "cover_allowed": true,
    "notes": ""
  },
  {
    "ID": "4c6373be-9cbb-4ca1-8e44-bc97f1d14c70",
    "date": "2025-12-20",
    "shift": "D Shift",
    "day": "Saturday",
    "holidays": "-",
    "shift_type": "Day",
    "type_shift": "SHIFT",
    "on_shift": true,
    "mins": 720,
    "callback_eligible": true,
    "cover_allowed": true,
    "notes": ""
  },
  {
    "ID": "5e6e3726-ce6c-4835-88cc-779df06fbfad",
    "date": "2025-12-21",
    "shift": "D Shift",
    "day": "Sunday",
    "holidays": "-",
    "shift_type": "Night",
    "type_shift": "SHIFT",
    "on_shift": true,
    "mins": 720,
    "callback_eligible": true,
    "cover_allowed": true,
    "notes": ""
  },
  {
    "ID": "948edef3-ae12-43ce-a30d-cf07ad7c1e16",
    "date": "2025-12-22",
    "shift": "D Shift",
    "day": "Monday",
    "holidays": "-",
    "shift_type": "Night",
    "type_shift": "SHIFT",
    "on_shift": true,
    "mins": 720,
    "callback_eligible": true,
    "cover_allowed": true,
    "notes": ""
  },
  {
    "ID": "0c6a2d97-38cc-468c-abb9-5aeee6a9319f",
    "date": "2025-12-27",
    "shift": "D Shift",
    "day": "Saturday",
    "holidays": "-",
    "shift_type": "Day",
    "type_shift": "SHIFT",
    "on_shift": true,
    "mins": 720,
    "callback_eligible": true,
    "cover_allowed": true,
    "notes": ""
  },
  {
    "ID": "278133cc-b546-4288-aa41-1ab96461cc79",
    "date": "2025-12-28",
    "shift": "D Shift",
    "day": "Sunday",
    "holidays": "-",
    "shift_type": "Day",
    "type_shift": "SHIFT",
    "on_shift": true,
    "mins": 720,
    "callback_eligible": true,
    "cover_allowed": true,
    "notes": ""
  },
  {
    "ID": "e23f3dad-d5ad-46fd-b1a0-e38407ade2a5",
    "date": "2025-12-29",
    "shift": "D Shift",
    "day": "Monday",
    "holidays": "-",
    "shift_type": "Night",
    "type_shift": "SHIFT",
    "on_shift": true,
    "mins": 720,
    "callback_eligible": true,
    "cover_allowed": true,
    "notes": ""
  },
  {
    "ID": "65c96908-a08a-4f0f-88ca-74ea4c2f3274",
    "date": "2025-12-30",
    "shift": "D Shift",
    "day": "Tuesday",
    "holidays": "-",
    "shift_type": "Night",
    "type_shift": "SHIFT",
    "on_shift": true,
    "mins": 720,
    "callback_eligible": true,
    "cover_allowed": true,
    "notes": ""
  },
  {
    "ID": "73273ca1-2686-4fd4-9e99-0fdb647f3b8f",
    "date": "2026-01-04",
    "shift": "D Shift",
    "day": "Sunday",
    "holidays": "-",
    "shift_type": "Day",
    "type_shift": "SHIFT",
    "on_shift": true,
    "mins": 720,
    "callback_eligible": true,
    "cover_allowed": true,
    "notes": ""
  },
  {
    "ID": "2bdf88d9-6b3c-4c00-a8d6-7ae19f79d09c",
    "date": "2026-01-05",
    "shift": "D Shift",
    "day": "Monday",
    "holidays": "-",
    "shift_type": "Day",
    "type_shift": "SHIFT",
    "on_shift": true,
    "mins": 720,
    "callback_eligible": true,
    "cover_allowed": true,
    "notes": ""
  },
  {
    "ID": "f1ba130c-6579-442b-b94d-31cd9ca2f7da",
    "date": "2026-01-06",
    "shift": "D Shift",
    "day": "Tuesday",
    "holidays": "-",
    "shift_type": "Night",
    "type_shift": "SHIFT",
    "on_shift": true,
    "mins": 720,
    "callback_eligible": true,
    "cover_allowed": true,
    "notes": ""
  },
  {
    "ID": "eac38e17-a318-413e-9680-efd0bc09131a",
    "date": "2026-01-07",
    "shift": "D Shift",
    "day": "Wednesday",
    "holidays": "-",
    "shift_type": "Night",
    "type_shift": "SHIFT",
    "on_shift": true,
    "mins": 720,
    "callback_eligible": true,
    "cover_allowed": true,
    "notes": ""
  },
  {
    "ID": "bc16ffed-622e-4928-8c51-bd5e9192443d",
    "date": "2026-01-12",
    "shift": "D Shift",
    "day": "Monday",
    "holidays": "-",
    "shift_type": "Day",
    "type_shift": "SHIFT",
    "on_shift": true,
    "mins": 720,
    "callback_eligible": true,
    "cover_allowed": true,
    "notes": ""
  },
  {
    "ID": "dd558c6a-4695-4fcf-b28f-8201b5d7eee8",
    "date": "2026-01-13",
    "shift": "D Shift",
    "day": "Tuesday",
    "holidays": "-",
    "shift_type": "Day",
    "type_shift": "SHIFT",
    "on_shift": true,
    "mins": 720,
    "callback_eligible": true,
    "cover_allowed": true,
    "notes": ""
  },
  {
    "ID": "5eda71ea-4404-40bc-9f70-6724a06766b9",
    "date": "2026-01-14",
    "shift": "D Shift",
    "day": "Wednesday",
    "holidays": "-",
    "shift_type": "Night",
    "type_shift": "SHIFT",
    "on_shift": true,
    "mins": 720,
    "callback_eligible": true,
    "cover_allowed": true,
    "notes": ""
  },
  {
    "ID": "5b78957d-e5f8-4e01-bdb9-8c11b64e7569",
    "date": "2026-01-15",
    "shift": "D Shift",
    "day": "Thursday",
    "holidays": "-",
    "shift_type": "Night",
    "type_shift": "SHIFT",
    "on_shift": true,
    "mins": 720,
    "callback_eligible": true,
    "cover_allowed": true,
    "notes": ""
  },
  {
    "ID": "ba3fa94b-01d4-4bd6-8507-147cc7a068d3",
    "date": "2026-01-20",
    "shift": "D Shift",
    "day": "Tuesday",
    "holidays": "-",
    "shift_type": "Day",
    "type_shift": "SHIFT",
    "on_shift": true,
    "mins": 720,
    "callback_eligible": true,
    "cover_allowed": true,
    "notes": ""
  },
  {
    "ID": "e0c1cbe2-2f1f-4812-b89d-f827dc02676d",
    "date": "2026-01-21",
    "shift": "D Shift",
    "day": "Wednesday",
    "holidays": "-",
    "shift_type": "Day",
    "type_shift": "SHIFT",
    "on_shift": true,
    "mins": 720,
    "callback_eligible": true,
    "cover_allowed": true,
    "notes": ""
  },
  {
    "ID": "a47db4cc-7b53-45d8-9578-2ce5adf58db6",
    "date": "2026-01-22",
    "shift": "D Shift",
    "day": "Thursday",
    "holidays": "-",
    "shift_type": "Night",
    "type_shift": "SHIFT",
    "on_shift": true,
    "mins": 720,
    "callback_eligible": true,
    "cover_allowed": true,
    "notes": ""
  },
  {
    "ID": "bb1ebb31-2475-473d-aebb-a3ed863caedc",
    "date": "2026-01-23",
    "shift": "D Shift",
    "day": "Friday",
    "holidays": "-",
    "shift_type": "Night",
    "type_shift": "SHIFT",
    "on_shift": true,
    "mins": 720,
    "callback_eligible": true,
    "cover_allowed": true,
    "notes": ""
  },
  {
    "ID": "56f06d21-9e70-4997-b2cb-8a8d6ca5cf90",
    "date": "2026-01-28",
    "shift": "D Shift",
    "day": "Wednesday",
    "holidays": "-",
    "shift_type": "Day",
    "type_shift": "SHIFT",
    "on_shift": true,
    "mins": 720,
    "callback_eligible": true,
    "cover_allowed": true,
    "notes": ""
  },
  {
    "ID": "47ddd314-954e-45c2-b4d9-4623b9771771",
    "date": "2026-01-29",
    "shift": "D Shift",
    "day": "Thursday",
    "holidays": "-",
    "shift_type": "Day",
    "type_shift": "SHIFT",
    "on_shift": true,
    "mins": 720,
    "callback_eligible": true,
    "cover_allowed": true,
    "notes": ""
  },
  {
    "ID": "45d50466-ea86-460e-8286-dfefd7d282ac",
    "date": "2026-01-30",
    "shift": "D Shift",
    "day": "Friday",
    "holidays": "-",
    "shift_type": "Night",
    "type_shift": "SHIFT",
    "on_shift": true,
    "mins": 720,
    "callback_eligible": true,
    "cover_allowed": true,
    "notes": ""
  },
  {
    "ID": "d9242189-0b6e-4fb5-9d49-ddd6124867ba",
    "date": "2026-01-31",
    "shift": "D Shift",
    "day": "Saturday",
    "holidays": "-",
    "shift_type": "Night",
    "type_shift": "SHIFT",
    "on_shift": true,
    "mins": 720,
    "callback_eligible": true,
    "cover_allowed": true,
    "notes": ""
  },
  {
    "ID": "47dd84f0-93f0-49a4-92c6-4b101a0cfdef",
    "date": "2026-02-05",
    "shift": "D Shift",
    "day": "Thursday",
    "holidays": "-",
    "shift_type": "Day",
    "type_shift": "SHIFT",
    "on_shift": true,
    "mins": 720,
    "callback_eligible": true,
    "cover_allowed": true,
    "notes": ""
  },
  {
    "ID": "18152883-6910-4d2f-a51c-a3371843dc2b",
    "date": "2026-02-06",
    "shift": "D Shift",
    "day": "Friday",
    "holidays": "Waitangi Day",
    "shift_type": "Day",
    "type_shift": "SHIFT",
    "on_shift": true,
    "mins": 720,
    "callback_eligible": true,
    "cover_allowed": true,
    "notes": ""
  },
  {
    "ID": "6c3e184c-d3de-4b8c-96e1-4a9a945ea9f7",
    "date": "2026-02-07",
    "shift": "D Shift",
    "day": "Saturday",
    "holidays": "-",
    "shift_type": "Night",
    "type_shift": "SHIFT",
    "on_shift": true,
    "mins": 720,
    "callback_eligible": true,
    "cover_allowed": true,
    "notes": ""
  },
  {
    "ID": "57a69fc3-b423-4821-a709-577ff119c0a2",
    "date": "2026-02-08",
    "shift": "D Shift",
    "day": "Sunday",
    "holidays": "-",
    "shift_type": "Night",
    "type_shift": "SHIFT",
    "on_shift": true,
    "mins": 720,
    "callback_eligible": true,
    "cover_allowed": true,
    "notes": ""
  },
  {
    "ID": "28bdddd0-a568-4570-9766-624e146ab048",
    "date": "2026-02-13",
    "shift": "D Shift",
    "day": "Friday",
    "holidays": "-",
    "shift_type": "Day",
    "type_shift": "SHIFT",
    "on_shift": true,
    "mins": 720,
    "callback_eligible": true,
    "cover_allowed": true,
    "notes": ""
  },
  {
    "ID": "ea05e63d-0960-452b-9494-ac1f3b3ff131",
    "date": "2026-02-14",
    "shift": "D Shift",
    "day": "Saturday",
    "holidays": "-",
    "shift_type": "Day",
    "type_shift": "SHIFT",
    "on_shift": true,
    "mins": 720,
    "callback_eligible": true,
    "cover_allowed": true,
    "notes": ""
  },
  {
    "ID": "93865442-93bd-4732-82e9-f1b2c4bd5c3a",
    "date": "2026-02-15",
    "shift": "D Shift",
    "day": "Sunday",
    "holidays": "-",
    "shift_type": "Night",
    "type_shift": "SHIFT",
    "on_shift": true,
    "mins": 720,
    "callback_eligible": true,
    "cover_allowed": true,
    "notes": ""
  },
  {
    "ID": "c88f62b2-f925-4c5e-a5b4-68d94291595f",
    "date": "2026-02-16",
    "shift": "D Shift",
    "day": "Monday",
    "holidays": "-",
    "shift_type": "Night",
    "type_shift": "SHIFT",
    "on_shift": true,
    "mins": 720,
    "callback_eligible": true,
    "cover_allowed": true,
    "notes": ""
  },
  {
    "ID": "c9da4823-8497-43f4-ae3a-26bbc985548b",
    "date": "2026-02-21",
    "shift": "D Shift",
    "day": "Saturday",
    "holidays": "-",
    "shift_type": "Day",
    "type_shift": "SHIFT",
    "on_shift": true,
    "mins": 720,
    "callback_eligible": true,
    "cover_allowed": true,
    "notes": ""
  },
  {
    "ID": "3ae1e061-0cdb-4758-91a0-d9e5d63c9a19",
    "date": "2026-02-22",
    "shift": "D Shift",
    "day": "Sunday",
    "holidays": "-",
    "shift_type": "Day",
    "type_shift": "SHIFT",
    "on_shift": true,
    "mins": 720,
    "callback_eligible": true,
    "cover_allowed": true,
    "notes": ""
  },
  {
    "ID": "5168d089-2860-408b-9816-35f0e7b65446",
    "date": "2026-02-23",
    "shift": "D Shift",
    "day": "Monday",
    "holidays": "-",
    "shift_type": "Night",
    "type_shift": "SHIFT",
    "on_shift": true,
    "mins": 720,
    "callback_eligible": true,
    "cover_allowed": true,
    "notes": ""
  },
  {
    "ID": "a43039c0-d011-4750-b264-8b89708a2be5",
    "date": "2026-02-24",
    "shift": "D Shift",
    "day": "Tuesday",
    "holidays": "-",
    "shift_type": "Night",
    "type_shift": "SHIFT",
    "on_shift": true,
    "mins": 720,
    "callback_eligible": true,
    "cover_allowed": true,
    "notes": ""
  },
  {
    "ID": "c70c2406-9f0c-4aa8-9dac-45534e2ed915",
    "date": "2026-03-01",
    "shift": "D Shift",
    "day": "Sunday",
    "holidays": "-",
    "shift_type": "Day",
    "type_shift": "SHIFT",
    "on_shift": true,
    "mins": 720,
    "callback_eligible": true,
    "cover_allowed": true,
    "notes": ""
  },
  {
    "ID": "03e992e4-2b57-4770-b6bb-8c81bd18b125",
    "date": "2026-03-02",
    "shift": "D Shift",
    "day": "Monday",
    "holidays": "-",
    "shift_type": "Day",
    "type_shift": "SHIFT",
    "on_shift": true,
    "mins": 720,
    "callback_eligible": true,
    "cover_allowed": true,
    "notes": ""
  },
  {
    "ID": "2e35b4a1-8ce8-4e51-882e-c00d438ea2d7",
    "date": "2026-03-03",
    "shift": "D Shift",
    "day": "Tuesday",
    "holidays": "-",
    "shift_type": "Night",
    "type_shift": "SHIFT",
    "on_shift": true,
    "mins": 720,
    "callback_eligible": true,
    "cover_allowed": true,
    "notes": ""
  },
  {
    "ID": "bf412d43-335b-44aa-8c84-36379edb741f",
    "date": "2026-03-04",
    "shift": "D Shift",
    "day": "Wednesday",
    "holidays": "-",
    "shift_type": "Night",
    "type_shift": "SHIFT",
    "on_shift": true,
    "mins": 720,
    "callback_eligible": true,
    "cover_allowed": true,
    "notes": ""
  },
  {
    "ID": "0ada4ae2-d045-419e-b78f-d1a53c96a796",
    "date": "2026-03-09",
    "shift": "D Shift",
    "day": "Monday",
    "holidays": "Taranaki Anniversary Day",
    "shift_type": "Day",
    "type_shift": "SHIFT",
    "on_shift": true,
    "mins": 720,
    "callback_eligible": true,
    "cover_allowed": true,
    "notes": ""
  },
  {
    "ID": "ae4c173a-cc3b-4a3f-90a9-0ba835719989",
    "date": "2026-03-10",
    "shift": "D Shift",
    "day": "Tuesday",
    "holidays": "-",
    "shift_type": "Day",
    "type_shift": "SHIFT",
    "on_shift": true,
    "mins": 720,
    "callback_eligible": true,
    "cover_allowed": true,
    "notes": ""
  },
  {
    "ID": "f09feee3-ba96-4f29-91b7-0eb02e389fdd",
    "date": "2026-03-11",
    "shift": "D Shift",
    "day": "Wednesday",
    "holidays": "-",
    "shift_type": "Night",
    "type_shift": "SHIFT",
    "on_shift": true,
    "mins": 720,
    "callback_eligible": true,
    "cover_allowed": true,
    "notes": ""
  },
  {
    "ID": "01875288-f83b-422c-8af8-cddff29707d8",
    "date": "2026-03-12",
    "shift": "D Shift",
    "day": "Thursday",
    "holidays": "-",
    "shift_type": "Night",
    "type_shift": "SHIFT",
    "on_shift": true,
    "mins": 720,
    "callback_eligible": true,
    "cover_allowed": true,
    "notes": ""
  },
  {
    "ID": "74a311a7-fa8c-4230-ba47-26541a595711",
    "date": "2026-03-17",
    "shift": "D Shift",
    "day": "Tuesday",
    "holidays": "-",
    "shift_type": "Day",
    "type_shift": "SHIFT",
    "on_shift": true,
    "mins": 720,
    "callback_eligible": true,
    "cover_allowed": true,
    "notes": ""
  },
  {
    "ID": "3c2bbec1-2792-40bc-b4b4-d8a942aa90a6",
    "date": "2026-03-18",
    "shift": "D Shift",
    "day": "Wednesday",
    "holidays": "-",
    "shift_type": "Day",
    "type_shift": "SHIFT",
    "on_shift": true,
    "mins": 720,
    "callback_eligible": true,
    "cover_allowed": true,
    "notes": ""
  },
  {
    "ID": "84afd15b-1f0a-48b6-a481-6cba75312144",
    "date": "2026-03-19",
    "shift": "D Shift",
    "day": "Thursday",
    "holidays": "-",
    "shift_type": "Night",
    "type_shift": "SHIFT",
    "on_shift": true,
    "mins": 720,
    "callback_eligible": true,
    "cover_allowed": true,
    "notes": ""
  },
  {
    "ID": "ca78bb7e-a012-4a71-a1af-bb2acc50cc5d",
    "date": "2026-03-20",
    "shift": "D Shift",
    "day": "Friday",
    "holidays": "-",
    "shift_type": "Night",
    "type_shift": "SHIFT",
    "on_shift": true,
    "mins": 720,
    "callback_eligible": true,
    "cover_allowed": true,
    "notes": ""
  },
  {
    "ID": "cbbc90d7-13ce-4a65-894b-bf58ef39c2c5",
    "date": "2026-03-25",
    "shift": "D Shift",
    "day": "Wednesday",
    "holidays": "-",
    "shift_type": "Day",
    "type_shift": "SHIFT",
    "on_shift": true,
    "mins": 720,
    "callback_eligible": true,
    "cover_allowed": true,
    "notes": ""
  },
  {
    "ID": "d3917d25-1ab7-4783-9276-a9b376b1e4d3",
    "date": "2026-03-26",
    "shift": "D Shift",
    "day": "Thursday",
    "holidays": "-",
    "shift_type": "Day",
    "type_shift": "SHIFT",
    "on_shift": true,
    "mins": 720,
    "callback_eligible": true,
    "cover_allowed": true,
    "notes": ""
  },
  {
    "ID": "bade78d6-1ebf-4f58-b3b1-726d5d47b3b1",
    "date": "2026-03-27",
    "shift": "D Shift",
    "day": "Friday",
    "holidays": "-",
    "shift_type": "Night",
    "type_shift": "SHIFT",
    "on_shift": true,
    "mins": 720,
    "callback_eligible": true,
    "cover_allowed": true,
    "notes": ""
  },
  {
    "ID": "df4eacd3-a6b8-4daa-925d-07a2a832e83c",
    "date": "2026-03-28",
    "shift": "D Shift",
    "day": "Saturday",
    "holidays": "-",
    "shift_type": "Night",
    "type_shift": "SHIFT",
    "on_shift": true,
    "mins": 720,
    "callback_eligible": true,
    "cover_allowed": true,
    "notes": ""
  },
  {
    "ID": "0b25b0fe-7762-4598-9197-03d538b3f08b",
    "date": "2026-04-02",
    "shift": "D Shift",
    "day": "Thursday",
    "holidays": "-",
    "shift_type": "Day",
    "type_shift": "SHIFT",
    "on_shift": true,
    "mins": 720,
    "callback_eligible": true,
    "cover_allowed": true,
    "notes": ""
  },
  {
    "ID": "a4ec0e7e-3755-4a4c-8b22-77915e53acc5",
    "date": "2026-04-03",
    "shift": "D Shift",
    "day": "Friday",
    "holidays": "Good Friday",
    "shift_type": "Day",
    "type_shift": "SHIFT",
    "on_shift": true,
    "mins": 720,
    "callback_eligible": true,
    "cover_allowed": true,
    "notes": ""
  },
  {
    "ID": "f2d71d34-dbe9-489a-ae79-83b05ee044cc",
    "date": "2026-04-04",
    "shift": "D Shift",
    "day": "Saturday",
    "holidays": "-",
    "shift_type": "Night",
    "type_shift": "SHIFT",
    "on_shift": true,
    "mins": 720,
    "callback_eligible": true,
    "cover_allowed": true,
    "notes": ""
  },
  {
    "ID": "08522543-a18c-4197-95ff-d4844451a46a",
    "date": "2026-04-05",
    "shift": "D Shift",
    "day": "Sunday",
    "holidays": "-",
    "shift_type": "Night",
    "type_shift": "SHIFT",
    "on_shift": true,
    "mins": 720,
    "callback_eligible": true,
    "cover_allowed": true,
    "notes": ""
  },
  {
    "ID": "83ca3ab6-aaf8-4c59-ba44-bdb23dce3f14",
    "date": "2026-04-10",
    "shift": "D Shift",
    "day": "Friday",
    "holidays": "-",
    "shift_type": "Day",
    "type_shift": "SHIFT",
    "on_shift": true,
    "mins": 720,
    "callback_eligible": true,
    "cover_allowed": true,
    "notes": ""
  },
  {
    "ID": "2902adcf-b994-4559-8785-ca5a6614ae60",
    "date": "2026-04-11",
    "shift": "D Shift",
    "day": "Saturday",
    "holidays": "-",
    "shift_type": "Day",
    "type_shift": "SHIFT",
    "on_shift": true,
    "mins": 720,
    "callback_eligible": true,
    "cover_allowed": true,
    "notes": ""
  },
  {
    "ID": "8223b6f4-6294-4717-9053-9b99ab160c43",
    "date": "2026-04-12",
    "shift": "D Shift",
    "day": "Sunday",
    "holidays": "-",
    "shift_type": "Night",
    "type_shift": "SHIFT",
    "on_shift": true,
    "mins": 720,
    "callback_eligible": true,
    "cover_allowed": true,
    "notes": ""
  },
  {
    "ID": "11170ffe-0b2c-4c8b-819f-f142504f6ffc",
    "date": "2026-04-13",
    "shift": "D Shift",
    "day": "Monday",
    "holidays": "-",
    "shift_type": "Night",
    "type_shift": "SHIFT",
    "on_shift": true,
    "mins": 720,
    "callback_eligible": true,
    "cover_allowed": true,
    "notes": ""
  },
  {
    "ID": "2fe30fb8-7b2c-4c82-82ec-219cf7d50fc3",
    "date": "2026-04-18",
    "shift": "D Shift",
    "day": "Saturday",
    "holidays": "-",
    "shift_type": "Day",
    "type_shift": "SHIFT",
    "on_shift": true,
    "mins": 720,
    "callback_eligible": true,
    "cover_allowed": true,
    "notes": ""
  },
  {
    "ID": "b9d7327f-6d6c-425b-a45c-69ed1171b353",
    "date": "2026-04-19",
    "shift": "D Shift",
    "day": "Sunday",
    "holidays": "-",
    "shift_type": "Day",
    "type_shift": "SHIFT",
    "on_shift": true,
    "mins": 720,
    "callback_eligible": true,
    "cover_allowed": true,
    "notes": ""
  },
  {
    "ID": "ae416c1b-4c67-48b8-8df1-fae10208533e",
    "date": "2026-04-20",
    "shift": "D Shift",
    "day": "Monday",
    "holidays": "-",
    "shift_type": "Night",
    "type_shift": "SHIFT",
    "on_shift": true,
    "mins": 720,
    "callback_eligible": true,
    "cover_allowed": true,
    "notes": ""
  },
  {
    "ID": "7a4af192-7188-4136-8582-a63181076951",
    "date": "2026-04-21",
    "shift": "D Shift",
    "day": "Tuesday",
    "holidays": "-",
    "shift_type": "Night",
    "type_shift": "SHIFT",
    "on_shift": true,
    "mins": 720,
    "callback_eligible": true,
    "cover_allowed": true,
    "notes": ""
  },
  {
    "ID": "e27174fe-0c2e-4127-ad6b-291d64696e98",
    "date": "2026-04-26",
    "shift": "D Shift",
    "day": "Sunday",
    "holidays": "-",
    "shift_type": "Day",
    "type_shift": "SHIFT",
    "on_shift": true,
    "mins": 720,
    "callback_eligible": true,
    "cover_allowed": true,
    "notes": ""
  },
  {
    "ID": "b49b250e-2afa-4700-a23a-851d71372335",
    "date": "2026-04-27",
    "shift": "D Shift",
    "day": "Monday",
    "holidays": "Anzac Day (observed)",
    "shift_type": "Day",
    "type_shift": "SHIFT",
    "on_shift": true,
    "mins": 720,
    "callback_eligible": true,
    "cover_allowed": true,
    "notes": ""
  },
  {
    "ID": "fb5e9bad-db56-483d-893a-3f210152d336",
    "date": "2026-04-28",
    "shift": "D Shift",
    "day": "Tuesday",
    "holidays": "-",
    "shift_type": "Night",
    "type_shift": "SHIFT",
    "on_shift": true,
    "mins": 720,
    "callback_eligible": true,
    "cover_allowed": true,
    "notes": ""
  },
  {
    "ID": "17cb261e-fc27-4975-aa5c-3bdfe656decf",
    "date": "2026-04-29",
    "shift": "D Shift",
    "day": "Wednesday",
    "holidays": "-",
    "shift_type": "Night",
    "type_shift": "SHIFT",
    "on_shift": true,
    "mins": 720,
    "callback_eligible": true,
    "cover_allowed": true,
    "notes": ""
  },
  {
    "ID": "1981080d-a017-47a9-9ef4-a4666dc0e1a0",
    "date": "2026-05-04",
    "shift": "D Shift",
    "day": "Monday",
    "holidays": "-",
    "shift_type": "Day",
    "type_shift": "SHIFT",
    "on_shift": true,
    "mins": 720,
    "callback_eligible": true,
    "cover_allowed": true,
    "notes": ""
  },
  {
    "ID": "461a81e5-3dab-494f-a46c-a419035ada56",
    "date": "2026-05-05",
    "shift": "D Shift",
    "day": "Tuesday",
    "holidays": "-",
    "shift_type": "Day",
    "type_shift": "SHIFT",
    "on_shift": true,
    "mins": 720,
    "callback_eligible": true,
    "cover_allowed": true,
    "notes": ""
  },
  {
    "ID": "453b5700-445b-4719-9bed-15f8ad0bdad2",
    "date": "2026-05-06",
    "shift": "D Shift",
    "day": "Wednesday",
    "holidays": "-",
    "shift_type": "Night",
    "type_shift": "SHIFT",
    "on_shift": true,
    "mins": 720,
    "callback_eligible": true,
    "cover_allowed": true,
    "notes": ""
  },
  {
    "ID": "42245fa2-97e3-4c9e-aa60-a54fba965e5c",
    "date": "2026-05-07",
    "shift": "D Shift",
    "day": "Thursday",
    "holidays": "-",
    "shift_type": "Night",
    "type_shift": "SHIFT",
    "on_shift": true,
    "mins": 720,
    "callback_eligible": true,
    "cover_allowed": true,
    "notes": ""
  },
  {
    "ID": "28c9799e-6165-445d-a853-e97c6323c925",
    "date": "2026-05-12",
    "shift": "D Shift",
    "day": "Tuesday",
    "holidays": "-",
    "shift_type": "Day",
    "type_shift": "SHIFT",
    "on_shift": true,
    "mins": 720,
    "callback_eligible": true,
    "cover_allowed": true,
    "notes": ""
  },
  {
    "ID": "8199e368-2f5d-43c8-96cd-c26724c8cfa6",
    "date": "2026-05-13",
    "shift": "D Shift",
    "day": "Wednesday",
    "holidays": "-",
    "shift_type": "Day",
    "type_shift": "SHIFT",
    "on_shift": true,
    "mins": 720,
    "callback_eligible": true,
    "cover_allowed": true,
    "notes": ""
  },
  {
    "ID": "f417d0f8-eec7-4ede-8230-3d9b02c393e3",
    "date": "2026-05-14",
    "shift": "D Shift",
    "day": "Thursday",
    "holidays": "-",
    "shift_type": "Night",
    "type_shift": "SHIFT",
    "on_shift": true,
    "mins": 720,
    "callback_eligible": true,
    "cover_allowed": true,
    "notes": ""
  },
  {
    "ID": "eeceab07-2846-43f9-9660-d129870a5000",
    "date": "2026-05-15",
    "shift": "D Shift",
    "day": "Friday",
    "holidays": "-",
    "shift_type": "Night",
    "type_shift": "SHIFT",
    "on_shift": true,
    "mins": 720,
    "callback_eligible": true,
    "cover_allowed": true,
    "notes": ""
  },
  {
    "ID": "e02eb76a-db87-498b-805d-9f8467877c7e",
    "date": "2026-05-20",
    "shift": "D Shift",
    "day": "Wednesday",
    "holidays": "-",
    "shift_type": "Day",
    "type_shift": "SHIFT",
    "on_shift": true,
    "mins": 720,
    "callback_eligible": true,
    "cover_allowed": true,
    "notes": ""
  },
  {
    "ID": "1aa97f83-c6b7-4a6c-965c-1a81c2ad230a",
    "date": "2026-05-21",
    "shift": "D Shift",
    "day": "Thursday",
    "holidays": "-",
    "shift_type": "Day",
    "type_shift": "SHIFT",
    "on_shift": true,
    "mins": 720,
    "callback_eligible": true,
    "cover_allowed": true,
    "notes": ""
  },
  {
    "ID": "40112579-8d0f-4e63-92ee-20e0752daad0",
    "date": "2026-05-22",
    "shift": "D Shift",
    "day": "Friday",
    "holidays": "-",
    "shift_type": "Night",
    "type_shift": "SHIFT",
    "on_shift": true,
    "mins": 720,
    "callback_eligible": true,
    "cover_allowed": true,
    "notes": ""
  },
  {
    "ID": "aeda2abc-0eea-4122-8ec7-d7ffabefc3f1",
    "date": "2026-05-23",
    "shift": "D Shift",
    "day": "Saturday",
    "holidays": "-",
    "shift_type": "Night",
    "type_shift": "SHIFT",
    "on_shift": true,
    "mins": 720,
    "callback_eligible": true,
    "cover_allowed": true,
    "notes": ""
  },
  {
    "ID": "fc911b45-b09e-4299-abbe-a817b94218c2",
    "date": "2026-05-28",
    "shift": "D Shift",
    "day": "Thursday",
    "holidays": "-",
    "shift_type": "Day",
    "type_shift": "SHIFT",
    "on_shift": true,
    "mins": 720,
    "callback_eligible": true,
    "cover_allowed": true,
    "notes": ""
  },
  {
    "ID": "d9aee9d9-5931-4032-942d-abb816e393ba",
    "date": "2026-05-29",
    "shift": "D Shift",
    "day": "Friday",
    "holidays": "-",
    "shift_type": "Day",
    "type_shift": "SHIFT",
    "on_shift": true,
    "mins": 720,
    "callback_eligible": true,
    "cover_allowed": true,
    "notes": ""
  },
  {
    "ID": "165a183e-bf76-46ec-9381-fcf2045a77fd",
    "date": "2026-05-30",
    "shift": "D Shift",
    "day": "Saturday",
    "holidays": "-",
    "shift_type": "Night",
    "type_shift": "SHIFT",
    "on_shift": true,
    "mins": 720,
    "callback_eligible": true,
    "cover_allowed": true,
    "notes": ""
  },
  {
    "ID": "a16dfe3e-1791-4566-910f-67cb35600409",
    "date": "2026-05-31",
    "shift": "D Shift",
    "day": "Sunday",
    "holidays": "-",
    "shift_type": "Night",
    "type_shift": "SHIFT",
    "on_shift": true,
    "mins": 720,
    "callback_eligible": true,
    "cover_allowed": true,
    "notes": ""
  },
  {
    "ID": "faef6236-706c-4809-880f-d5e22fb599b4",
    "date": "2026-06-01",
    "shift": "D Shift",
    "day": "Monday",
    "holidays": "King's Birthday",
    "shift_type": "Day",
    "type_shift": "SHIFT",
    "on_shift": true,
    "mins": 600,
    "callback_eligible": true,
    "cover_allowed": true,
    "notes": ""
  },
  {
    "ID": "ecc567cd-1be6-4120-8561-beba133fe4af",
    "date": "2026-06-02",
    "shift": "D Shift",
    "day": "Tuesday",
    "holidays": "-",
    "shift_type": "Day",
    "type_shift": "SHIFT",
    "on_shift": true,
    "mins": 600,
    "callback_eligible": true,
    "cover_allowed": true,
    "notes": ""
  },
  {
    "ID": "5e296fad-e8df-4481-b3c0-c473eecc898d",
    "date": "2026-06-03",
    "shift": "D Shift",
    "day": "Wednesday",
    "holidays": "-",
    "shift_type": "Day",
    "type_shift": "SHIFT",
    "on_shift": true,
    "mins": 600,
    "callback_eligible": true,
    "cover_allowed": true,
    "notes": ""
  },
  {
    "ID": "718d49ad-33b0-4a53-a8f6-a3b1d408a9da",
    "date": "2026-06-04",
    "shift": "D Shift",
    "day": "Thursday",
    "holidays": "-",
    "shift_type": "Day",
    "type_shift": "SHIFT",
    "on_shift": true,
    "mins": 600,
    "callback_eligible": true,
    "cover_allowed": true,
    "notes": ""
  },
  {
    "ID": "53208938-cd54-4d63-a008-8ec80f6b465b",
    "date": "2026-06-08",
    "shift": "D Shift",
    "day": "Monday",
    "holidays": "-",
    "shift_type": "Day",
    "type_shift": "SHIFT",
    "on_shift": true,
    "mins": 600,
    "callback_eligible": true,
    "cover_allowed": true,
    "notes": ""
  },
  {
    "ID": "31079409-d0e6-4ce5-8117-3b9dd9377d35",
    "date": "2026-06-09",
    "shift": "D Shift",
    "day": "Tuesday",
    "holidays": "-",
    "shift_type": "Day",
    "type_shift": "SHIFT",
    "on_shift": true,
    "mins": 600,
    "callback_eligible": true,
    "cover_allowed": true,
    "notes": ""
  },
  {
    "ID": "214790be-b66b-472e-87b6-5352e1664087",
    "date": "2026-06-10",
    "shift": "D Shift",
    "day": "Wednesday",
    "holidays": "-",
    "shift_type": "Day",
    "type_shift": "SHIFT",
    "on_shift": true,
    "mins": 600,
    "callback_eligible": true,
    "cover_allowed": true,
    "notes": ""
  },
  {
    "ID": "075a6609-2ac3-49cc-9080-bb6b8edb629d",
    "date": "2026-06-11",
    "shift": "D Shift",
    "day": "Thursday",
    "holidays": "-",
    "shift_type": "Day",
    "type_shift": "SHIFT",
    "on_shift": true,
    "mins": 600,
    "callback_eligible": true,
    "cover_allowed": true,
    "notes": ""
  },
  {
    "ID": "77c550ca-261b-40ff-9915-bff49bbcb095",
    "date": "2026-06-15",
    "shift": "D Shift",
    "day": "Monday",
    "holidays": "-",
    "shift_type": "Day",
    "type_shift": "SHIFT",
    "on_shift": true,
    "mins": 600,
    "callback_eligible": true,
    "cover_allowed": true,
    "notes": ""
  },
  {
    "ID": "d7259ce2-91f2-4962-bf25-0d5b68fab5ee",
    "date": "2026-06-16",
    "shift": "D Shift",
    "day": "Tuesday",
    "holidays": "-",
    "shift_type": "Day",
    "type_shift": "SHIFT",
    "on_shift": true,
    "mins": 600,
    "callback_eligible": true,
    "cover_allowed": true,
    "notes": ""
  },
  {
    "ID": "38dc862a-d48b-4cc9-8009-bb8f67123a88",
    "date": "2026-06-17",
    "shift": "D Shift",
    "day": "Wednesday",
    "holidays": "-",
    "shift_type": "Day",
    "type_shift": "SHIFT",
    "on_shift": true,
    "mins": 600,
    "callback_eligible": true,
    "cover_allowed": true,
    "notes": ""
  },
  {
    "ID": "0f978f3c-471b-4ef6-9a4d-409793151971",
    "date": "2026-06-18",
    "shift": "D Shift",
    "day": "Thursday",
    "holidays": "-",
    "shift_type": "Day",
    "type_shift": "SHIFT",
    "on_shift": true,
    "mins": 600,
    "callback_eligible": true,
    "cover_allowed": true,
    "notes": ""
  },
  {
    "ID": "97f4a906-e70e-43df-8462-261e09d1013a",
    "date": "2026-06-22",
    "shift": "D Shift",
    "day": "Monday",
    "holidays": "-",
    "shift_type": "Day",
    "type_shift": "SHIFT",
    "on_shift": true,
    "mins": 600,
    "callback_eligible": true,
    "cover_allowed": true,
    "notes": ""
  },
  {
    "ID": "3d89d03a-3c8e-473b-804d-801e0f183237",
    "date": "2026-06-23",
    "shift": "D Shift",
    "day": "Tuesday",
    "holidays": "-",
    "shift_type": "Day",
    "type_shift": "SHIFT",
    "on_shift": true,
    "mins": 600,
    "callback_eligible": true,
    "cover_allowed": true,
    "notes": ""
  },
  {
    "ID": "856656f3-ce31-49cd-b39b-f2a112f99557",
    "date": "2026-06-24",
    "shift": "D Shift",
    "day": "Wednesday",
    "holidays": "-",
    "shift_type": "Day",
    "type_shift": "SHIFT",
    "on_shift": true,
    "mins": 600,
    "callback_eligible": true,
    "cover_allowed": true,
    "notes": ""
  },
  {
    "ID": "98772024-b844-4d15-861e-4a1a0711e259",
    "date": "2026-06-25",
    "shift": "D Shift",
    "day": "Thursday",
    "holidays": "-",
    "shift_type": "Day",
    "type_shift": "SHIFT",
    "on_shift": true,
    "mins": 600,
    "callback_eligible": true,
    "cover_allowed": true,
    "notes": ""
  },
  {
    "ID": "b466abd9-c6f5-41c2-93e6-2041218d9c5a",
    "date": "2026-06-29",
    "shift": "D Shift",
    "day": "Monday",
    "holidays": "-",
    "shift_type": "Day",
    "type_shift": "SHIFT",
    "on_shift": true,
    "mins": 600,
    "callback_eligible": true,
    "cover_allowed": true,
    "notes": ""
  },
  {
    "ID": "9b2c177d-936d-4445-9f76-b1e268a78226",
    "date": "2026-06-30",
    "shift": "D Shift",
    "day": "Tuesday",
    "holidays": "-",
    "shift_type": "Day",
    "type_shift": "SHIFT",
    "on_shift": true,
    "mins": 600,
    "callback_eligible": true,
    "cover_allowed": true,
    "notes": ""
  },
  {
    "ID": "40921f16-6748-44db-91fe-2b8d874836fc",
    "date": "2026-07-01",
    "shift": "D Shift",
    "day": "Wednesday",
    "holidays": "-",
    "shift_type": "Day",
    "type_shift": "SHIFT",
    "on_shift": true,
    "mins": 600,
    "callback_eligible": true,
    "cover_allowed": true,
    "notes": ""
  },
  {
    "ID": "936c6419-b681-483d-96aa-fa9abcd8fe88",
    "date": "2026-07-02",
    "shift": "D Shift",
    "day": "Thursday",
    "holidays": "-",
    "shift_type": "Day",
    "type_shift": "SHIFT",
    "on_shift": true,
    "mins": 600,
    "callback_eligible": true,
    "cover_allowed": true,
    "notes": ""
  },
  {
    "ID": "dddef693-aeae-4f4b-a3d6-8edb360daf55",
    "date": "2026-07-06",
    "shift": "D Shift",
    "day": "Monday",
    "holidays": "-",
    "shift_type": "Day",
    "type_shift": "SHIFT",
    "on_shift": true,
    "mins": 600,
    "callback_eligible": true,
    "cover_allowed": true,
    "notes": ""
  },
  {
    "ID": "82118051-c0f6-4e71-93d9-b174fbe2489e",
    "date": "2026-07-07",
    "shift": "D Shift",
    "day": "Tuesday",
    "holidays": "-",
    "shift_type": "Day",
    "type_shift": "SHIFT",
    "on_shift": true,
    "mins": 600,
    "callback_eligible": true,
    "cover_allowed": true,
    "notes": ""
  },
  {
    "ID": "9cf2c801-af84-4744-93b7-3b0705c95c2f",
    "date": "2026-07-08",
    "shift": "D Shift",
    "day": "Wednesday",
    "holidays": "-",
    "shift_type": "Day",
    "type_shift": "SHIFT",
    "on_shift": true,
    "mins": 600,
    "callback_eligible": true,
    "cover_allowed": true,
    "notes": ""
  },
  {
    "ID": "43838594-e53b-4f3b-baa1-b3a09fb75981",
    "date": "2026-07-09",
    "shift": "D Shift",
    "day": "Thursday",
    "holidays": "-",
    "shift_type": "Day",
    "type_shift": "SHIFT",
    "on_shift": true,
    "mins": 600,
    "callback_eligible": true,
    "cover_allowed": true,
    "notes": ""
  },
  {
    "ID": "1015f6f5-f001-44f2-9e56-2123b7a4d1a6",
    "date": "2026-07-10",
    "shift": "D Shift",
    "day": "Friday",
    "holidays": "Matariki",
    "shift_type": "Night",
    "type_shift": "SHIFT",
    "on_shift": true,
    "mins": 720,
    "callback_eligible": true,
    "cover_allowed": true,
    "notes": ""
  },
  {
    "ID": "c7d55e7a-2690-4e8c-a9ca-4bd3f1488bd0",
    "date": "2026-07-15",
    "shift": "D Shift",
    "day": "Wednesday",
    "holidays": "-",
    "shift_type": "Day",
    "type_shift": "SHIFT",
    "on_shift": true,
    "mins": 720,
    "callback_eligible": true,
    "cover_allowed": true,
    "notes": ""
  },
  {
    "ID": "c939b9e8-8164-4500-94ec-5fb59e3f5201",
    "date": "2026-07-16",
    "shift": "D Shift",
    "day": "Thursday",
    "holidays": "-",
    "shift_type": "Day",
    "type_shift": "SHIFT",
    "on_shift": true,
    "mins": 720,
    "callback_eligible": true,
    "cover_allowed": true,
    "notes": ""
  },
  {
    "ID": "e23590b3-4c9c-42bf-a9cf-99101ea55b43",
    "date": "2026-07-17",
    "shift": "D Shift",
    "day": "Friday",
    "holidays": "-",
    "shift_type": "Night",
    "type_shift": "SHIFT",
    "on_shift": true,
    "mins": 720,
    "callback_eligible": true,
    "cover_allowed": true,
    "notes": ""
  },
  {
    "ID": "eec5326f-dad9-46c6-80aa-804ff5b7b882",
    "date": "2026-07-18",
    "shift": "D Shift",
    "day": "Saturday",
    "holidays": "-",
    "shift_type": "Night",
    "type_shift": "SHIFT",
    "on_shift": true,
    "mins": 720,
    "callback_eligible": true,
    "cover_allowed": true,
    "notes": ""
  },
  {
    "ID": "6675b529-b60c-410a-b19e-c9f5edce6a00",
    "date": "2026-07-23",
    "shift": "D Shift",
    "day": "Thursday",
    "holidays": "-",
    "shift_type": "Day",
    "type_shift": "SHIFT",
    "on_shift": true,
    "mins": 720,
    "callback_eligible": true,
    "cover_allowed": true,
    "notes": ""
  },
  {
    "ID": "bdf49dcd-ceab-4dca-a5af-188699fc8199",
    "date": "2026-07-24",
    "shift": "D Shift",
    "day": "Friday",
    "holidays": "-",
    "shift_type": "Day",
    "type_shift": "SHIFT",
    "on_shift": true,
    "mins": 720,
    "callback_eligible": true,
    "cover_allowed": true,
    "notes": ""
  },
  {
    "ID": "fb166365-777c-4fef-8d42-13e9200d6a4b",
    "date": "2026-07-25",
    "shift": "D Shift",
    "day": "Saturday",
    "holidays": "-",
    "shift_type": "Night",
    "type_shift": "SHIFT",
    "on_shift": true,
    "mins": 720,
    "callback_eligible": true,
    "cover_allowed": true,
    "notes": ""
  }
]