[
  {
    "ID": "ceab4407-3cc4-4f14-bba1-be9f57f345ff",
    "date": "2025-07-24",
    "shift": "B Shift",
    "day": "Thursday",
    "holidays": "-",
    "shift_type": "Day",
    "type_shift": "LSL",
    "on_shift": true,
    "mins": 720,
    "callback_eligible": true,
    "cover_allowed": true,
    "notes": ""
  },
  {
    "ID": "f46d9185-cec5-4262-b2c8-41bbbe7aa0f1",
    "date": "2025-07-25",
    "shift": "B Shift",
    "day": "Friday",
    "holidays": "-",
    "shift_type": "Day",
    "type_shift": "LSL",
    "on_shift": true,
    "mins": 720,
    "callback_eligible": true,
    "cover_allowed": true,
    "notes": ""
  },
  {
    "ID": "64229f45-62cc-465c-9fcf-4eba127afa63",
    "date": "2025-07-26",
    "shift_type": "Night",
    "type_shift": "LSL",
    "mins": 720,
    "callback_eligible": false,
    "cover_allowed": false,
    "on_shift": true,
    "notes": "",
    "shift": "B Shift"
  },
  {
    "ID": "4954cb9a-adc9-4517-9c1f-a710c6e9d170",
    "date": "2025-07-27",
    "shift": "B Shift",
    "day": "Sunday",
    "holidays": "-",
    "shift_type": "Night",
    "type_shift": "SHIFT",
    "on_shift": true,
    "mins": 720,
    "callback_eligible": true,
    "cover_allowed": true,
    "notes": ""
  },
  {
    "ID": "9317ceee-3c7f-4cae-95f5-1c6ad5396578",
    "date": "2025-08-01",
    "shift": "B Shift",
    "day": "Friday",
    "holidays": "-",
    "shift_type": "Day",
    "type_shift": "SHIFT",
    "on_shift": true,
    "mins": 738,
    "callback_eligible": true,
    "cover_allowed": true,
    "notes": ""
  },
  {
    "ID": "4a7eec94-9d81-4497-b868-7a7d3ce165f2",
    "date": "2025-08-02",
    "shift": "B Shift",
    "day": "Saturday",
    "holidays": "-",
    "shift_type": "Day",
    "type_shift": "SHIFT",
    "on_shift": true,
    "mins": 738,
    "callback_eligible": true,
    "cover_allowed": true,
    "notes": ""
  },
  {
    "ID": "08b084f0-3335-4efd-82aa-cd9b094f4764",
    "date": "2025-08-03",
    "shift": "B Shift",
    "day": "Sunday",
    "holidays": "-",
    "shift_type": "Night",
    "type_shift": "SHIFT",
    "on_shift": true,
    "mins": 738,
    "callback_eligible": true,
    "cover_allowed": true,
    "notes": ""
  },
  {
    "ID": "8d14d514-0b19-40c6-b14d-44a7629abb43",
    "date": "2025-08-04",
    "shift": "B Shift",
    "day": "Monday",
    "holidays": "-",
    "shift_type": "Night",
    "type_shift": "SHIFT",
    "on_shift": true,
    "mins": 738,
    "callback_eligible": true,
    "cover_allowed": true,
    "notes": ""
  },
  {
    "ID": "39206582-888e-4954-a562-f4bdb541b460",
    "date": "2025-08-09",
    "shift": "B Shift",
    "day": "Saturday",
    "holidays": "-",
    "shift_type": "Day",
    "type_shift": "SHIFT",
    "on_shift": true,
    "mins": 738,
    "callback_eligible": true,
    "cover_allowed": true,
    "notes": ""
  },
  {
    "ID": "bd024d7f-d596-4e64-a563-52e8864338d9",
    "date": "2025-08-10",
    "shift": "B Shift",
    "day": "Sunday",
    "holidays": "-",
    "shift_type": "Day",
    "type_shift": "SHIFT",
    "on_shift": true,
    "mins": 738,
    "callback_eligible": true,
    "cover_allowed": true,
    "notes": ""
  },
  {
    "ID": "5e97d8a5-3205-438a-a90b-30d98e8824c0",
    "date": "2025-08-11",
    "shift": "B Shift",
    "day": "Monday",
    "holidays": "-",
    "shift_type": "Night",
    "type_shift": "SHIFT",
    "on_shift": true,
    "mins": 738,
    "callback_eligible": true,
    "cover_allowed": true,
    "notes": ""
  },
  {
    "ID": "c09a27ac-dafd-4f27-8c6b-2b15061b53a6",
    "date": "2025-08-12",
    "shift": "B Shift",
    "day": "Tuesday",
    "holidays": "-",
    "shift_type": "Night",
    "type_shift": "SHIFT",
    "on_shift": true,
    "mins": 738,
    "callback_eligible": true,
    "cover_allowed": true,
    "notes": ""
  },
  {
    "ID": "f9283ed1-11f1-405b-b635-5c57a558063c",
    "date": "2025-08-17",
    "shift": "B Shift",
    "day": "Sunday",
    "holidays": "-",
    "shift_type": "Day",
    "type_shift": "SHIFT",
    "on_shift": true,
    "mins": 738,
    "callback_eligible": true,
    "cover_allowed": true,
    "notes": ""
  },
  {
    "ID": "403cb780-e11c-467e-9a79-19177e21aafb",
    "date": "2025-08-18",
    "shift": "B Shift",
    "day": "Monday",
    "holidays": "-",
    "shift_type": "Day",
    "type_shift": "SHIFT",
    "on_shift": true,
    "mins": 738,
    "callback_eligible": true,
    "cover_allowed": true,
    "notes": ""
  },
  {
    "ID": "11fcca3e-b567-4dcd-9632-e8d99f6d19de",
    "date": "2025-08-19",
    "shift": "B Shift",
    "day": "Tuesday",
    "holidays": "-",
    "shift_type": "Night",
    "type_shift": "SHIFT",
    "on_shift": true,
    "mins": 738,
    "callback_eligible": true,
    "cover_allowed": true,
    "notes": ""
  },
  {
    "ID": "1b8706d2-16e2-41f3-b621-5606afc52ff9",
    "date": "2025-08-20",
    "shift": "B Shift",
    "day": "Wednesday",
    "holidays": "-",
    "shift_type": "Night",
    "type_shift": "SHIFT",
    "on_shift": true,
    "mins": 738,
    "callback_eligible": true,
    "cover_allowed": true,
    "notes": ""
  },
  {
    "ID": "4c1fb433-fbab-49a4-b4b2-6250e431f147",
    "date": "2025-08-25",
    "shift": "B Shift",
    "day": "Monday",
    "holidays": "-",
    "shift_type": "Day",
    "type_shift": "SHIFT",
    "on_shift": true,
    "mins": 738,
    "callback_eligible": true,
    "cover_allowed": true,
    "notes": ""
  },
  {
    "ID": "31db56b8-2b20-4dbd-92d0-2bf90fec8046",
    "date": "2025-08-26",
    "shift": "B Shift",
    "day": "Tuesday",
    "holidays": "-",
    "shift_type": "Day",
    "type_shift": "SHIFT",
    "on_shift": true,
    "mins": 738,
    "callback_eligible": true,
    "cover_allowed": true,
    "notes": ""
  },
  {
    "ID": "0b214854-d910-4a8c-914b-3e25907a5bd4",
    "date": "2025-08-27",
    "shift": "B Shift",
    "day": "Wednesday",
    "holidays": "-",
    "shift_type": "Night",
    "type_shift": "SHIFT",
    "on_shift": true,
    "mins": 738,
    "callback_eligible": true,
    "cover_allowed": true,
    "notes": ""
  },
  {
    "ID": "3fce9101-7e2b-4075-a632-18913735e01f",
    "date": "2025-08-28",
    "shift": "B Shift",
    "day": "Thursday",
    "holidays": "-",
    "shift_type": "Night",
    "type_shift": "PSL",
    "on_shift": true,
    "mins": 480,
    "callback_eligible": true,
    "cover_allowed": true,
    "notes": "Phone in sick"
  },
  {
    "ID": "696ffa7c-5ab1-425b-b705-04db3f358e74",
    "date": "2025-08-28",
    "shift": "B Shift",
    "shift_type": "Night",
    "type_shift": "PNW",
    "mins": 120,
    "callback_eligible": false,
    "cover_allowed": false,
    "on_shift": true,
    "notes": "make up hours"
  },
  {
    "ID": "bb83f066-d347-425c-ac8c-b58c08faff5a",
    "date": "2025-08-28",
    "shift": "B Shift",
    "shift_type": "Night",
    "type_shift": "SHIFT",
    "mins": 120,
    "callback_eligible": false,
    "cover_allowed": false,
    "on_shift": true,
    "notes": "started Shift"
  },
  {
    "ID": "6587f719-49c0-4468-9a08-87e65e5887da",
    "date": "2025-09-02",
    "shift": "B Shift",
    "shift_type": "Day",
    "type_shift": "SHIFT",
    "mins": 738,
    "callback_eligible": false,
    "cover_allowed": false,
    "on_shift": true,
    "notes": ""
  },
  {
    "ID": "fbcbd72b-cf0d-45db-8e0c-b79ffc25cc4d",
    "date": "2025-09-03",
    "shift": "B Shift",
    "day": "Wednesday",
    "holidays": "-",
    "shift_type": "Day",
    "type_shift": "SHIFT",
    "on_shift": true,
    "mins": 738,
    "callback_eligible": true,
    "cover_allowed": true,
    "notes": ""
  },
  {
    "ID": "c43d96c5-b492-4acf-be05-00ea6a19fe25",
    "date": "2025-09-04",
    "shift": "B Shift",
    "day": "Thursday",
    "holidays": "-",
    "shift_type": "Night",
    "type_shift": "SHIFT",
    "on_shift": true,
    "mins": 738,
    "callback_eligible": true,
    "cover_allowed": true,
    "notes": ""
  },
  {
    "ID": "92398261-ee1c-43e7-b1fa-ec484513350a",
    "date": "2025-09-05",
    "shift": "B Shift",
    "day": "Friday",
    "holidays": "-",
    "shift_type": "Night",
    "type_shift": "PSL",
    "on_shift": true,
    "mins": 480,
    "callback_eligible": true,
    "cover_allowed": true,
    "notes": "Phone In Sick"
  },
  {
    "ID": "94058bbf-c206-4ec9-86f2-8ffa36c92c9c",
    "date": "2025-09-05",
    "shift": "B Shift",
    "shift_type": "Night",
    "type_shift": "PNW",
    "mins": 240,
    "callback_eligible": false,
    "cover_allowed": false,
    "on_shift": true,
    "notes": "Top up hours"
  },
  {
    "ID": "05767b69-7567-4c72-92df-a8ae218a7d4f",
    "date": "2025-09-10",
    "shift": "B Shift",
    "shift_type": "Day",
    "type_shift": "SHIFT",
    "mins": 738,
    "callback_eligible": false,
    "cover_allowed": false,
    "on_shift": true,
    "notes": ""
  },
  {
    "ID": "1dbfe1a8-2017-47d0-aadd-105442c07529",
    "date": "2025-09-11",
    "shift": "B Shift",
    "day": "Thursday",
    "holidays": "-",
    "shift_type": "Day",
    "type_shift": "SHIFT",
    "on_shift": true,
    "mins": 738,
    "callback_eligible": true,
    "cover_allowed": true,
    "notes": ""
  },
  {
    "ID": "1ef58371-2f76-45e4-91cb-cda3d476062a",
    "date": "2025-09-12",
    "shift": "B Shift",
    "day": "Friday",
    "holidays": "-",
    "shift_type": "Night",
    "type_shift": "SHIFT",
    "on_shift": true,
    "mins": 738,
    "callback_eligible": true,
    "cover_allowed": true,
    "notes": ""
  },
  {
    "ID": "15ead02d-496a-40e5-a87c-20da2848568f",
    "date": "2025-09-13",
    "shift": "B Shift",
    "day": "Saturday",
    "holidays": "-",
    "shift_type": "Night",
    "type_shift": "SHIFT",
    "on_shift": true,
    "mins": 738,
    "callback_eligible": true,
    "cover_allowed": true,
    "notes": ""
  },
  {
    "ID": "181cffae-d3bc-47fe-b36a-ac343b76ef8c",
    "date": "2025-09-18",
    "shift": "B Shift",
    "day": "Thursday",
    "holidays": "-",
    "shift_type": "Day",
    "type_shift": "SHIFT",
    "on_shift": true,
    "mins": 738,
    "callback_eligible": true,
    "cover_allowed": true,
    "notes": ""
  },
  {
    "ID": "1ccce8c4-8269-4e4a-a0da-97d2d80e1c2e",
    "date": "2025-09-19",
    "shift": "B Shift",
    "day": "Friday",
    "holidays": "-",
    "shift_type": "Day",
    "type_shift": "SHIFT",
    "on_shift": true,
    "mins": 738,
    "callback_eligible": true,
    "cover_allowed": true,
    "notes": ""
  },
  {
    "ID": "a5d1fd68-afb9-4f77-96cf-059f6c4956b6",
    "date": "2025-09-20",
    "shift": "B Shift",
    "day": "Saturday",
    "holidays": "-",
    "shift_type": "Night",
    "type_shift": "SHIFT",
    "on_shift": true,
    "mins": 738,
    "callback_eligible": true,
    "cover_allowed": true,
    "notes": ""
  },
  {
    "ID": "6d122988-b244-46ae-afcd-eba21b6805c4",
    "date": "2025-09-21",
    "shift": "B Shift",
    "day": "Sunday",
    "holidays": "-",
    "shift_type": "Night",
    "type_shift": "SHIFT",
    "on_shift": true,
    "mins": 738,
    "callback_eligible": true,
    "cover_allowed": true,
    "notes": ""
  },
  {
    "ID": "48cbc49a-4b16-4178-b610-6b2758510629",
    "date": "2025-09-25",
    "shift": "A Shift",
    "shift_type": "Day",
    "type_shift": "TRE",
    "mins": 240,
    "callback_eligible": false,
    "cover_allowed": false,
    "on_shift": true,
    "notes": "Frist Aid Course"
  },
  {
    "ID": "da2af10e-7835-4772-86b3-cf974d396110",
    "date": "2025-09-26",
    "shift": "B Shift",
    "day": "Friday",
    "holidays": "-",
    "shift_type": "Day",
    "type_shift": "SHIFT",
    "on_shift": true,
    "mins": 738,
    "callback_eligible": true,
    "cover_allowed": true,
    "notes": ""
  },
  {
    "ID": "19bc0c4a-aa28-47e7-adb6-7bb4d0695912",
    "date": "2025-09-27",
    "shift": "B Shift",
    "day": "Saturday",
    "holidays": "-",
    "shift_type": "Day",
    "type_shift": "SHIFT",
    "on_shift": true,
    "mins": 738,
    "callback_eligible": true,
    "cover_allowed": true,
    "notes": ""
  },
  {
    "ID": "cf5c24ae-9398-4c36-9d64-6515356bfcaf",
    "date": "2025-09-28",
    "shift": "B Shift",
    "day": "Sunday",
    "holidays": "-",
    "shift_type": "Night",
    "type_shift": "SHIFT",
    "on_shift": true,
    "mins": 738,
    "callback_eligible": true,
    "cover_allowed": true,
    "notes": ""
  },
  {
    "ID": "a1514705-55bc-48f4-b44c-d6c61adb7093",
    "date": "2025-09-29",
    "shift": "B Shift",
    "day": "Monday",
    "holidays": "-",
    "shift_type": "Night",
    "type_shift": "SHIFT",
    "on_shift": true,
    "mins": 738,
    "callback_eligible": true,
    "cover_allowed": true,
    "notes": ""
  },
  {
    "ID": "c7253e07-d17e-482d-9de8-bbf41f919ad0",
    "date": "2025-10-02",
    "shift": "D Shift",
    "shift_type": "Night",
    "type_shift": "SHIFT",
    "mins": 1098,
    "callback_eligible": false,
    "cover_allowed": false,
    "on_shift": true,
    "notes": "Cover for D Shift"
  },
  {
    "ID": "2d465398-c46f-4b6b-9176-3e9c911b6212",
    "date": "2025-10-04",
    "shift": "B Shift",
    "shift_type": "Day",
    "type_shift": "SHIFT",
    "mins": 738,
    "callback_eligible": false,
    "cover_allowed": false,
    "on_shift": true,
    "notes": ""
  },
  {
    "ID": "e7fb5d2e-a45c-4cc2-a0e9-ca835bca08f3",
    "date": "2025-10-05",
    "shift": "B Shift",
    "day": "Sunday",
    "holidays": "-",
    "shift_type": "Day",
    "type_shift": "SHIFT",
    "on_shift": true,
    "mins": 738,
    "callback_eligible": true,
    "cover_allowed": true,
    "notes": ""
  },
  {
    "ID": "e09425b0-4bc3-4c79-a148-f9c9487efc2f",
    "date": "2025-10-06",
    "shift": "B Shift",
    "day": "Monday",
    "holidays": "-",
    "shift_type": "Night",
    "type_shift": "SHIFT",
    "on_shift": true,
    "mins": 738,
    "callback_eligible": true,
    "cover_allowed": true,
    "notes": ""
  },
  {
    "ID": "791134fb-81bb-44df-b0ad-a489b554a1ce",
    "date": "2025-10-07",
    "shift": "B Shift",
    "day": "Tuesday",
    "holidays": "-",
    "shift_type": "Night",
    "type_shift": "SHIFT",
    "on_shift": true,
    "mins": 738,
    "callback_eligible": true,
    "cover_allowed": true,
    "notes": ""
  },
  {
    "ID": "f5efde45-4046-4561-a3dc-20bc67905826",
    "date": "2025-10-12",
    "shift": "B Shift",
    "day": "Sunday",
    "holidays": "-",
    "shift_type": "Day",
    "type_shift": "SHIFT",
    "on_shift": true,
    "mins": 738,
    "callback_eligible": true,
    "cover_allowed": true,
    "notes": ""
  },
  {
    "ID": "52296c86-4837-44da-b8be-abe128948456",
    "date": "2025-10-13",
    "shift": "B Shift",
    "day": "Monday",
    "holidays": "-",
    "shift_type": "Day",
    "type_shift": "SHIFT",
    "on_shift": true,
    "mins": 738,
    "callback_eligible": true,
    "cover_allowed": true,
    "notes": ""
  },
  {
    "ID": "762ae7ab-1c0e-4964-9339-852a9b157546",
    "date": "2025-10-14",
    "shift": "B Shift",
    "day": "Tuesday",
    "holidays": "-",
    "shift_type": "Night",
    "type_shift": "SHIFT",
    "on_shift": true,
    "mins": 738,
    "callback_eligible": true,
    "cover_allowed": true,
    "notes": ""
  },
  {
    "ID": "adbc91e2-e6b9-4666-b49b-7e5b318c80c2",
    "date": "2025-10-15",
    "shift": "B Shift",
    "day": "Wednesday",
    "holidays": "-",
    "shift_type": "Night",
    "type_shift": "SHIFT",
    "on_shift": true,
    "mins": 738,
    "callback_eligible": true,
    "cover_allowed": true,
    "notes": ""
  },
  {
    "ID": "b098f61d-d3e2-492a-82ac-dbed33b8ccff",
    "date": "2025-10-18",
    "shift": "A Shift",
    "shift_type": "Day",
    "type_shift": "CB",
    "mins": 738,
    "callback_eligible": false,
    "cover_allowed": false,
    "on_shift": true,
    "notes": "Cover Michelle"
  },
  {
    "ID": "fbbe0a66-a157-430c-8858-055380767e2c",
    "date": "2025-10-20",
    "shift": "B Shift",
    "day": "Monday",
    "holidays": "-",
    "shift_type": "Day",
    "type_shift": "SHIFT",
    "on_shift": true,
    "mins": 738,
    "callback_eligible": true,
    "cover_allowed": true,
    "notes": ""
  },
  {
    "ID": "2daba026-4cfe-4b03-9511-9edc9aed03f4",
    "date": "2025-10-21",
    "shift": "B Shift",
    "day": "Tuesday",
    "holidays": "-",
    "shift_type": "Day",
    "type_shift": "SHIFT",
    "on_shift": true,
    "mins": 738,
    "callback_eligible": true,
    "cover_allowed": true,
    "notes": ""
  },
  {
    "ID": "c7ca22d9-e95f-4dbb-8d8c-738db6764eff",
    "date": "2025-10-22",
    "shift": "B Shift",
    "day": "Wednesday",
    "holidays": "-",
    "shift_type": "Night",
    "type_shift": "SHIFT",
    "on_shift": true,
    "mins": 738,
    "callback_eligible": true,
    "cover_allowed": true,
    "notes": ""
  },
  {
    "ID": "9d38b68d-9e75-4dc1-9a0a-c15b3e9758f0",
    "date": "2025-10-23",
    "shift": "B Shift",
    "day": "Thursday",
    "holidays": "-",
    "shift_type": "Night",
    "type_shift": "SHIFT",
    "on_shift": true,
    "mins": 738,
    "callback_eligible": true,
    "cover_allowed": true,
    "notes": ""
  },
  {
    "ID": "64fe1600-bb8c-4c56-b7ea-a9798d2a873b",
    "date": "2025-10-26",
    "shift": "D Shift",
    "shift_type": "Night",
    "type_shift": "SHIFT",
    "mins": 1098,
    "callback_eligible": false,
    "cover_allowed": false,
    "on_shift": true,
    "notes": "Cover for D Shift"
  },
  {
    "ID": "360c3855-4590-4562-98c7-68d4069993dd",
    "date": "2025-10-28",
    "shift": "B Shift",
    "day": "Tuesday",
    "holidays": "-",
    "shift_type": "Day",
    "type_shift": "SHIFT",
    "mins": 738,
    "callback_eligible": true,
    "cover_allowed": false,
    "on_shift": false,
    "notes": ""
  },
  {
    "ID": "ea4f6564-f556-4458-97a9-0ca101da2339",
    "date": "2025-10-29",
    "shift": "B Shift",
    "shift_type": "Day",
    "type_shift": "SHIFT",
    "mins": 738,
    "callback_eligible": false,
    "cover_allowed": false,
    "on_shift": true,
    "notes": ""
  },
  {
    "ID": "ad11b777-5854-4c47-aa6c-59782ee59cac",
    "date": "2025-10-30",
    "shift": "B Shift",
    "day": "Thursday",
    "holidays": "-",
    "shift_type": "Night",
    "type_shift": "SHIFT",
    "mins": 738,
    "callback_eligible": true,
    "cover_allowed": false,
    "on_shift": false,
    "notes": ""
  },
  {
    "ID": "63c7ab61-7031-4e02-a135-5dd569a1eb56",
    "date": "2025-10-31",
    "shift": "B Shift",
    "day": "Friday",
    "holidays": "-",
    "shift_type": "Night",
    "type_shift": "PSL",
    "mins": 480,
    "callback_eligible": true,
    "cover_allowed": false,
    "on_shift": false,
    "notes": "Cover by Dave O \u2014 phone in sick"
  },
  {
    "ID": "033b8763-8c8d-49c5-be1a-86528e5b5c6a",
    "date": "2025-10-31",
    "shift": "B Shift",
    "shift_type": "Night",
    "type_shift": "PNW",
    "mins": 240,
    "callback_eligible": false,
    "cover_allowed": false,
    "on_shift": true,
    "notes": ""
  },
  {
    "ID": "c15d0464-c70f-458e-a16f-e1109cf17ad2",
    "date": "2025-11-05",
    "shift": "B Shift",
    "day": "Wednesday",
    "holidays": "-",
    "shift_type": "Day",
    "type_shift": "SHIFT",
    "mins": 738,
    "callback_eligible": true,
    "cover_allowed": false,
    "on_shift": false,
    "notes": ""
  },
  {
    "ID": "ebbfbcce-ce71-4fb7-85ac-c7176e756084",
    "date": "2025-11-06",
    "shift": "B Shift",
    "day": "Thursday",
    "holidays": "-",
    "shift_type": "Day",
    "type_shift": "SHIFT",
    "mins": 738,
    "callback_eligible": true,
    "cover_allowed": false,
    "on_shift": false,
    "notes": ""
  },
  {
    "ID": "f249724b-29af-49a4-85ca-d155a9f58115",
    "date": "2025-11-07",
    "shift": "B Shift",
    "day": "Friday",
    "holidays": "-",
    "shift_type": "Night",
    "type_shift": "SHIFT",
    "on_shift": true,
    "mins": 738,
    "callback_eligible": true,
    "cover_allowed": true,
    "notes": ""
  },
  {
    "ID": "c7480f67-ef66-452f-b747-f149a3cd7fd2",
    "date": "2025-11-08",
    "shift": "B Shift",
    "day": "Saturday",
    "holidays": "-",
    "shift_type": "Night",
    "type_shift": "SHIFT",
    "on_shift": true,
    "mins": 738,
    "callback_eligible": true,
    "cover_allowed": true,
    "notes": ""
  },
  {
    "ID": "d6542f1b-79ed-49e2-81b2-977b39a691b4",
    "date": "2025-11-13",
    "shift": "B Shift",
    "day": "Thursday",
    "holidays": "-",
    "shift_type": "Day",
    "type_shift": "SHIFT",
    "on_shift": true,
    "mins": 720,
    "callback_eligible": true,
    "cover_allowed": true,
    "notes": ""
  },
  {
    "ID": "1a68228f-d1b8-4d22-839e-2f633060c045",
    "date": "2025-11-14",
    "shift": "B Shift",
    "day": "Friday",
    "holidays": "-",
    "shift_type": "Day",
    "type_shift": "SHIFT",
    "on_shift": true,
    "mins": 720,
    "callback_eligible": true,
    "cover_allowed": true,
    "notes": ""
  },
  {
    "ID": "2f02e9e8-73e8-4d06-86be-e934a7f15158",
    "date": "2025-11-15",
    "shift": "B Shift",
    "day": "Saturday",
    "holidays": "-",
    "shift_type": "Night",
    "type_shift": "SHIFT",
    "on_shift": true,
    "mins": 720,
    "callback_eligible": true,
    "cover_allowed": true,
    "notes": ""
  },
  {
    "ID": "0b97b0f5-8c26-4737-8b2d-47df739250b3",
    "date": "2025-11-16",
    "shift": "B Shift",
    "day": "Sunday",
    "holidays": "-",
    "shift_type": "Night",
    "type_shift": "SHIFT",
    "on_shift": true,
    "mins": 720,
    "callback_eligible": true,
    "cover_allowed": true,
    "notes": ""
  },
  {
    "ID": "21c4d469-39a0-4ed5-9d17-77c845ddc71c",
    "date": "2025-11-22",
    "shift": "B Shift",
    "day": "Saturday",
    "holidays": "-",
    "shift_type": "Day",
    "type_shift": "SHIFT",
    "on_shift": true,
    "mins": 720,
    "callback_eligible": true,
    "cover_allowed": true,
    "notes": ""
  },
  {
    "ID": "6bf06c80-3086-4709-a1b8-4316df49c826",
    "date": "2025-11-23",
    "shift": "B Shift",
    "day": "Sunday",
    "holidays": "-",
    "shift_type": "Night",
    "type_shift": "SHIFT",
    "on_shift": true,
    "mins": 720,
    "callback_eligible": true,
    "cover_allowed": true,
    "notes": ""
  },
  {
    "ID": "ccf482f8-378a-45af-ae0c-0bfe1351d17f",
    "date": "2025-11-24",
    "shift": "B Shift",
    "day": "Monday",
    "holidays": "-",
    "shift_type": "Night",
    "type_shift": "SHIFT",
    "on_shift": true,
    "mins": 720,
    "callback_eligible": true,
    "cover_allowed": true,
    "notes": ""
  },
  {
    "ID": "f6c83cfe-0959-41dc-91d8-9ebfed5a012e",
    "date": "2025-11-29",
    "shift": "B Shift",
    "day": "Saturday",
    "holidays": "-",
    "shift_type": "Day",
    "type_shift": "SHIFT",
    "on_shift": true,
    "mins": 720,
    "callback_eligible": true,
    "cover_allowed": true,
    "notes": ""
  },
  {
    "ID": "074ee3d1-765f-4848-8b65-9d0838101ab3",
    "date": "2025-11-30",
    "shift": "B Shift",
    "day": "Sunday",
    "holidays": "-",
    "shift_type": "Day",
    "type_shift": "SHIFT",
    "on_shift": true,
    "mins": 720,
    "callback_eligible": true,
    "cover_allowed": true,
    "notes": ""
  },
  {
    "ID": "a051d052-75d3-4997-a60b-4b83678b541f",
    "date": "2025-12-01",
    "shift": "B Shift",
    "day": "Monday",
    "holidays": "-",
    "shift_type": "Night",
    "type_shift": "SHIFT",
    "on_shift": true,
    "mins": 720,
    "callback_eligible": true,
    "cover_allowed": true,
    "notes": ""
  },
  {
    "ID": "0bac3559-0058-4b04-b6b5-ff803ffc1ad2",
    "date": "2025-12-02",
    "shift": "B Shift",
    "day": "Tuesday",
    "holidays": "-",
    "shift_type": "Night",
    "type_shift": "SHIFT",
    "on_shift": true,
    "mins": 720,
    "callback_eligible": true,
    "cover_allowed": true,
    "notes": ""
  },
  {
    "ID": "bb4aa914-d7d8-40c9-9895-fe277f402167",
    "date": "2025-12-07",
    "shift": "B Shift",
    "day": "Sunday",
    "holidays": "-",
    "shift_type": "Day",
    "type_shift": "SHIFT",
    "on_shift": true,
    "mins": 720,
    "callback_eligible": true,
    "cover_allowed": true,
    "notes": ""
  },
  {
    "ID": "dc3d27ae-1c69-4295-8e74-b9219d98f3c6",
    "date": "2025-12-08",
    "shift": "B Shift",
    "day": "Monday",
    "holidays": "-",
    "shift_type": "Day",
    "type_shift": "SHIFT",
    "on_shift": true,
    "mins": 720,
    "callback_eligible": true,
    "cover_allowed": true,
    "notes": ""
  },
  {
    "ID": "4a83215b-91aa-4fde-87b0-0eedfdeed809",
    "date": "2025-12-09",
    "shift": "B Shift",
    "day": "Tuesday",
    "holidays": "-",
    "shift_type": "Night",
    "type_shift": "SHIFT",
    "on_shift": true,
    "mins": 720,
    "callback_eligible": true,
    "cover_allowed": true,
    "notes": ""
  },
  {
    "ID": "39473ac1-d464-469d-83d6-c8597c114ae4",
    "date": "2025-12-10",
    "shift": "B Shift",
    "day": "Wednesday",
    "holidays": "-",
    "shift_type": "Night",
    "type_shift": "SHIFT",
    "on_shift": true,
    "mins": 720,
    "callback_eligible": true,
    "cover_allowed": true,
    "notes": ""
  },
  {
    "ID": "6d1540e0-d69c-4975-9ac4-b9ef8153776d",
    "date": "2025-12-15",
    "shift": "B Shift",
    "day": "Monday",
    "holidays": "-",
    "shift_type": "Day",
    "type_shift": "SHIFT",
    "on_shift": true,
    "mins": 720,
    "callback_eligible": true,
    "cover_allowed": true,
    "notes": ""
  },
  {
    "ID": "64d212eb-835e-4a9b-9f0c-5c00dfc7e13f",
    "date": "2025-12-16",
    "shift": "B Shift",
    "day": "Tuesday",
    "holidays": "-",
    "shift_type": "Day",
    "type_shift": "SHIFT",
    "on_shift": true,
    "mins": 720,
    "callback_eligible": true,
    "cover_allowed": true,
    "notes": ""
  },
  {
    "ID": "9d85f430-601f-42d9-8395-8f047ef50182",
    "date": "2025-12-17",
    "shift": "B Shift",
    "day": "Wednesday",
    "holidays": "-",
    "shift_type": "Night",
    "type_shift": "SHIFT",
    "on_shift": true,
    "mins": 720,
    "callback_eligible": true,
    "cover_allowed": true,
    "notes": ""
  },
  {
    "ID": "c99491c7-0cc3-44b3-ae04-475ddd018b5a",
    "date": "2025-12-18",
    "shift": "B Shift",
    "day": "Thursday",
    "holidays": "-",
    "shift_type": "Night",
    "type_shift": "SHIFT",
    "on_shift": true,
    "mins": 720,
    "callback_eligible": true,
    "cover_allowed": true,
    "notes": ""
  },
  {
    "ID": "23af476f-e59c-4b2d-a471-82ef4f2fb7ea",
    "date": "2025-12-23",
    "shift": "B Shift",
    "day": "Tuesday",
    "holidays": "-",
    "shift_type": "Day",
    "type_shift": "SHIFT",
    "on_shift": true,
    "mins": 720,
    "callback_eligible": true,
    "cover_allowed": true,
    "notes": ""
  },
  {
    "ID": "11c40eac-f417-445c-bac8-6d2c47c62c68",
    "date": "2025-12-24",
    "shift": "B Shift",
    "day": "Wednesday",
    "holidays": "-",
    "shift_type": "Day",
    "type_shift": "SHIFT",
    "on_shift": true,
    "mins": 720,
    "callback_eligible": true,
    "cover_allowed": true,
    "notes": ""
  },
  {
    "ID": "3315d8bd-989e-4825-a07d-6830bdd7b699",
    "date": "2025-12-25",
    "shift": "B Shift",
    "day": "Thursday",
    "holidays": "Christmas Day",
    "shift_type": "Night",
    "type_shift": "SHIFT",
    "on_shift": true,
    "mins": 720,
    "callback_eligible": true,
    "cover_allowed": true,
    "notes": ""
  },
  {
    "ID": "dfe025d5-0e28-413d-9c35-0a36fc3cafe5",
    "date": "2025-12-26",
    "shift": "B Shift",
    "day": "Friday",
    "holidays": "Boxing Day",
    "shift_type": "Night",
    "type_shift": "SHIFT",
    "on_shift": true,
    "mins": 720,
    "callback_eligible": true,
    "cover_allowed": true,
    "notes": ""
  },
  {
    "ID": "911524db-17a9-4381-871f-3e4958b68339",
    "date": "2025-12-31",
    "shift": "B Shift",
    "day": "Wednesday",
    "holidays": "-",
    "shift_type": "Day",
    "type_shift": "SHIFT",
    "on_shift": true,
    "mins": 720,
    "callback_eligible": true,
    "cover_allowed": true,
    "notes": ""
  },
  {
    "ID": "f685f7b3-c7a3-44bb-94ff-4c7993d582d5",
    "date": "2026-01-01",
    "shift": "B Shift",
    "day": "Thursday",
    "holidays": "New Year's Day",
    "shift_type": "Day",
    "type_shift": "SHIFT",
    "on_shift": true,
    "mins": 720,
    "callback_eligible": true,
    "cover_allowed": true,
    "notes": ""
  },
  {
    "ID": "316dbf9e-fd92-446c-8921-96382254345b",
    "date": "2026-01-02",
    "shift": "B Shift",
    "day": "Friday",
    "holidays": "Day after New Year's Day",
    "shift_type": "Night",
    "type_shift": "SHIFT",
    "on_shift": true,
    "mins": 720,
    "callback_eligible": true,
    "cover_allowed": true,
    "notes": ""
  },
  {
    "ID": "8d3f2ca5-363b-4a3d-86cc-f30557de8dfe",
    "date": "2026-01-03",
    "shift": "B Shift",
    "day": "Saturday",
    "holidays": "-",
    "shift_type": "Night",
    "type_shift": "SHIFT",
    "on_shift": true,
    "mins": 720,
    "callback_eligible": true,
    "cover_allowed": true,
    "notes": ""
  },
  {
    "ID": "164b184c-4725-4b23-a7b5-451ad1d689ae",
    "date": "2026-01-08",
    "shift": "B Shift",
    "day": "Thursday",
    "holidays": "-",
    "shift_type": "Day",
    "type_shift": "SHIFT",
    "on_shift": true,
    "mins": 720,
    "callback_eligible": true,
    "cover_allowed": true,
    "notes": ""
  },
  {
    "ID": "9bec0f82-7d0d-4334-8fb2-2632ecde99ec",
    "date": "2026-01-09",
    "shift": "B Shift",
    "day": "Friday",
    "holidays": "-",
    "shift_type": "Day",
    "type_shift": "SHIFT",
    "on_shift": true,
    "mins": 720,
    "callback_eligible": true,
    "cover_allowed": true,
    "notes": ""
  },
  {
    "ID": "d14cec6e-1d6c-4e0b-a634-11cbc554afb6",
    "date": "2026-01-10",
    "shift": "B Shift",
    "day": "Saturday",
    "holidays": "-",
    "shift_type": "Night",
    "type_shift": "SHIFT",
    "on_shift": true,
    "mins": 720,
    "callback_eligible": true,
    "cover_allowed": true,
    "notes": ""
  },
  {
    "ID": "663025e8-909c-4ae0-b695-7a890e2e075c",
    "date": "2026-01-11",
    "shift": "B Shift",
    "day": "Sunday",
    "holidays": "-",
    "shift_type": "Night",
    "type_shift": "SHIFT",
    "on_shift": true,
    "mins": 720,
    "callback_eligible": true,
    "cover_allowed": true,
    "notes": ""
  },
  {
    "ID": "677a361c-86ed-4542-b449-f5776f8eaa3f",
    "date": "2026-01-16",
    "shift": "B Shift",
    "day": "Friday",
    "holidays": "-",
    "shift_type": "Day",
    "type_shift": "SHIFT",
    "on_shift": true,
    "mins": 720,
    "callback_eligible": true,
    "cover_allowed": true,
    "notes": ""
  },
  {
    "ID": "6bec33dc-a6ee-4d60-a04e-f38ddccd0c98",
    "date": "2026-01-17",
    "shift": "B Shift",
    "day": "Saturday",
    "holidays": "-",
    "shift_type": "Day",
    "type_shift": "SHIFT",
    "on_shift": true,
    "mins": 720,
    "callback_eligible": true,
    "cover_allowed": true,
    "notes": ""
  },
  {
    "ID": "15438115-77db-4935-97a2-437958c9a189",
    "date": "2026-01-18",
    "shift": "B Shift",
    "day": "Sunday",
    "holidays": "-",
    "shift_type": "Night",
    "type_shift": "SHIFT",
    "on_shift": true,
    "mins": 720,
    "callback_eligible": true,
    "cover_allowed": true,
    "notes": ""
  },
  {
    "ID": "4e5e13a3-e56c-4e87-aaea-6e84af201d33",
    "date": "2026-01-19",
    "shift": "B Shift",
    "day": "Monday",
    "holidays": "-",
    "shift_type": "Night",
    "type_shift": "SHIFT",
    "on_shift": true,
    "mins": 720,
    "callback_eligible": true,
    "cover_allowed": true,
    "notes": ""
  },
  {
    "ID": "a4a0b8fb-0bec-46d9-b3c6-41a49938e62b",
    "date": "2026-01-24",
    "shift": "B Shift",
    "day": "Saturday",
    "holidays": "-",
    "shift_type": "Day",
    "type_shift": "SHIFT",
    "mins": 720,
    "callback_eligible": true,
    "cover_allowed": false,
    "on_shift": false,
    "notes": ""
  },
  {
    "ID": "b6fafad3-3c76-44d8-ae63-01cb00d3ae26",
    "date": "2026-01-25",
    "shift": "B Shift",
    "day": "Sunday",
    "holidays": "-",
    "shift_type": "Day",
    "type_shift": "SHIFT",
    "mins": 720,
    "callback_eligible": true,
    "cover_allowed": false,
    "on_shift": false,
    "notes": ""
  },
  {
    "ID": "d8803ca6-e795-401e-8d99-dfcd6e2175fa",
    "date": "2026-01-26",
    "shift": "B Shift",
    "day": "Monday",
    "holidays": "-",
    "shift_type": "Night",
    "type_shift": "SHIFT",
    "mins": 720,
    "callback_eligible": true,
    "cover_allowed": false,
    "on_shift": false,
    "notes": ""
  },
  {
    "ID": "ba3e87d9-f0ea-449c-a920-e6e4435095bc",
    "date": "2026-01-27",
    "shift": "B Shift",
    "day": "Tuesday",
    "holidays": "-",
    "shift_type": "Night",
    "type_shift": "SHIFT",
    "mins": 720,
    "callback_eligible": true,
    "cover_allowed": false,
    "on_shift": false,
    "notes": ""
  },
  {
    "ID": "ea6b0950-5e38-4eac-90bb-4fd9ec85c0b6",
    "date": "2026-02-01",
    "shift": "B Shift",
    "day": "Sunday",
    "holidays": "-",
    "shift_type": "Day",
    "type_shift": "SHIFT",
    "on_shift": true,
    "mins": 720,
    "callback_eligible": true,
    "cover_allowed": true,
    "notes": ""
  },
  {
    "ID": "08b4513b-296c-438d-b393-e88ef6f8a3c4",
    "date": "2026-02-02",
    "shift": "B Shift",
    "day": "Monday",
    "holidays": "-",
    "shift_type": "Day",
    "type_shift": "SHIFT",
    "on_shift": true,
    "mins": 720,
    "callback_eligible": true,
    "cover_allowed": true,
    "notes": ""
  },
  {
    "ID": "8db558d2-792a-4773-a78f-fe961f12d3eb",
    "date": "2026-02-03",
    "shift": "B Shift",
    "day": "Tuesday",
    "holidays": "-",
    "shift_type": "Night",
    "type_shift": "SHIFT",
    "on_shift": true,
    "mins": 720,
    "callback_eligible": true,
    "cover_allowed": true,
    "notes": ""
  },
  {
    "ID": "6b9e8e52-71e6-4524-9db2-cff3a56f66fb",
    "date": "2026-02-04",
    "shift": "B Shift",
    "day": "Wednesday",
    "holidays": "-",
    "shift_type": "Night",
    "type_shift": "SHIFT",
    "on_shift": true,
    "mins": 720,
    "callback_eligible": true,
    "cover_allowed": true,
    "notes": ""
  },
  {
    "ID": "8bc363a4-d686-4291-9d0e-f7ed956f18df",
    "date": "2026-02-09",
    "shift": "B Shift",
    "day": "Monday",
    "holidays": "-",
    "shift_type": "Day",
    "type_shift": "SHIFT",
    "on_shift": true,
    "mins": 720,
    "callback_eligible": true,
    "cover_allowed": true,
    "notes": ""
  },
  {
    "ID": "a7116455-649b-4497-bfd1-1b1f64c2f76a",
    "date": "2026-02-10",
    "shift": "B Shift",
    "day": "Tuesday",
    "holidays": "-",
    "shift_type": "Day",
    "type_shift": "SHIFT",
    "on_shift": true,
    "mins": 720,
    "callback_eligible": true,
    "cover_allowed": true,
    "notes": ""
  },
  {
    "ID": "cc9d03c6-2ec7-42b3-8a2a-8fc344257178",
    "date": "2026-02-11",
    "shift": "B Shift",
    "day": "Wednesday",
    "holidays": "-",
    "shift_type": "Night",
    "type_shift": "SHIFT",
    "on_shift": true,
    "mins": 720,
    "callback_eligible": true,
    "cover_allowed": true,
    "notes": ""
  },
  {
    "ID": "7a43bb7d-92ed-446a-a6b3-0ec0dc928114",
    "date": "2026-02-12",
    "shift": "B Shift",
    "day": "Thursday",
    "holidays": "-",
    "shift_type": "Night",
    "type_shift": "SHIFT",
    "on_shift": true,
    "mins": 720,
    "callback_eligible": true,
    "cover_allowed": true,
    "notes": ""
  },
  {
    "ID": "d8ded6b2-0386-4fac-ac31-9642e1c4d7ef",
    "date": "2026-02-17",
    "shift": "B Shift",
    "day": "Tuesday",
    "holidays": "-",
    "shift_type": "Day",
    "type_shift": "SHIFT",
    "on_shift": true,
    "mins": 720,
    "callback_eligible": true,
    "cover_allowed": true,
    "notes": ""
  },
  {
    "ID": "aff6de01-0b36-4412-8443-b5e40409c4df",
    "date": "2026-02-18",
    "shift": "B Shift",
    "day": "Wednesday",
    "holidays": "-",
    "shift_type": "Day",
    "type_shift": "SHIFT",
    "on_shift": true,
    "mins": 720,
    "callback_eligible": true,
    "cover_allowed": true,
    "notes": ""
  },
  {
    "ID": "61fa6000-e178-4cb8-8a79-9357a257dc21",
    "date": "2026-02-19",
    "shift": "B Shift",
    "day": "Thursday",
    "holidays": "-",
    "shift_type": "Night",
    "type_shift": "SHIFT",
    "on_shift": true,
    "mins": 720,
    "callback_eligible": true,
    "cover_allowed": true,
    "notes": ""
  },
  {
    "ID": "58be3d8d-6bec-4536-b6dd-b6e4fa5b1800",
    "date": "2026-02-20",
    "shift": "B Shift",
    "day": "Friday",
    "holidays": "-",
    "shift_type": "Night",
    "type_shift": "SHIFT",
    "on_shift": true,
    "mins": 720,
    "callback_eligible": true,
    "cover_allowed": true,
    "notes": ""
  },
  {
    "ID": "dccb270c-e3bd-48f3-b37e-8876da68bc29",
    "date": "2026-02-25",
    "shift": "B Shift",
    "day": "Wednesday",
    "holidays": "-",
    "shift_type": "Day",
    "type_shift": "SHIFT",
    "on_shift": true,
    "mins": 720,
    "callback_eligible": true,
    "cover_allowed": true,
    "notes": ""
  },
  {
    "ID": "ae7bc1f5-53d0-44e5-b905-9fcbd858f31c",
    "date": "2026-02-26",
    "shift": "B Shift",
    "day": "Thursday",
    "holidays": "-",
    "shift_type": "Day",
    "type_shift": "SHIFT",
    "on_shift": true,
    "mins": 720,
    "callback_eligible": true,
    "cover_allowed": true,
    "notes": ""
  },
  {
    "ID": "a06da6c7-befe-4be6-a59b-aab57cdcbb67",
    "date": "2026-02-27",
    "shift": "B Shift",
    "day": "Friday",
    "holidays": "-",
    "shift_type": "Night",
    "type_shift": "SHIFT",
    "on_shift": true,
    "mins": 720,
    "callback_eligible": true,
    "cover_allowed": true,
    "notes": ""
  },
  {
    "ID": "39e8d369-d900-433b-bf82-348846c03999",
    "date": "2026-02-28",
    "shift": "B Shift",
    "day": "Saturday",
    "holidays": "-",
    "shift_type": "Night",
    "type_shift": "SHIFT",
    "on_shift": true,
    "mins": 720,
    "callback_eligible": true,
    "cover_allowed": true,
    "notes": ""
  },
  {
    "ID": "070762af-efae-4cb4-b917-2e6552f2b3f6",
    "date": "2026-03-05",
    "shift": "B Shift",
    "day": "Thursday",
    "holidays": "-",
    "shift_type": "Day",
    "type_shift": "SHIFT",
    "on_shift": true,
    "mins": 720,
    "callback_eligible": true,
    "cover_allowed": true,
    "notes": ""
  },
  {
    "ID": "75aabbfd-bd06-4fd7-a6b8-ba193caf5cd7",
    "date": "2026-03-06",
    "shift": "B Shift",
    "day": "Friday",
    "holidays": "-",
    "shift_type": "Day",
    "type_shift": "SHIFT",
    "on_shift": true,
    "mins": 720,
    "callback_eligible": true,
    "cover_allowed": true,
    "notes": ""
  },
  {
    "ID": "0e2cc46d-06cf-479a-909e-8186b178bbb0",
    "date": "2026-03-07",
    "shift": "B Shift",
    "day": "Saturday",
    "holidays": "-",
    "shift_type": "Night",
    "type_shift": "SHIFT",
    "on_shift": true,
    "mins": 720,
    "callback_eligible": true,
    "cover_allowed": true,
    "notes": ""
  },
  {
    "ID": "12d03c2a-2d79-4e89-adcd-fe3aeb7ee2ce",
    "date": "2026-03-08",
    "shift": "B Shift",
    "day": "Sunday",
    "holidays": "-",
    "shift_type": "Night",
    "type_shift": "SHIFT",
    "on_shift": true,
    "mins": 720,
    "callback_eligible": true,
    "cover_allowed": true,
    "notes": ""
  },
  {
    "ID": "85c788af-af85-408b-add0-d95cd37ed2c4",
    "date": "2026-03-13",
    "shift": "B Shift",
    "day": "Friday",
    "holidays": "-",
    "shift_type": "Day",
    "type_shift": "SHIFT",
    "on_shift": true,
    "mins": 720,
    "callback_eligible": true,
    "cover_allowed": true,
    "notes": ""
  },
  {
    "ID": "f01b70a3-532c-477d-82b1-2300ad26cb8d",
    "date": "2026-03-14",
    "shift": "B Shift",
    "day": "Saturday",
    "holidays": "-",
    "shift_type": "Day",
    "type_shift": "SHIFT",
    "on_shift": true,
    "mins": 720,
    "callback_eligible": true,
    "cover_allowed": true,
    "notes": ""
  },
  {
    "ID": "ee2fdac8-85b8-4ffb-b72c-d819e6816b00",
    "date": "2026-03-15",
    "shift": "B Shift",
    "day": "Sunday",
    "holidays": "-",
    "shift_type": "Night",
    "type_shift": "SHIFT",
    "on_shift": true,
    "mins": 720,
    "callback_eligible": true,
    "cover_allowed": true,
    "notes": ""
  },
  {
    "ID": "58dc57c4-563d-4f4f-9d1e-eae915fd0bcb",
    "date": "2026-03-16",
    "shift": "B Shift",
    "day": "Monday",
    "holidays": "-",
    "shift_type": "Night",
    "type_shift": "SHIFT",
    "on_shift": true,
    "mins": 720,
    "callback_eligible": true,
    "cover_allowed": true,
    "notes": ""
  },
  {
    "ID": "07f2d344-bfc7-41e4-ad30-b9919818ff32",
    "date": "2026-03-21",
    "shift": "B Shift",
    "day": "Saturday",
    "holidays": "-",
    "shift_type": "Day",
    "type_shift": "SHIFT",
    "on_shift": true,
    "mins": 720,
    "callback_eligible": true,
    "cover_allowed": true,
    "notes": ""
  },
  {
    "ID": "e3de5fc5-70e8-4d41-99c5-4ee98ece5119",
    "date": "2026-03-22",
    "shift": "B Shift",
    "day": "Sunday",
    "holidays": "-",
    "shift_type": "Day",
    "type_shift": "SHIFT",
    "on_shift": true,
    "mins": 720,
    "callback_eligible": true,
    "cover_allowed": true,
    "notes": ""
  },
  {
    "ID": "9ebf6d25-abe8-4924-a361-d53850b8767b",
    "date": "2026-03-23",
    "shift": "B Shift",
    "day": "Monday",
    "holidays": "-",
    "shift_type": "Night",
    "type_shift": "SHIFT",
    "on_shift": true,
    "mins": 720,
    "callback_eligible": true,
    "cover_allowed": true,
    "notes": ""
  },
  {
    "ID": "b84d36a4-15c0-4cad-8ad8-92d7ddebb3cf",
    "date": "2026-03-24",
    "shift": "B Shift",
    "day": "Tuesday",
    "holidays": "-",
    "shift_type": "Night",
    "type_shift": "SHIFT",
    "on_shift": true,
    "mins": 720,
    "callback_eligible": true,
    "cover_allowed": true,
    "notes": ""
  },
  {
    "ID": "3cb0d514-2e17-48b7-af74-9307147234ce",
    "date": "2026-03-29",
    "shift": "B Shift",
    "day": "Sunday",
    "holidays": "-",
    "shift_type": "Day",
    "type_shift": "SHIFT",
    "on_shift": true,
    "mins": 720,
    "callback_eligible": true,
    "cover_allowed": true,
    "notes": ""
  },
  {
    "ID": "067b44a0-a159-414a-b356-0381a1aca0e1",
    "date": "2026-03-30",
    "shift": "B Shift",
    "day": "Monday",
    "holidays": "-",
    "shift_type": "Day",
    "type_shift": "SHIFT",
    "on_shift": true,
    "mins": 720,
    "callback_eligible": true,
    "cover_allowed": true,
    "notes": ""
  },
  {
    "ID": "324a9d07-ddad-4734-a7e9-28503960ef1a",
    "date": "2026-03-31",
    "shift": "B Shift",
    "day": "Tuesday",
    "holidays": "-",
    "shift_type": "Night",
    "type_shift": "SHIFT",
    "on_shift": true,
    "mins": 720,
    "callback_eligible": true,
    "cover_allowed": true,
    "notes": ""
  },
  {
    "ID": "046a76fa-7b94-43db-8573-7e90cec9aba2",
    "date": "2026-04-01",
    "shift": "B Shift",
    "day": "Wednesday",
    "holidays": "-",
    "shift_type": "Night",
    "type_shift": "SHIFT",
    "on_shift": true,
    "mins": 720,
    "callback_eligible": true,
    "cover_allowed": true,
    "notes": ""
  },
  {
    "ID": "e6c7540b-e8cd-4423-b38b-6f4815e2efad",
    "date": "2026-04-06",
    "shift": "B Shift",
    "day": "Monday",
    "holidays": "Easter Monday",
    "shift_type": "Day",
    "type_shift": "SHIFT",
    "on_shift": true,
    "mins": 720,
    "callback_eligible": true,
    "cover_allowed": true,
    "notes": ""
  },
  {
    "ID": "f5aa2d03-43b5-4ff6-8b8b-347b0af96a39",
    "date": "2026-04-07",
    "shift": "B Shift",
    "day": "Tuesday",
    "holidays": "-",
    "shift_type": "Day",
    "type_shift": "SHIFT",
    "on_shift": true,
    "mins": 720,
    "callback_eligible": true,
    "cover_allowed": true,
    "notes": ""
  },
  {
    "ID": "89240720-c414-46e4-975d-5c09935ce439",
    "date": "2026-04-08",
    "shift": "B Shift",
    "day": "Wednesday",
    "holidays": "-",
    "shift_type": "Night",
    "type_shift": "SHIFT",
    "on_shift": true,
    "mins": 720,
    "callback_eligible": true,
    "cover_allowed": true,
    "notes": ""
  },
  {
    "ID": "6cfaaa48-07b8-4cd2-9a17-9c1779319629",
    "date": "2026-04-09",
    "shift": "B Shift",
    "day": "Thursday",
    "holidays": "-",
    "shift_type": "Night",
    "type_shift": "SHIFT",
    "on_shift": true,
    "mins": 720,
    "callback_eligible": true,
    "cover_allowed": true,
    "notes": ""
  },
  {
    "ID": "396cf2ea-5168-47aa-b56c-daaa15e93543",
    "date": "2026-04-14",
    "shift": "B Shift",
    "day": "Tuesday",
    "holidays": "-",
    "shift_type": "Day",
    "type_shift": "SHIFT",
    "on_shift": true,
    "mins": 720,
    "callback_eligible": true,
    "cover_allowed": true,
    "notes": ""
  },
  {
    "ID": "8538dfc8-e332-4562-8daa-eb2c531a8f31",
    "date": "2026-04-15",
    "shift": "B Shift",
    "day": "Wednesday",
    "holidays": "-",
    "shift_type": "Day",
    "type_shift": "SHIFT",
    "on_shift": true,
    "mins": 720,
    "callback_eligible": true,
    "cover_allowed": true,
    "notes": ""
  },
  {
    "ID": "d8915f14-925c-4e7c-963d-87ff15e25015",
    "date": "2026-04-16",
    "shift": "B Shift",
    "day": "Thursday",
    "holidays": "-",
    "shift_type": "Night",
    "type_shift": "SHIFT",
    "on_shift": true,
    "mins": 720,
    "callback_eligible": true,
    "cover_allowed": true,
    "notes": ""
  },
  {
    "ID": "d767b6dd-d892-465d-af77-a355f1f6f259",
    "date": "2026-04-17",
    "shift": "B Shift",
    "day": "Friday",
    "holidays": "-",
    "shift_type": "Night",
    "type_shift": "SHIFT",
    "on_shift": true,
    "mins": 720,
    "callback_eligible": true,
    "cover_allowed": true,
    "notes": ""
  },
  {
    "ID": "07bd658a-1836-4951-89d7-bc4442a43dee",
    "date": "2026-04-22",
    "shift": "B Shift",
    "day": "Wednesday",
    "holidays": "-",
    "shift_type": "Day",
    "type_shift": "SHIFT",
    "on_shift": true,
    "mins": 720,
    "callback_eligible": true,
    "cover_allowed": true,
    "notes": ""
  },
  {
    "ID": "b7b23121-75b6-42bd-a959-1ec5807f7ac2",
    "date": "2026-04-23",
    "shift": "B Shift",
    "day": "Thursday",
    "holidays": "-",
    "shift_type": "Day",
    "type_shift": "SHIFT",
    "on_shift": true,
    "mins": 720,
    "callback_eligible": true,
    "cover_allowed": true,
    "notes": ""
  },
  {
    "ID": "857a8227-78d3-4e7f-af42-88793ded9cad",
    "date": "2026-04-24",
    "shift": "B Shift",
    "day": "Friday",
    "holidays": "-",
    "shift_type": "Night",
    "type_shift": "SHIFT",
    "on_shift": true,
    "mins": 720,
    "callback_eligible": true,
    "cover_allowed": true,
    "notes": ""
  },
  {
    "ID": "c44abe50-b6f5-4871-8b5d-e8249f8cdb03",
    "date": "2026-04-25",
    "shift": "B Shift",
    "day": "Saturday",
    "holidays": "Anzac Day",
    "shift_type": "Night",
    "type_shift": "SHIFT",
    "on_shift": true,
    "mins": 720,
    "callback_eligible": true,
    "cover_allowed": true,
    "notes": ""
  },
  {
    "ID": "ed544f66-42c0-4e81-abf9-6c5773db7700",
    "date": "2026-04-30",
    "shift": "B Shift",
    "day": "Thursday",
    "holidays": "-",
    "shift_type": "Day",
    "type_shift": "SHIFT",
    "on_shift": true,
    "mins": 720,
    "callback_eligible": true,
    "cover_allowed": true,
    "notes": ""
  },
  {
    "ID": "454b2745-8544-4111-970d-9933e11fd9a7",
    "date": "2026-05-01",
    "shift": "B Shift",
    "day": "Friday",
    "holidays": "-",
    "shift_type": "Day",
    "type_shift": "SHIFT",
    "on_shift": true,
    "mins": 720,
    "callback_eligible": true,
    "cover_allowed": true,
    "notes": ""
  },
  {
    "ID": "d25c1247-91c7-44aa-802f-015c810fc202",
    "date": "2026-05-02",
    "shift": "B Shift",
    "day": "Saturday",
    "holidays": "-",
    "shift_type": "Night",
    "type_shift": "SHIFT",
    "on_shift": true,
    "mins": 720,
    "callback_eligible": true,
    "cover_allowed": true,
    "notes": ""
  },
  {
    "ID": "c3561244-b3ec-45c2-8454-75b106b47df5",
    "date": "2026-05-03",
    "shift": "B Shift",
    "day": "Sunday",
    "holidays": "-",
    "shift_type": "Night",
    "type_shift": "SHIFT",
    "on_shift": true,
    "mins": 720,
    "callback_eligible": true,
    "cover_allowed": true,
    "notes": ""
  },
  {
    "ID": "ac222430-e6bc-4ef4-8585-042e4c7a3f27",
    "date": "2026-05-08",
    "shift": "B Shift",
    "day": "Friday",
    "holidays": "-",
    "shift_type": "Day",
    "type_shift": "SHIFT",
    "on_shift": true,
    "mins": 720,
    "callback_eligible": true,
    "cover_allowed": true,
    "notes": ""
  },
  {
    "ID": "550e7229-6fe9-44ba-82fa-d65fb296abe9",
    "date": "2026-05-09",
    "shift": "B Shift",
    "day": "Saturday",
    "holidays": "-",
    "shift_type": "Day",
    "type_shift": "SHIFT",
    "on_shift": true,
    "mins": 720,
    "callback_eligible": true,
    "cover_allowed": true,
    "notes": ""
  },
  {
    "ID": "1dd070aa-5b1b-435a-8e37-ff48e3e37e4a",
    "date": "2026-05-10",
    "shift": "B Shift",
    "day": "Sunday",
    "holidays": "-",
    "shift_type": "Night",
    "type_shift": "SHIFT",
    "on_shift": true,
    "mins": 720,
    "callback_eligible": true,
    "cover_allowed": true,
    "notes": ""
  },
  {
    "ID": "df54fb28-7ef6-4e48-8e7a-46d1d51f7b8f",
    "date": "2026-05-11",
    "shift": "B Shift",
    "day": "Monday",
    "holidays": "-",
    "shift_type": "Night",
    "type_shift": "SHIFT",
    "on_shift": true,
    "mins": 720,
    "callback_eligible": true,
    "cover_allowed": true,
    "notes": ""
  },
  {
    "ID": "e2418c0e-74a0-48bf-b967-94555438eb20",
    "date": "2026-05-16",
    "shift": "B Shift",
    "day": "Saturday",
    "holidays": "-",
    "shift_type": "Day",
    "type_shift": "SHIFT",
    "on_shift": true,
    "mins": 720,
    "callback_eligible": true,
    "cover_allowed": true,
    "notes": ""
  },
  {
    "ID": "feeedc9e-a93a-44f6-8e9a-05bcac5a99c2",
    "date": "2026-05-17",
    "shift": "B Shift",
    "day": "Sunday",
    "holidays": "-",
    "shift_type": "Day",
    "type_shift": "SHIFT",
    "on_shift": true,
    "mins": 720,
    "callback_eligible": true,
    "cover_allowed": true,
    "notes": ""
  },
  {
    "ID": "760082fd-cdaa-4c2f-aede-c38dc2680c86",
    "date": "2026-05-18",
    "shift": "B Shift",
    "day": "Monday",
    "holidays": "-",
    "shift_type": "Night",
    "type_shift": "SHIFT",
    "on_shift": true,
    "mins": 720,
    "callback_eligible": true,
    "cover_allowed": true,
    "notes": ""
  },
  {
    "ID": "f027a0d8-44cf-4eb4-9ae7-a42045726d34",
    "date": "2026-05-19",
    "shift": "B Shift",
    "day": "Tuesday",
    "holidays": "-",
    "shift_type": "Night",
    "type_shift": "SHIFT",
    "on_shift": true,
    "mins": 720,
    "callback_eligible": true,
    "cover_allowed": true,
    "notes": ""
  },
  {
    "ID": "e26cf5ee-4f7b-4d1d-8679-0cb8b7502f80",
    "date": "2026-05-24",
    "shift": "B Shift",
    "day": "Sunday",
    "holidays": "-",
    "shift_type": "Day",
    "type_shift": "SHIFT",
    "on_shift": true,
    "mins": 720,
    "callback_eligible": true,
    "cover_allowed": true,
    "notes": ""
  },
  {
    "ID": "0bc1a8e1-832d-44f4-bbf5-886f0c8a6185",
    "date": "2026-05-25",
    "shift": "B Shift",
    "day": "Monday",
    "holidays": "-",
    "shift_type": "Day",
    "type_shift": "SHIFT",
    "on_shift": true,
    "mins": 720,
    "callback_eligible": true,
    "cover_allowed": true,
    "notes": ""
  },
  {
    "ID": "d3bfb2f3-c7ad-4477-a50b-b9209e78fd61",
    "date": "2026-05-26",
    "shift": "B Shift",
    "day": "Tuesday",
    "holidays": "-",
    "shift_type": "Night",
    "type_shift": "SHIFT",
    "on_shift": true,
    "mins": 720,
    "callback_eligible": true,
    "cover_allowed": true,
    "notes": ""
  },
  {
    "ID": "db8c28ec-9ce3-4ccd-a914-46ede93ad284",
    "date": "2026-05-27",
    "shift": "B Shift",
    "day": "Wednesday",
    "holidays": "-",
    "shift_type": "Night",
    "type_shift": "SHIFT",
    "on_shift": true,
    "mins": 720,
    "callback_eligible": true,
    "cover_allowed": true,
    "notes": ""
  },
  {
    "ID": "6c549c70-f3d3-4434-a026-e72bf612f76e",
    "date": "2026-06-01",
    "shift": "B Shift",
    "day": "Monday",
    "holidays": "King's Birthday",
    "shift_type": "Day",
    "type_shift": "SHIFT",
    "on_shift": true,
    "mins": 600,
    "callback_eligible": true,
    "cover_allowed": true,
    "notes": ""
  },
  {
    "ID": "029108ec-8162-47fa-9837-d7c3e07f70a7",
    "date": "2026-06-02",
    "shift": "B Shift",
    "day": "Tuesday",
    "holidays": "-",
    "shift_type": "Day",
    "type_shift": "SHIFT",
    "on_shift": true,
    "mins": 600,
    "callback_eligible": true,
    "cover_allowed": true,
    "notes": ""
  },
  {
    "ID": "06477474-0500-4e9d-8b5c-0459e44d93a4",
    "date": "2026-06-03",
    "shift": "B Shift",
    "day": "Wednesday",
    "holidays": "-",
    "shift_type": "Day",
    "type_shift": "SHIFT",
    "on_shift": true,
    "mins": 600,
    "callback_eligible": true,
    "cover_allowed": true,
    "notes": ""
  },
  {
    "ID": "2900efca-2a45-44a3-be01-6c1bee901654",
    "date": "2026-06-04",
    "shift": "B Shift",
    "day": "Thursday",
    "holidays": "-",
    "shift_type": "Day",
    "type_shift": "SHIFT",
    "on_shift": true,
    "mins": 600,
    "callback_eligible": true,
    "cover_allowed": true,
    "notes": ""
  },
  {
    "ID": "e31ca76c-5546-4db9-a8da-99179614c487",
    "date": "2026-06-08",
    "shift": "B Shift",
    "day": "Monday",
    "holidays": "-",
    "shift_type": "Day",
    "type_shift": "SHIFT",
    "on_shift": true,
    "mins": 600,
    "callback_eligible": true,
    "cover_allowed": true,
    "notes": ""
  },
  {
    "ID": "be6c3751-a70c-471f-ab4d-2cd907e3dc93",
    "date": "2026-06-09",
    "shift": "B Shift",
    "day": "Tuesday",
    "holidays": "-",
    "shift_type": "Day",
    "type_shift": "SHIFT",
    "on_shift": true,
    "mins": 600,
    "callback_eligible": true,
    "cover_allowed": true,
    "notes": ""
  },
  {
    "ID": "e143de36-ce91-441f-afc9-f78cbcf00125",
    "date": "2026-06-10",
    "shift": "B Shift",
    "day": "Wednesday",
    "holidays": "-",
    "shift_type": "Day",
    "type_shift": "SHIFT",
    "on_shift": true,
    "mins": 600,
    "callback_eligible": true,
    "cover_allowed": true,
    "notes": ""
  },
  {
    "ID": "287fd20d-19bb-429b-b68f-2dd1d0cb5a53",
    "date": "2026-06-11",
    "shift": "B Shift",
    "day": "Thursday",
    "holidays": "-",
    "shift_type": "Day",
    "type_shift": "SHIFT",
    "on_shift": true,
    "mins": 600,
    "callback_eligible": true,
    "cover_allowed": true,
    "notes": ""
  },
  {
    "ID": "ac31060b-367b-49c7-ac59-bd3026b321f1",
    "date": "2026-06-15",
    "shift": "B Shift",
    "day": "Monday",
    "holidays": "-",
    "shift_type": "Day",
    "type_shift": "SHIFT",
    "on_shift": true,
    "mins": 600,
    "callback_eligible": true,
    "cover_allowed": true,
    "notes": ""
  },
  {
    "ID": "a9788cdc-c1e9-48e6-b7fa-fb563e3c14b5",
    "date": "2026-06-16",
    "shift": "B Shift",
    "day": "Tuesday",
    "holidays": "-",
    "shift_type": "Day",
    "type_shift": "SHIFT",
    "on_shift": true,
    "mins": 600,
    "callback_eligible": true,
    "cover_allowed": true,
    "notes": ""
  },
  {
    "ID": "dacbb112-2f76-4822-8d2e-e58b7c7b39d1",
    "date": "2026-06-17",
    "shift": "B Shift",
    "day": "Wednesday",
    "holidays": "-",
    "shift_type": "Day",
    "type_shift": "SHIFT",
    "on_shift": true,
    "mins": 600,
    "callback_eligible": true,
    "cover_allowed": true,
    "notes": ""
  },
  {
    "ID": "f509954d-4598-4903-9953-c0ab04f09449",
    "date": "2026-06-18",
    "shift": "B Shift",
    "day": "Thursday",
    "holidays": "-",
    "shift_type": "Day",
    "type_shift": "SHIFT",
    "on_shift": true,
    "mins": 600,
    "callback_eligible": true,
    "cover_allowed": true,
    "notes": ""
  },
  {
    "ID": "3c75d675-50c2-43d1-8123-3b736b6e0bc2",
    "date": "2026-06-22",
    "shift": "B Shift",
    "day": "Monday",
    "holidays": "-",
    "shift_type": "Day",
    "type_shift": "SHIFT",
    "on_shift": true,
    "mins": 600,
    "callback_eligible": true,
    "cover_allowed": true,
    "notes": ""
  },
  {
    "ID": "c4aced56-c77b-4459-aaf3-f5801fa70575",
    "date": "2026-06-23",
    "shift": "B Shift",
    "day": "Tuesday",
    "holidays": "-",
    "shift_type": "Day",
    "type_shift": "SHIFT",
    "on_shift": true,
    "mins": 600,
    "callback_eligible": true,
    "cover_allowed": true,
    "notes": ""
  },
  {
    "ID": "03e1c129-d1e2-4429-b375-7a1a47bcba28",
    "date": "2026-06-24",
    "shift": "B Shift",
    "day": "Wednesday",
    "holidays": "-",
    "shift_type": "Day",
    "type_shift": "SHIFT",
    "on_shift": true,
    "mins": 600,
    "callback_eligible": true,
    "cover_allowed": true,
    "notes": ""
  },
  {
    "ID": "bb72a9c1-eeb7-4221-bffb-5db314e2e511",
    "date": "2026-06-25",
    "shift": "B Shift",
    "day": "Thursday",
    "holidays": "-",
    "shift_type": "Day",
    "type_shift": "SHIFT",
    "on_shift": true,
    "mins": 600,
    "callback_eligible": true,
    "cover_allowed": true,
    "notes": ""
  },
  {
    "ID": "ae3e4a3e-2938-460c-ae0d-1a5f76d8905a",
    "date": "2026-06-29",
    "shift": "B Shift",
    "day": "Monday",
    "holidays": "-",
    "shift_type": "Day",
    "type_shift": "SHIFT",
    "on_shift": true,
    "mins": 600,
    "callback_eligible": true,
    "cover_allowed": true,
    "notes": ""
  },
  {
    "ID": "7ac5259b-219e-47e3-91c4-cb1d25d3e5d7",
    "date": "2026-06-30",
    "shift": "B Shift",
    "day": "Tuesday",
    "holidays": "-",
    "shift_type": "Day",
    "type_shift": "SHIFT",
    "on_shift": true,
    "mins": 600,
    "callback_eligible": true,
    "cover_allowed": true,
    "notes": ""
  },
  {
    "ID": "f5d45e32-241e-4ba0-b804-2a7165a27688",
    "date": "2026-07-01",
    "shift": "B Shift",
    "day": "Wednesday",
    "holidays": "-",
    "shift_type": "Day",
    "type_shift": "SHIFT",
    "on_shift": true,
    "mins": 600,
    "callback_eligible": true,
    "cover_allowed": true,
    "notes": ""
  },
  {
    "ID": "3878dd1c-3353-47f9-97fd-f88f0cc22e80",
    "date": "2026-07-02",
    "shift": "B Shift",
    "day": "Thursday",
    "holidays": "-",
    "shift_type": "Day",
    "type_shift": "SHIFT",
    "on_shift": true,
    "mins": 600,
    "callback_eligible": true,
    "cover_allowed": true,
    "notes": ""
  },
  {
    "ID": "c86409f1-8317-405d-820e-0fb373f19779",
    "date": "2026-07-06",
    "shift": "B Shift",
    "day": "Monday",
    "holidays": "-",
    "shift_type": "Day",
    "type_shift": "SHIFT",
    "on_shift": true,
    "mins": 600,
    "callback_eligible": true,
    "cover_allowed": true,
    "notes": ""
  },
  {
    "ID": "3d143ad0-a46b-4c4c-9a57-ad4baee5d632",
    "date": "2026-07-07",
    "shift": "B Shift",
    "day": "Tuesday",
    "holidays": "-",
    "shift_type": "Day",
    "type_shift": "SHIFT",
    "on_shift": true,
    "mins": 600,
    "callback_eligible": true,
    "cover_allowed": true,
    "notes": ""
  },
  {
    "ID": "f1a5ce2d-19b2-4ac7-a016-58b24732adb6",
    "date": "2026-07-08",
    "shift": "B Shift",
    "day": "Wednesday",
    "holidays": "-",
    "shift_type": "Day",
    "type_shift": "SHIFT",
    "on_shift": true,
    "mins": 600,
    "callback_eligible": true,
    "cover_allowed": true,
    "notes": ""
  },
  {
    "ID": "21c8bd68-142e-4615-a91a-8388fe8b894c",
    "date": "2026-07-09",
    "shift": "B Shift",
    "day": "Thursday",
    "holidays": "-",
    "shift_type": "Day",
    "type_shift": "SHIFT",
    "on_shift": true,
    "mins": 600,
    "callback_eligible": true,
    "cover_allowed": true,
    "notes": ""
  },
  {
    "ID": "aced87b9-a456-415e-936c-3db6fb4e8041",
    "date": "2026-07-11",
    "shift": "B Shift",
    "day": "Saturday",
    "holidays": "-",
    "shift_type": "Day",
    "type_shift": "SHIFT",
    "on_shift": true,
    "mins": 720,
    "callback_eligible": true,
    "cover_allowed": true,
    "notes": ""
  },
  {
    "ID": "8f15b772-f1e7-475a-b715-a1bbecdea5af",
    "date": "2026-07-12",
    "shift": "B Shift",
    "day": "Sunday",
    "holidays": "-",
    "shift_type": "Day",
    "type_shift": "SHIFT",
    "on_shift": true,
    "mins": 720,
    "callback_eligible": true,
    "cover_allowed": true,
    "notes": ""
  },
  {
    "ID": "47097e16-78e4-4051-b6f8-0f8d4a5c173f",
    "date": "2026-07-13",
    "shift": "B Shift",
    "day": "Monday",
    "holidays": "-",
    "shift_type": "Night",
    "type_shift": "SHIFT",
    "on_shift": true,
    "mins": 720,
    "callback_eligible": true,
    "cover_allowed": true,
    "notes": ""
  },
  {
    "ID": "375d0434-3021-4cbc-a4c8-dbdeb52b1fdf",
    "date": "2026-07-14",
    "shift": "B Shift",
    "day": "Tuesday",
    "holidays": "-",
    "shift_type": "Night",
    "type_shift": "SHIFT",
    "on_shift": true,
    "mins": 720,
    "callback_eligible": true,
    "cover_allowed": true,
    "notes": ""
  },
  {
    "ID": "2c02fe1e-32b2-4468-98ad-addb59c19156",
    "date": "2026-07-19",
    "shift": "B Shift",
    "day": "Sunday",
    "holidays": "-",
    "shift_type": "Day",
    "type_shift": "SHIFT",
    "on_shift": true,
    "mins": 720,
    "callback_eligible": true,
    "cover_allowed": true,
    "notes": ""
  },
  {
    "ID": "77ab55a6-878d-4f89-b4ce-07522af96424",
    "date": "2026-07-20",
    "shift": "B Shift",
    "day": "Monday",
    "holidays": "-",
    "shift_type": "Day",
    "type_shift": "SHIFT",
    "on_shift": true,
    "mins": 720,
    "callback_eligible": true,
    "cover_allowed": true,
    "notes": ""
  },
  {
    "ID": "3d638ff0-4572-4bc8-bc5e-ce8ba1386c80",
    "date": "2026-07-21",
    "shift": "B Shift",
    "day": "Tuesday",
    "holidays": "-",
    "shift_type": "Night",
    "type_shift": "SHIFT",
    "on_shift": true,
    "mins": 720,
    "callback_eligible": true,
    "cover_allowed": true,
    "notes": ""
  },
  {
    "ID": "fbbb0728-5cba-459c-addd-96a783fd2179",
    "date": "2026-07-22",
    "shift": "B Shift",
    "day": "Wednesday",
    "holidays": "-",
    "shift_type": "Night",
    "type_shift": "SHIFT",
    "on_shift": true,
    "mins": 720,
    "callback_eligible": true,
    "cover_allowed": true,
    "notes": ""
  }
]