[
  {
    "ID": "68772835-bcd4-4ce6-bf38-47c69f1c8b9b",
    "date": "2025-07-21",
    "shift": "Mon-Fri",
    "shift_type": "Day",
    "type_shift": "SHIFT",
    "mins": 480,
    "callback_eligible": false,
    "cover_allowed": false,
    "on_shift": true,
    "notes": ""
  },
  {
    "ID": "0b5e0227-96b7-4ab5-b2d8-9b3dfbf1ddc5",
    "date": "2025-07-22",
    "shift": "Mon-Fri",
    "shift_type": "Day",
    "type_shift": "SHIFT",
    "mins": 480,
    "callback_eligible": false,
    "cover_allowed": false,
    "on_shift": true,
    "notes": ""
  },
  {
    "ID": "c5e7373e-6d04-499e-8cc8-69e1e58d83be",
    "date": "2025-07-23",
    "shift": "Mon-Fri",
    "shift_type": "Day",
    "type_shift": "SHIFT",
    "mins": 480,
    "callback_eligible": false,
    "cover_allowed": false,
    "on_shift": true,
    "notes": ""
  },
  {
    "ID": "8613c9df-d3f8-4cdf-8cd6-17f0bf8a4668",
    "date": "2025-07-24",
    "shift": "Mon-Fri",
    "day": "Thursday",
    "holidays": "-",
    "shift_type": "Day",
    "type_shift": "SHIFT",
    "on_shift": true,
    "mins": 480,
    "callback_eligible": true,
    "cover_allowed": true,
    "notes": ""
  },
  {
    "ID": "2645f71a-687e-4d76-ba5b-40299e143eaa",
    "date": "2025-07-25",
    "shift": "Mon-Fri",
    "day": "Friday",
    "holidays": "-",
    "shift_type": "Day",
    "type_shift": "SHIFT",
    "on_shift": true,
    "mins": 480,
    "callback_eligible": true,
    "cover_allowed": true,
    "notes": ""
  },
  {
    "ID": "6afae73a-8f5c-4cca-aa26-d9ab3c6a8625",
    "date": "2025-07-28",
    "shift": "Mon-Fri",
    "day": "Monday",
    "holidays": "-",
    "shift_type": "Day",
    "type_shift": "SHIFT",
    "on_shift": true,
    "mins": 480,
    "callback_eligible": true,
    "cover_allowed": true,
    "notes": ""
  },
  {
    "ID": "1f7299e2-b6ed-4d13-87f5-d4df357e2f4e",
    "date": "2025-07-29",
    "shift": "Mon-Fri",
    "day": "Tuesday",
    "holidays": "-",
    "shift_type": "Day",
    "type_shift": "SHIFT",
    "on_shift": true,
    "mins": 480,
    "callback_eligible": true,
    "cover_allowed": true,
    "notes": ""
  },
  {
    "ID": "5280e808-fd0f-45e1-8841-20b6c61f4df7",
    "date": "2025-07-30",
    "shift": "Mon-Fri",
    "day": "Wednesday",
    "holidays": "-",
    "shift_type": "Day",
    "type_shift": "SHIFT",
    "on_shift": true,
    "mins": 480,
    "callback_eligible": true,
    "cover_allowed": true,
    "notes": ""
  },
  {
    "ID": "f4b9d5b6-3f64-46c2-a476-65eb106f14e7",
    "date": "2025-07-31",
    "shift": "Mon-Fri",
    "day": "Thursday",
    "holidays": "-",
    "shift_type": "Day",
    "type_shift": "SHIFT",
    "on_shift": true,
    "mins": 480,
    "callback_eligible": true,
    "cover_allowed": true,
    "notes": ""
  },
  {
    "ID": "a95cd02b-9237-4e25-a216-b8ea38449b44",
    "date": "2025-08-01",
    "shift": "Mon-Fri",
    "day": "Friday",
    "holidays": "-",
    "shift_type": "Day",
    "type_shift": "SHIFT",
    "on_shift": true,
    "mins": 480,
    "callback_eligible": true,
    "cover_allowed": true,
    "notes": ""
  },
  {
    "ID": "52a6efcf-21bd-418b-b6e2-27a6efa5b8ec",
    "date": "2025-08-04",
    "shift": "Mon-Fri",
    "day": "Monday",
    "holidays": "-",
    "shift_type": "Day",
    "type_shift": "SHIFT",
    "on_shift": true,
    "mins": 480,
    "callback_eligible": true,
    "cover_allowed": true,
    "notes": ""
  },
  {
    "ID": "7536513a-cc2f-4590-9df3-09133e7e1605",
    "date": "2025-08-05",
    "shift": "Mon-Fri",
    "day": "Tuesday",
    "holidays": "-",
    "shift_type": "Day",
    "type_shift": "SHIFT",
    "on_shift": true,
    "mins": 480,
    "callback_eligible": true,
    "cover_allowed": true,
    "notes": ""
  },
  {
    "ID": "9fd7055e-7b01-4454-8eaf-98f508b2ff22",
    "date": "2025-08-06",
    "shift": "Mon-Fri",
    "day": "Wednesday",
    "holidays": "-",
    "shift_type": "Day",
    "type_shift": "SHIFT",
    "on_shift": true,
    "mins": 480,
    "callback_eligible": true,
    "cover_allowed": true,
    "notes": ""
  },
  {
    "ID": "16f7aa33-6bad-4a7b-b758-760bf96b04a9",
    "date": "2025-08-07",
    "shift": "Mon-Fri",
    "day": "Thursday",
    "holidays": "-",
    "shift_type": "Day",
    "type_shift": "SHIFT",
    "on_shift": true,
    "mins": 480,
    "callback_eligible": true,
    "cover_allowed": true,
    "notes": ""
  },
  {
    "ID": "dbf66a41-76d7-475b-9a39-01e918f97adf",
    "date": "2025-08-08",
    "shift": "Mon-Fri",
    "day": "Friday",
    "holidays": "-",
    "shift_type": "Day",
    "type_shift": "SHIFT",
    "on_shift": true,
    "mins": 480,
    "callback_eligible": true,
    "cover_allowed": true,
    "notes": ""
  },
  {
    "ID": "aeb5ca7c-64db-4afd-9612-f98832fe0101",
    "date": "2025-08-11",
    "shift": "Mon-Fri",
    "day": "Monday",
    "holidays": "-",
    "shift_type": "Day",
    "type_shift": "SHIFT",
    "on_shift": true,
    "mins": 480,
    "callback_eligible": true,
    "cover_allowed": true,
    "notes": ""
  },
  {
    "ID": "18acc6b2-6c26-48e1-b375-7a77d62bfc97",
    "date": "2025-08-12",
    "shift": "Mon-Fri",
    "day": "Tuesday",
    "holidays": "-",
    "shift_type": "Day",
    "type_shift": "SHIFT",
    "on_shift": true,
    "mins": 480,
    "callback_eligible": true,
    "cover_allowed": true,
    "notes": ""
  },
  {
    "ID": "178438e2-c2cf-473c-bc6f-d83f6d32ce4d",
    "date": "2025-08-13",
    "shift": "Mon-Fri",
    "day": "Wednesday",
    "holidays": "-",
    "shift_type": "Day",
    "type_shift": "SHIFT",
    "on_shift": true,
    "mins": 480,
    "callback_eligible": true,
    "cover_allowed": true,
    "notes": ""
  },
  {
    "ID": "73cbe55e-5baa-4e45-b767-2953431482a3",
    "date": "2025-08-14",
    "shift": "Mon-Fri",
    "day": "Thursday",
    "holidays": "-",
    "shift_type": "Day",
    "type_shift": "SHIFT",
    "on_shift": true,
    "mins": 480,
    "callback_eligible": true,
    "cover_allowed": true,
    "notes": ""
  },
  {
    "ID": "18ea944b-194e-4e65-8676-67473ba94b66",
    "date": "2025-08-15",
    "shift": "Mon-Fri",
    "day": "Friday",
    "holidays": "-",
    "shift_type": "Day",
    "type_shift": "SHIFT",
    "on_shift": true,
    "mins": 480,
    "callback_eligible": true,
    "cover_allowed": true,
    "notes": ""
  },
  {
    "ID": "ee9ef80a-94ca-4f2d-99e7-165f8e96670c",
    "date": "2025-08-18",
    "shift": "Mon-Fri",
    "day": "Monday",
    "holidays": "-",
    "shift_type": "Day",
    "type_shift": "SHIFT",
    "on_shift": true,
    "mins": 480,
    "callback_eligible": true,
    "cover_allowed": true,
    "notes": ""
  },
  {
    "ID": "239a9d68-8656-4bc4-8680-90a0bf7af1d5",
    "date": "2025-08-19",
    "shift": "Mon-Fri",
    "day": "Tuesday",
    "holidays": "-",
    "shift_type": "Day",
    "type_shift": "SHIFT",
    "on_shift": true,
    "mins": 480,
    "callback_eligible": true,
    "cover_allowed": true,
    "notes": ""
  },
  {
    "ID": "67e174e8-160d-4af4-bb63-ce126d9ade59",
    "date": "2025-08-20",
    "shift": "Mon-Fri",
    "day": "Wednesday",
    "holidays": "-",
    "shift_type": "Day",
    "type_shift": "SHIFT",
    "on_shift": true,
    "mins": 480,
    "callback_eligible": true,
    "cover_allowed": true,
    "notes": ""
  },
  {
    "ID": "368d5efb-dd9a-4a6f-868a-4a6e2abeb412",
    "date": "2025-08-21",
    "shift": "Mon-Fri",
    "day": "Thursday",
    "holidays": "-",
    "shift_type": "Day",
    "type_shift": "SHIFT",
    "on_shift": true,
    "mins": 480,
    "callback_eligible": true,
    "cover_allowed": true,
    "notes": ""
  },
  {
    "ID": "39ea95aa-190d-420d-a8fb-90e59f952b5c",
    "date": "2025-08-22",
    "shift": "Mon-Fri",
    "day": "Friday",
    "holidays": "-",
    "shift_type": "Day",
    "type_shift": "SHIFT",
    "on_shift": true,
    "mins": 480,
    "callback_eligible": true,
    "cover_allowed": true,
    "notes": ""
  },
  {
    "ID": "ef90485e-3110-4b6b-a55d-f1e0691ed4b3",
    "date": "2025-08-25",
    "shift": "Mon-Fri",
    "day": "Monday",
    "holidays": "-",
    "shift_type": "Day",
    "type_shift": "SHIFT",
    "on_shift": true,
    "mins": 480,
    "callback_eligible": true,
    "cover_allowed": true,
    "notes": ""
  },
  {
    "ID": "6855d0d3-a6b9-4e11-a684-df2d38fbd7ce",
    "date": "2025-08-26",
    "shift": "Mon-Fri",
    "day": "Tuesday",
    "holidays": "-",
    "shift_type": "Day",
    "type_shift": "SHIFT",
    "on_shift": true,
    "mins": 480,
    "callback_eligible": true,
    "cover_allowed": true,
    "notes": ""
  },
  {
    "ID": "e76f2304-e16b-4a25-8c8a-b62af09d5d7b",
    "date": "2025-08-27",
    "shift": "Mon-Fri",
    "day": "Wednesday",
    "holidays": "-",
    "shift_type": "Day",
    "type_shift": "SHIFT",
    "on_shift": true,
    "mins": 480,
    "callback_eligible": true,
    "cover_allowed": true,
    "notes": ""
  },
  {
    "ID": "fe43493b-ac21-4bf4-8f07-f94bd294ec7e",
    "date": "2025-08-28",
    "shift": "Mon-Fri",
    "day": "Thursday",
    "holidays": "-",
    "shift_type": "Day",
    "type_shift": "SHIFT",
    "on_shift": true,
    "mins": 480,
    "callback_eligible": true,
    "cover_allowed": true,
    "notes": ""
  },
  {
    "ID": "e1811b76-2985-4539-82d4-929c6ba8dd81",
    "date": "2025-08-29",
    "shift": "Mon-Fri",
    "day": "Friday",
    "holidays": "-",
    "shift_type": "Day",
    "type_shift": "SHIFT",
    "on_shift": true,
    "mins": 480,
    "callback_eligible": true,
    "cover_allowed": true,
    "notes": ""
  },
  {
    "ID": "8632c18a-0817-4c64-8f4b-c48c5ad4b1cf",
    "date": "2025-09-01",
    "shift": "Mon-Fri",
    "day": "Monday",
    "holidays": "-",
    "shift_type": "Day",
    "type_shift": "SHIFT",
    "on_shift": true,
    "mins": 480,
    "callback_eligible": true,
    "cover_allowed": true,
    "notes": ""
  },
  {
    "ID": "41030f49-29ac-4cc0-8afd-33c163665226",
    "date": "2025-09-02",
    "shift": "Mon-Fri",
    "day": "Tuesday",
    "holidays": "-",
    "shift_type": "Day",
    "type_shift": "SHIFT",
    "on_shift": true,
    "mins": 480,
    "callback_eligible": true,
    "cover_allowed": true,
    "notes": ""
  },
  {
    "ID": "6c5878f1-81c1-4e15-bd7f-29c26bbbfdd6",
    "date": "2025-09-03",
    "shift": "Mon-Fri",
    "day": "Wednesday",
    "holidays": "-",
    "shift_type": "Day",
    "type_shift": "SHIFT",
    "on_shift": true,
    "mins": 480,
    "callback_eligible": true,
    "cover_allowed": true,
    "notes": ""
  },
  {
    "ID": "81fbda3d-eac0-40b4-bf3b-d35c7dc406f3",
    "date": "2025-09-04",
    "shift": "Mon-Fri",
    "day": "Thursday",
    "holidays": "-",
    "shift_type": "Day",
    "type_shift": "SHIFT",
    "on_shift": true,
    "mins": 480,
    "callback_eligible": true,
    "cover_allowed": true,
    "notes": ""
  },
  {
    "ID": "85541080-c92d-4aaf-8543-7518e2bbc7f3",
    "date": "2025-09-05",
    "shift": "Mon-Fri",
    "day": "Friday",
    "holidays": "-",
    "shift_type": "Day",
    "type_shift": "SHIFT",
    "on_shift": true,
    "mins": 480,
    "callback_eligible": true,
    "cover_allowed": true,
    "notes": ""
  },
  {
    "ID": "bf82ce91-b927-4151-903c-2759fc61ddd5",
    "date": "2025-09-08",
    "shift": "Mon-Fri",
    "day": "Monday",
    "holidays": "-",
    "shift_type": "Day",
    "type_shift": "SHIFT",
    "on_shift": true,
    "mins": 480,
    "callback_eligible": true,
    "cover_allowed": true,
    "notes": ""
  },
  {
    "ID": "5d15f9a9-6116-427b-841a-e46fdff0b070",
    "date": "2025-09-09",
    "shift": "Mon-Fri",
    "day": "Tuesday",
    "holidays": "-",
    "shift_type": "Day",
    "type_shift": "SHIFT",
    "on_shift": true,
    "mins": 480,
    "callback_eligible": true,
    "cover_allowed": true,
    "notes": ""
  },
  {
    "ID": "5cad70bd-50af-410b-922e-ac565719d1c7",
    "date": "2025-09-10",
    "shift": "Mon-Fri",
    "day": "Wednesday",
    "holidays": "-",
    "shift_type": "Day",
    "type_shift": "SHIFT",
    "on_shift": true,
    "mins": 480,
    "callback_eligible": true,
    "cover_allowed": true,
    "notes": ""
  },
  {
    "ID": "586d2dbc-9cb7-4230-9203-af8c452073db",
    "date": "2025-09-11",
    "shift": "Mon-Fri",
    "day": "Thursday",
    "holidays": "-",
    "shift_type": "Day",
    "type_shift": "SHIFT",
    "on_shift": true,
    "mins": 480,
    "callback_eligible": true,
    "cover_allowed": true,
    "notes": ""
  },
  {
    "ID": "a1a9ac2f-cbce-4a84-925a-a80a633cf4b2",
    "date": "2025-09-12",
    "shift": "Mon-Fri",
    "day": "Friday",
    "holidays": "-",
    "shift_type": "Day",
    "type_shift": "SHIFT",
    "on_shift": true,
    "mins": 480,
    "callback_eligible": true,
    "cover_allowed": true,
    "notes": ""
  },
  {
    "ID": "e3f46c3c-c06b-4fbd-8d06-8a3e268ea8c6",
    "date": "2025-09-15",
    "shift": "Mon-Fri",
    "day": "Monday",
    "holidays": "-",
    "shift_type": "Day",
    "type_shift": "SHIFT",
    "on_shift": true,
    "mins": 480,
    "callback_eligible": true,
    "cover_allowed": true,
    "notes": ""
  },
  {
    "ID": "8e8fab6b-9d3a-402b-933d-5725d8368755",
    "date": "2025-09-16",
    "shift": "Mon-Fri",
    "day": "Tuesday",
    "holidays": "-",
    "shift_type": "Day",
    "type_shift": "SHIFT",
    "on_shift": true,
    "mins": 480,
    "callback_eligible": true,
    "cover_allowed": true,
    "notes": ""
  },
  {
    "ID": "e5cd7b45-a633-45a5-8c47-22a8c6609531",
    "date": "2025-09-17",
    "shift": "Mon-Fri",
    "day": "Wednesday",
    "holidays": "-",
    "shift_type": "Day",
    "type_shift": "SHIFT",
    "on_shift": true,
    "mins": 480,
    "callback_eligible": true,
    "cover_allowed": true,
    "notes": ""
  },
  {
    "ID": "eb8be37b-9e5e-463d-8879-60c51111a916",
    "date": "2025-09-18",
    "shift": "Mon-Fri",
    "day": "Thursday",
    "holidays": "-",
    "shift_type": "Day",
    "type_shift": "SHIFT",
    "on_shift": true,
    "mins": 480,
    "callback_eligible": true,
    "cover_allowed": true,
    "notes": ""
  },
  {
    "ID": "cee6c91a-6748-40b3-b825-a1090c8313b1",
    "date": "2025-09-19",
    "shift": "Mon-Fri",
    "day": "Friday",
    "holidays": "-",
    "shift_type": "Day",
    "type_shift": "SHIFT",
    "on_shift": true,
    "mins": 480,
    "callback_eligible": true,
    "cover_allowed": true,
    "notes": ""
  },
  {
    "ID": "95bd8e10-58db-478a-bc72-667bba666c86",
    "date": "2025-09-22",
    "shift": "Mon-Fri",
    "day": "Monday",
    "holidays": "-",
    "shift_type": "Day",
    "type_shift": "SHIFT",
    "on_shift": true,
    "mins": 360,
    "callback_eligible": true,
    "cover_allowed": true,
    "notes": ""
  },
  {
    "ID": "7ed2d9ff-0524-42e5-aa6a-a0b5699225ec",
    "date": "2025-09-22",
    "shift": "D Shift",
    "shift_type": "Day",
    "type_shift": "MET",
    "mins": 180,
    "callback_eligible": false,
    "cover_allowed": false,
    "on_shift": true,
    "notes": "roster meeting"
  },
  {
    "ID": "bd6991c6-da21-48df-ba66-12947097f85e",
    "date": "2025-09-23",
    "shift": "Mon-Fri",
    "day": "Tuesday",
    "holidays": "-",
    "shift_type": "Day",
    "type_shift": "SHIFT",
    "on_shift": true,
    "mins": 480,
    "callback_eligible": true,
    "cover_allowed": true,
    "notes": ""
  },
  {
    "ID": "1661d230-1778-487a-80fc-dcf1c005a78a",
    "date": "2025-09-24",
    "shift": "Mon-Fri",
    "day": "Wednesday",
    "holidays": "-",
    "shift_type": "Day",
    "type_shift": "PSL",
    "on_shift": true,
    "mins": 360,
    "callback_eligible": true,
    "cover_allowed": true,
    "notes": "Phone in sick"
  },
  {
    "ID": "d6d00b6e-fcad-438a-83e1-51a1373b9b32",
    "date": "2025-09-24",
    "shift": "A Shift",
    "shift_type": "Day",
    "type_shift": "PNW",
    "mins": 120,
    "callback_eligible": false,
    "cover_allowed": false,
    "on_shift": true,
    "notes": ""
  },
  {
    "ID": "f176f86c-0636-45c3-a397-2270fc39683c",
    "date": "2025-09-25",
    "shift": "Mon-Fri",
    "day": "Thursday",
    "holidays": "-",
    "shift_type": "Day",
    "type_shift": "SHIFT",
    "on_shift": true,
    "mins": 480,
    "callback_eligible": true,
    "cover_allowed": true,
    "notes": ""
  },
  {
    "ID": "ee0816a8-1663-4155-a3af-4a05b6ed7d07",
    "date": "2025-09-26",
    "shift": "Mon-Fri",
    "day": "Friday",
    "holidays": "-",
    "shift_type": "Day",
    "type_shift": "SHIFT",
    "on_shift": true,
    "mins": 360,
    "callback_eligible": true,
    "cover_allowed": true,
    "notes": ""
  },
  {
    "ID": "eaa503f3-ea13-4e38-aee7-8510f3e305f3",
    "date": "2025-09-26",
    "shift": "B Shift",
    "shift_type": "Day",
    "type_shift": "MET",
    "mins": 120,
    "callback_eligible": false,
    "cover_allowed": false,
    "on_shift": true,
    "notes": ""
  },
  {
    "ID": "9d574e86-5ce1-47aa-98fb-4441556238da",
    "date": "2025-09-29",
    "shift": "Mon-Fri",
    "day": "Monday",
    "holidays": "-",
    "shift_type": "Day",
    "type_shift": "SHIFT",
    "on_shift": true,
    "mins": 480,
    "callback_eligible": true,
    "cover_allowed": true,
    "notes": ""
  },
  {
    "ID": "8480a8c0-d5fb-4ae6-b72e-4749fee78f77",
    "date": "2025-09-30",
    "shift": "Mon-Fri",
    "day": "Tuesday",
    "holidays": "-",
    "shift_type": "Day",
    "type_shift": "SHIFT",
    "on_shift": true,
    "mins": 480,
    "callback_eligible": true,
    "cover_allowed": true,
    "notes": ""
  },
  {
    "ID": "1e170b29-9af0-4b9a-8003-775dd854c32a",
    "date": "2025-10-01",
    "shift": "Mon-Fri",
    "day": "Wednesday",
    "holidays": "-",
    "shift_type": "Day",
    "type_shift": "SHIFT",
    "on_shift": true,
    "mins": 480,
    "callback_eligible": true,
    "cover_allowed": true,
    "notes": ""
  },
  {
    "ID": "2d10eb6f-f0c6-401b-a2cc-e313985d7e98",
    "date": "2025-10-02",
    "shift": "Mon-Fri",
    "day": "Thursday",
    "holidays": "-",
    "shift_type": "Day",
    "type_shift": "SHIFT",
    "on_shift": true,
    "mins": 480,
    "callback_eligible": true,
    "cover_allowed": true,
    "notes": ""
  },
  {
    "ID": "e0c3291c-a6de-49e7-a878-3171af139834",
    "date": "2025-10-03",
    "shift": "Mon-Fri",
    "day": "Friday",
    "holidays": "-",
    "shift_type": "Day",
    "type_shift": "SHIFT",
    "on_shift": true,
    "mins": 480,
    "callback_eligible": true,
    "cover_allowed": true,
    "notes": ""
  },
  {
    "ID": "5d4b2a73-e3c2-42ac-b355-8cf2dbe5570e",
    "date": "2025-10-06",
    "shift": "Mon-Fri",
    "day": "Monday",
    "holidays": "-",
    "shift_type": "Day",
    "type_shift": "SHIFT",
    "on_shift": true,
    "mins": 480,
    "callback_eligible": true,
    "cover_allowed": true,
    "notes": ""
  },
  {
    "ID": "fcc6a50e-1fb1-4d2c-bfa4-7a86c0c20534",
    "date": "2025-10-07",
    "shift": "Mon-Fri",
    "day": "Tuesday",
    "holidays": "-",
    "shift_type": "Day",
    "type_shift": "SHIFT",
    "on_shift": true,
    "mins": 480,
    "callback_eligible": true,
    "cover_allowed": true,
    "notes": ""
  },
  {
    "ID": "9c13c2d4-81d3-48ee-b80b-2749a2f090c7",
    "date": "2025-10-08",
    "shift": "Mon-Fri",
    "day": "Wednesday",
    "holidays": "-",
    "shift_type": "Day",
    "type_shift": "SHIFT",
    "on_shift": true,
    "mins": 480,
    "callback_eligible": true,
    "cover_allowed": true,
    "notes": ""
  },
  {
    "ID": "25140c12-4e22-4dc2-a69c-eac33fb1e4c5",
    "date": "2025-10-09",
    "shift": "Mon-Fri",
    "day": "Thursday",
    "holidays": "-",
    "shift_type": "Day",
    "type_shift": "SHIFT",
    "on_shift": true,
    "mins": 480,
    "callback_eligible": true,
    "cover_allowed": true,
    "notes": ""
  },
  {
    "ID": "fafd0a6a-9161-42f4-b7c1-6fcfc6595532",
    "date": "2025-10-10",
    "shift": "Mon-Fri",
    "day": "Friday",
    "holidays": "-",
    "shift_type": "Day",
    "type_shift": "SHIFT",
    "on_shift": true,
    "mins": 480,
    "callback_eligible": true,
    "cover_allowed": true,
    "notes": ""
  },
  {
    "ID": "e6279ff5-6c31-4c3b-b71a-c70f7b64483a",
    "date": "2025-10-13",
    "shift": "Mon-Fri",
    "day": "Monday",
    "holidays": "-",
    "shift_type": "Day",
    "type_shift": "SHIFT",
    "on_shift": true,
    "mins": 480,
    "callback_eligible": true,
    "cover_allowed": true,
    "notes": ""
  },
  {
    "ID": "e325eea0-1bf0-4585-b4fa-b1e316f731e9",
    "date": "2025-10-14",
    "shift": "Mon-Fri",
    "day": "Tuesday",
    "holidays": "-",
    "shift_type": "Day",
    "type_shift": "SHIFT",
    "on_shift": true,
    "mins": 480,
    "callback_eligible": true,
    "cover_allowed": true,
    "notes": ""
  },
  {
    "ID": "4027b454-e5ef-48d0-b562-ec21f61b1833",
    "date": "2025-10-15",
    "shift": "Mon-Fri",
    "day": "Wednesday",
    "holidays": "-",
    "shift_type": "Day",
    "type_shift": "SHIFT",
    "on_shift": true,
    "mins": 480,
    "callback_eligible": true,
    "cover_allowed": true,
    "notes": ""
  },
  {
    "ID": "8963f97f-a6ed-472d-8bdf-78258fc9c9fc",
    "date": "2025-10-16",
    "shift": "Mon-Fri",
    "day": "Thursday",
    "holidays": "-",
    "shift_type": "Day",
    "type_shift": "SHIFT",
    "on_shift": true,
    "mins": 480,
    "callback_eligible": true,
    "cover_allowed": true,
    "notes": ""
  },
  {
    "ID": "546c00b4-0485-4937-9e08-d996cd6c935c",
    "date": "2025-10-17",
    "shift": "Mon-Fri",
    "day": "Friday",
    "holidays": "-",
    "shift_type": "Day",
    "type_shift": "SHIFT",
    "on_shift": true,
    "mins": 480,
    "callback_eligible": true,
    "cover_allowed": true,
    "notes": ""
  },
  {
    "ID": "09223411-58e6-442e-9026-777b33ece27e",
    "date": "2025-10-20",
    "shift": "Mon-Fri",
    "day": "Monday",
    "holidays": "-",
    "shift_type": "Day",
    "type_shift": "SHIFT",
    "on_shift": true,
    "mins": 480,
    "callback_eligible": true,
    "cover_allowed": true,
    "notes": ""
  },
  {
    "ID": "f1f626fa-50e1-4079-a217-8474ad71e9cd",
    "date": "2025-10-21",
    "shift": "Mon-Fri",
    "day": "Tuesday",
    "holidays": "-",
    "shift_type": "Day",
    "type_shift": "SHIFT",
    "on_shift": true,
    "mins": 480,
    "callback_eligible": true,
    "cover_allowed": true,
    "notes": ""
  },
  {
    "ID": "8336b83f-f3fa-463f-bbee-057b7ffb999d",
    "date": "2025-10-22",
    "shift": "Mon-Fri",
    "day": "Wednesday",
    "holidays": "-",
    "shift_type": "Day",
    "type_shift": "SHIFT",
    "on_shift": true,
    "mins": 480,
    "callback_eligible": true,
    "cover_allowed": true,
    "notes": ""
  },
  {
    "ID": "6dc30133-f46e-4c43-92e6-dd2c8633321b",
    "date": "2025-10-23",
    "shift": "Mon-Fri",
    "day": "Thursday",
    "holidays": "-",
    "shift_type": "Day",
    "type_shift": "SHIFT",
    "on_shift": true,
    "mins": 480,
    "callback_eligible": true,
    "cover_allowed": true,
    "notes": ""
  },
  {
    "ID": "9a7d5ded-2c2e-4b14-96db-10e7d7bcc206",
    "date": "2025-10-24",
    "shift": "Mon-Fri",
    "day": "Friday",
    "holidays": "-",
    "shift_type": "Day",
    "type_shift": "SHIFT",
    "on_shift": true,
    "mins": 480,
    "callback_eligible": true,
    "cover_allowed": true,
    "notes": ""
  },
  {
    "ID": "9be85f3e-224c-4f79-81e2-b120551a4cbe",
    "date": "2025-10-27",
    "shift": "Mon-Fri",
    "day": "Monday",
    "holidays": "Labour Day",
    "shift_type": "Day",
    "type_shift": "SHIFT",
    "on_shift": true,
    "mins": 480,
    "callback_eligible": true,
    "cover_allowed": true,
    "notes": ""
  },
  {
    "ID": "db2a7305-8d3d-40ec-80c8-6ca8a5d5dbc1",
    "date": "2025-10-28",
    "shift": "Mon-Fri",
    "day": "Tuesday",
    "holidays": "-",
    "shift_type": "Day",
    "type_shift": "SHIFT",
    "on_shift": true,
    "mins": 480,
    "callback_eligible": true,
    "cover_allowed": true,
    "notes": ""
  },
  {
    "ID": "866e7499-f557-43b5-b0a4-f051761298a5",
    "date": "2025-10-29",
    "shift": "Mon-Fri",
    "day": "Wednesday",
    "holidays": "-",
    "shift_type": "Day",
    "type_shift": "SHIFT",
    "on_shift": true,
    "mins": 480,
    "callback_eligible": true,
    "cover_allowed": true,
    "notes": ""
  },
  {
    "ID": "6adaa0b8-6ad0-45ec-94a9-83550ef4ef25",
    "date": "2025-10-30",
    "shift": "Mon-Fri",
    "day": "Thursday",
    "holidays": "-",
    "shift_type": "Day",
    "type_shift": "SHIFT",
    "on_shift": true,
    "mins": 480,
    "callback_eligible": true,
    "cover_allowed": true,
    "notes": ""
  },
  {
    "ID": "aa6cb86a-d420-487d-8e1e-201bc1f19920",
    "date": "2025-10-31",
    "shift": "Mon-Fri",
    "day": "Friday",
    "holidays": "-",
    "shift_type": "Day",
    "type_shift": "SHIFT",
    "on_shift": true,
    "mins": 480,
    "callback_eligible": true,
    "cover_allowed": true,
    "notes": ""
  },
  {
    "ID": "41c0fe85-d6d4-4ca9-956b-106804e3c66a",
    "date": "2025-11-03",
    "shift": "Mon-Fri",
    "day": "Monday",
    "holidays": "-",
    "shift_type": "Day",
    "type_shift": "SHIFT",
    "on_shift": true,
    "mins": 480,
    "callback_eligible": true,
    "cover_allowed": true,
    "notes": ""
  },
  {
    "ID": "467f88a1-ca18-4e19-a2b1-51e3ba152814",
    "date": "2025-11-04",
    "shift": "Mon-Fri",
    "day": "Tuesday",
    "holidays": "-",
    "shift_type": "Day",
    "type_shift": "SHIFT",
    "on_shift": true,
    "mins": 480,
    "callback_eligible": true,
    "cover_allowed": true,
    "notes": ""
  },
  {
    "ID": "dbd34cb3-7500-4598-ab39-0f478038196c",
    "date": "2025-11-05",
    "shift": "Mon-Fri",
    "day": "Wednesday",
    "holidays": "-",
    "shift_type": "Day",
    "type_shift": "SHIFT",
    "on_shift": true,
    "mins": 480,
    "callback_eligible": true,
    "cover_allowed": true,
    "notes": ""
  },
  {
    "ID": "4a529b91-db70-436a-a478-c55f1a786962",
    "date": "2025-11-06",
    "shift": "Mon-Fri",
    "day": "Thursday",
    "holidays": "-",
    "shift_type": "Day",
    "type_shift": "SHIFT",
    "on_shift": true,
    "mins": 480,
    "callback_eligible": true,
    "cover_allowed": true,
    "notes": ""
  },
  {
    "ID": "082caaf5-db4a-4037-899d-5a6fabbce0c4",
    "date": "2025-11-07",
    "shift": "Mon-Fri",
    "day": "Friday",
    "holidays": "-",
    "shift_type": "Day",
    "type_shift": "SHIFT",
    "on_shift": true,
    "mins": 480,
    "callback_eligible": true,
    "cover_allowed": true,
    "notes": ""
  },
  {
    "ID": "16b876a3-2563-43a7-a7c4-8d2bb6816297",
    "date": "2025-11-10",
    "shift": "Mon-Fri",
    "day": "Monday",
    "holidays": "-",
    "shift_type": "Day",
    "type_shift": "SHIFT",
    "on_shift": true,
    "mins": 480,
    "callback_eligible": true,
    "cover_allowed": true,
    "notes": ""
  },
  {
    "ID": "51cc3755-3217-4120-904a-d98ba9febbdf",
    "date": "2025-11-11",
    "shift": "Mon-Fri",
    "day": "Tuesday",
    "holidays": "-",
    "shift_type": "Day",
    "type_shift": "SHIFT",
    "on_shift": true,
    "mins": 480,
    "callback_eligible": true,
    "cover_allowed": true,
    "notes": ""
  },
  {
    "ID": "26383841-55dc-4793-8641-0eb28710d77e",
    "date": "2025-11-12",
    "shift": "Mon-Fri",
    "day": "Wednesday",
    "holidays": "-",
    "shift_type": "Day",
    "type_shift": "SHIFT",
    "on_shift": true,
    "mins": 480,
    "callback_eligible": true,
    "cover_allowed": true,
    "notes": ""
  },
  {
    "ID": "0d3c21f3-40d0-46f6-ad7d-e0d085dd8c72",
    "date": "2025-11-13",
    "shift": "Mon-Fri",
    "day": "Thursday",
    "holidays": "-",
    "shift_type": "Day",
    "type_shift": "SHIFT",
    "on_shift": true,
    "mins": 480,
    "callback_eligible": true,
    "cover_allowed": true,
    "notes": ""
  },
  {
    "ID": "7a49c711-92ed-4c05-b1d5-3ab0939724da",
    "date": "2025-11-14",
    "shift": "Mon-Fri",
    "day": "Friday",
    "holidays": "-",
    "shift_type": "Day",
    "type_shift": "SHIFT",
    "on_shift": true,
    "mins": 480,
    "callback_eligible": true,
    "cover_allowed": true,
    "notes": ""
  },
  {
    "ID": "224220a8-b1e7-4f7a-8635-1ffb52de21bf",
    "date": "2025-11-17",
    "shift": "Mon-Fri",
    "day": "Monday",
    "holidays": "-",
    "shift_type": "Day",
    "type_shift": "SHIFT",
    "on_shift": true,
    "mins": 480,
    "callback_eligible": true,
    "cover_allowed": true,
    "notes": ""
  },
  {
    "ID": "145dab6d-abaf-4056-9c2b-8b04d8c51682",
    "date": "2025-11-18",
    "shift": "Mon-Fri",
    "day": "Tuesday",
    "holidays": "-",
    "shift_type": "Day",
    "type_shift": "SHIFT",
    "on_shift": true,
    "mins": 480,
    "callback_eligible": true,
    "cover_allowed": true,
    "notes": ""
  },
  {
    "ID": "d90d4948-ffdd-471f-bf24-ed150ec850a7",
    "date": "2025-11-19",
    "shift": "Mon-Fri",
    "day": "Wednesday",
    "holidays": "-",
    "shift_type": "Day",
    "type_shift": "SHIFT",
    "on_shift": true,
    "mins": 480,
    "callback_eligible": true,
    "cover_allowed": true,
    "notes": ""
  },
  {
    "ID": "63de560b-723c-4278-a0d5-97236effd3ee",
    "date": "2025-11-20",
    "shift": "Mon-Fri",
    "day": "Thursday",
    "holidays": "-",
    "shift_type": "Day",
    "type_shift": "SHIFT",
    "on_shift": true,
    "mins": 480,
    "callback_eligible": true,
    "cover_allowed": true,
    "notes": ""
  },
  {
    "ID": "f0f747e3-8369-421f-9749-b0709f72cd20",
    "date": "2025-11-21",
    "shift": "Mon-Fri",
    "day": "Friday",
    "holidays": "-",
    "shift_type": "Day",
    "type_shift": "SHIFT",
    "on_shift": true,
    "mins": 480,
    "callback_eligible": true,
    "cover_allowed": true,
    "notes": ""
  },
  {
    "ID": "f031b4ad-a3a8-48a6-b520-601464bd0324",
    "date": "2025-11-24",
    "shift": "Mon-Fri",
    "day": "Monday",
    "holidays": "-",
    "shift_type": "Day",
    "type_shift": "SHIFT",
    "on_shift": true,
    "mins": 480,
    "callback_eligible": true,
    "cover_allowed": true,
    "notes": ""
  },
  {
    "ID": "4fb28161-ae2f-4fb3-94bd-ab173ebe8a71",
    "date": "2025-11-25",
    "shift": "Mon-Fri",
    "day": "Tuesday",
    "holidays": "-",
    "shift_type": "Day",
    "type_shift": "SHIFT",
    "on_shift": true,
    "mins": 480,
    "callback_eligible": true,
    "cover_allowed": true,
    "notes": ""
  },
  {
    "ID": "ddf6a311-16b9-471e-8524-196e33158842",
    "date": "2025-11-26",
    "shift": "Mon-Fri",
    "day": "Wednesday",
    "holidays": "-",
    "shift_type": "Day",
    "type_shift": "SHIFT",
    "on_shift": true,
    "mins": 480,
    "callback_eligible": true,
    "cover_allowed": true,
    "notes": ""
  },
  {
    "ID": "1dbdb5ce-435a-4eb2-b79b-a10a1467524f",
    "date": "2025-11-27",
    "shift": "Mon-Fri",
    "day": "Thursday",
    "holidays": "-",
    "shift_type": "Day",
    "type_shift": "SHIFT",
    "on_shift": true,
    "mins": 480,
    "callback_eligible": true,
    "cover_allowed": true,
    "notes": ""
  },
  {
    "ID": "690bb24a-7a3d-49ab-ad66-3939d4dd03f5",
    "date": "2025-11-28",
    "shift": "Mon-Fri",
    "day": "Friday",
    "holidays": "-",
    "shift_type": "Day",
    "type_shift": "SHIFT",
    "on_shift": true,
    "mins": 480,
    "callback_eligible": true,
    "cover_allowed": true,
    "notes": ""
  },
  {
    "ID": "0bdd92e6-671b-42c8-99f6-bfd066a38c8a",
    "date": "2025-12-01",
    "shift": "Mon-Fri",
    "day": "Monday",
    "holidays": "-",
    "shift_type": "Day",
    "type_shift": "SHIFT",
    "on_shift": true,
    "mins": 480,
    "callback_eligible": true,
    "cover_allowed": true,
    "notes": ""
  },
  {
    "ID": "4878429b-936a-4026-8d7c-790670746cbe",
    "date": "2025-12-02",
    "shift": "Mon-Fri",
    "day": "Tuesday",
    "holidays": "-",
    "shift_type": "Day",
    "type_shift": "SHIFT",
    "on_shift": true,
    "mins": 480,
    "callback_eligible": true,
    "cover_allowed": true,
    "notes": ""
  },
  {
    "ID": "81bdc86a-e014-4390-b289-b67c6655f102",
    "date": "2025-12-03",
    "shift": "Mon-Fri",
    "day": "Wednesday",
    "holidays": "-",
    "shift_type": "Day",
    "type_shift": "SHIFT",
    "on_shift": true,
    "mins": 480,
    "callback_eligible": true,
    "cover_allowed": true,
    "notes": ""
  },
  {
    "ID": "d2cd4f45-6fef-4c64-bc21-b79f3e753692",
    "date": "2025-12-04",
    "shift": "Mon-Fri",
    "day": "Thursday",
    "holidays": "-",
    "shift_type": "Day",
    "type_shift": "SHIFT",
    "on_shift": true,
    "mins": 480,
    "callback_eligible": true,
    "cover_allowed": true,
    "notes": ""
  },
  {
    "ID": "a8ac6ec2-dce8-4c21-9012-34154a759700",
    "date": "2025-12-05",
    "shift": "Mon-Fri",
    "day": "Friday",
    "holidays": "-",
    "shift_type": "Day",
    "type_shift": "SHIFT",
    "on_shift": true,
    "mins": 480,
    "callback_eligible": true,
    "cover_allowed": true,
    "notes": ""
  },
  {
    "ID": "82bad39c-9cd8-49c7-b140-374117f51a67",
    "date": "2025-12-08",
    "shift": "Mon-Fri",
    "day": "Monday",
    "holidays": "-",
    "shift_type": "Day",
    "type_shift": "SHIFT",
    "on_shift": true,
    "mins": 480,
    "callback_eligible": true,
    "cover_allowed": true,
    "notes": ""
  },
  {
    "ID": "c42cfbd6-fd3d-4fd0-b9ba-1bb28317c0ef",
    "date": "2025-12-09",
    "shift": "Mon-Fri",
    "day": "Tuesday",
    "holidays": "-",
    "shift_type": "Day",
    "type_shift": "SHIFT",
    "on_shift": true,
    "mins": 480,
    "callback_eligible": true,
    "cover_allowed": true,
    "notes": ""
  },
  {
    "ID": "bf007f7b-e284-4f3a-8e19-cc35bea54ebf",
    "date": "2025-12-10",
    "shift": "Mon-Fri",
    "day": "Wednesday",
    "holidays": "-",
    "shift_type": "Day",
    "type_shift": "SHIFT",
    "on_shift": true,
    "mins": 480,
    "callback_eligible": true,
    "cover_allowed": true,
    "notes": ""
  },
  {
    "ID": "c094dcf4-d8cf-4206-a04b-17c469d5a940",
    "date": "2025-12-11",
    "shift": "Mon-Fri",
    "day": "Thursday",
    "holidays": "-",
    "shift_type": "Day",
    "type_shift": "SHIFT",
    "on_shift": true,
    "mins": 480,
    "callback_eligible": true,
    "cover_allowed": true,
    "notes": ""
  },
  {
    "ID": "3c30b742-565e-42a7-a99f-979f5ca1e5b0",
    "date": "2025-12-12",
    "shift": "Mon-Fri",
    "day": "Friday",
    "holidays": "-",
    "shift_type": "Day",
    "type_shift": "SHIFT",
    "on_shift": true,
    "mins": 480,
    "callback_eligible": true,
    "cover_allowed": true,
    "notes": ""
  },
  {
    "ID": "f6313b4f-51b2-4b29-b1a3-8edda9af52a9",
    "date": "2025-12-15",
    "shift": "Mon-Fri",
    "day": "Monday",
    "holidays": "-",
    "shift_type": "Day",
    "type_shift": "SHIFT",
    "on_shift": true,
    "mins": 480,
    "callback_eligible": true,
    "cover_allowed": true,
    "notes": ""
  },
  {
    "ID": "7ebc0aaa-29aa-4d24-96f9-da3c5ed1fd45",
    "date": "2025-12-16",
    "shift": "Mon-Fri",
    "day": "Tuesday",
    "holidays": "-",
    "shift_type": "Day",
    "type_shift": "SHIFT",
    "on_shift": true,
    "mins": 480,
    "callback_eligible": true,
    "cover_allowed": true,
    "notes": ""
  },
  {
    "ID": "ca415927-76a0-44ec-b1cc-d54e2f041c71",
    "date": "2025-12-17",
    "shift": "Mon-Fri",
    "day": "Wednesday",
    "holidays": "-",
    "shift_type": "Day",
    "type_shift": "SHIFT",
    "on_shift": true,
    "mins": 480,
    "callback_eligible": true,
    "cover_allowed": true,
    "notes": ""
  },
  {
    "ID": "4230e735-083f-4087-be86-5ddee315aca7",
    "date": "2025-12-18",
    "shift": "Mon-Fri",
    "day": "Thursday",
    "holidays": "-",
    "shift_type": "Day",
    "type_shift": "SHIFT",
    "on_shift": true,
    "mins": 480,
    "callback_eligible": true,
    "cover_allowed": true,
    "notes": ""
  },
  {
    "ID": "d6848527-1b15-4006-aceb-e09347f2e83a",
    "date": "2025-12-19",
    "shift": "Mon-Fri",
    "day": "Friday",
    "holidays": "-",
    "shift_type": "Day",
    "type_shift": "SHIFT",
    "on_shift": true,
    "mins": 480,
    "callback_eligible": true,
    "cover_allowed": true,
    "notes": ""
  },
  {
    "ID": "9dda762d-458d-453a-a4b5-afaf10625f6b",
    "date": "2025-12-22",
    "shift": "Mon-Fri",
    "day": "Monday",
    "holidays": "-",
    "shift_type": "Day",
    "type_shift": "SHIFT",
    "on_shift": true,
    "mins": 480,
    "callback_eligible": true,
    "cover_allowed": true,
    "notes": ""
  },
  {
    "ID": "10449c63-6245-47ec-bdcb-2b5f815b16ec",
    "date": "2025-12-23",
    "shift": "Mon-Fri",
    "day": "Tuesday",
    "holidays": "-",
    "shift_type": "Day",
    "type_shift": "SHIFT",
    "on_shift": true,
    "mins": 480,
    "callback_eligible": true,
    "cover_allowed": true,
    "notes": ""
  },
  {
    "ID": "a437da17-27b1-40c3-98e9-c0df99e6137d",
    "date": "2025-12-24",
    "shift": "Mon-Fri",
    "day": "Wednesday",
    "holidays": "-",
    "shift_type": "Day",
    "type_shift": "SHIFT",
    "on_shift": true,
    "mins": 480,
    "callback_eligible": true,
    "cover_allowed": true,
    "notes": ""
  },
  {
    "ID": "a06b50ad-6f5a-45fd-82c8-aec9ca4f6865",
    "date": "2025-12-25",
    "shift": "Mon-Fri",
    "day": "Thursday",
    "holidays": "Christmas Day",
    "shift_type": "Day",
    "type_shift": "SHIFT",
    "on_shift": true,
    "mins": 480,
    "callback_eligible": true,
    "cover_allowed": true,
    "notes": ""
  },
  {
    "ID": "2d6581d5-698b-4cba-afec-017a8828bf4f",
    "date": "2025-12-26",
    "shift": "Mon-Fri",
    "day": "Friday",
    "holidays": "Boxing Day",
    "shift_type": "Day",
    "type_shift": "SHIFT",
    "on_shift": true,
    "mins": 480,
    "callback_eligible": true,
    "cover_allowed": true,
    "notes": ""
  },
  {
    "ID": "f0857a2c-3c4c-48b8-bb4c-226e6ef60f66",
    "date": "2025-12-29",
    "shift": "Mon-Fri",
    "day": "Monday",
    "holidays": "-",
    "shift_type": "Day",
    "type_shift": "SHIFT",
    "on_shift": true,
    "mins": 480,
    "callback_eligible": true,
    "cover_allowed": true,
    "notes": ""
  },
  {
    "ID": "22d7e6e3-2418-4f20-8595-1c28938138c5",
    "date": "2025-12-30",
    "shift": "Mon-Fri",
    "day": "Tuesday",
    "holidays": "-",
    "shift_type": "Day",
    "type_shift": "SHIFT",
    "on_shift": true,
    "mins": 480,
    "callback_eligible": true,
    "cover_allowed": true,
    "notes": ""
  },
  {
    "ID": "1f6bcb3c-08f9-445f-a0c5-318489618795",
    "date": "2025-12-31",
    "shift": "Mon-Fri",
    "day": "Wednesday",
    "holidays": "-",
    "shift_type": "Day",
    "type_shift": "SHIFT",
    "on_shift": true,
    "mins": 480,
    "callback_eligible": true,
    "cover_allowed": true,
    "notes": ""
  },
  {
    "ID": "5bdd8e6c-2ebd-4d29-b1fd-6a1bca3828ee",
    "date": "2026-01-01",
    "shift": "Mon-Fri",
    "day": "Thursday",
    "holidays": "New Year's Day",
    "shift_type": "Day",
    "type_shift": "SHIFT",
    "on_shift": true,
    "mins": 480,
    "callback_eligible": true,
    "cover_allowed": true,
    "notes": ""
  },
  {
    "ID": "036a23ac-448e-48d1-98b6-dcf9e3b54494",
    "date": "2026-01-02",
    "shift": "Mon-Fri",
    "day": "Friday",
    "holidays": "Day after New Year's Day",
    "shift_type": "Day",
    "type_shift": "SHIFT",
    "on_shift": true,
    "mins": 480,
    "callback_eligible": true,
    "cover_allowed": true,
    "notes": ""
  },
  {
    "ID": "fe148c64-41d5-437a-889e-9c4c144901b7",
    "date": "2026-01-05",
    "shift": "Mon-Fri",
    "day": "Monday",
    "holidays": "-",
    "shift_type": "Day",
    "type_shift": "SHIFT",
    "on_shift": true,
    "mins": 480,
    "callback_eligible": true,
    "cover_allowed": true,
    "notes": ""
  },
  {
    "ID": "6e99c6f9-ddee-4e34-a11c-243618e6c06b",
    "date": "2026-01-06",
    "shift": "Mon-Fri",
    "day": "Tuesday",
    "holidays": "-",
    "shift_type": "Day",
    "type_shift": "SHIFT",
    "on_shift": true,
    "mins": 480,
    "callback_eligible": true,
    "cover_allowed": true,
    "notes": ""
  },
  {
    "ID": "25983a9a-dbca-47a5-9de7-88c20dfdfc1d",
    "date": "2026-01-07",
    "shift": "Mon-Fri",
    "day": "Wednesday",
    "holidays": "-",
    "shift_type": "Day",
    "type_shift": "SHIFT",
    "on_shift": true,
    "mins": 480,
    "callback_eligible": true,
    "cover_allowed": true,
    "notes": ""
  },
  {
    "ID": "6b514f2e-bcd7-446b-94d0-c52341d8fc5a",
    "date": "2026-01-08",
    "shift": "Mon-Fri",
    "day": "Thursday",
    "holidays": "-",
    "shift_type": "Day",
    "type_shift": "SHIFT",
    "on_shift": true,
    "mins": 480,
    "callback_eligible": true,
    "cover_allowed": true,
    "notes": ""
  },
  {
    "ID": "b015aa91-768b-45c8-9c2d-74fc3e5963e1",
    "date": "2026-01-09",
    "shift": "Mon-Fri",
    "day": "Friday",
    "holidays": "-",
    "shift_type": "Day",
    "type_shift": "SHIFT",
    "on_shift": true,
    "mins": 480,
    "callback_eligible": true,
    "cover_allowed": true,
    "notes": ""
  },
  {
    "ID": "b8dd9abf-299a-44c6-8a11-45aa089b976c",
    "date": "2026-01-12",
    "shift": "Mon-Fri",
    "day": "Monday",
    "holidays": "-",
    "shift_type": "Day",
    "type_shift": "SHIFT",
    "on_shift": true,
    "mins": 480,
    "callback_eligible": true,
    "cover_allowed": true,
    "notes": ""
  },
  {
    "ID": "b575afd3-0de4-49a2-96c3-578c59a7119e",
    "date": "2026-01-13",
    "shift": "Mon-Fri",
    "day": "Tuesday",
    "holidays": "-",
    "shift_type": "Day",
    "type_shift": "SHIFT",
    "on_shift": true,
    "mins": 480,
    "callback_eligible": true,
    "cover_allowed": true,
    "notes": ""
  },
  {
    "ID": "7d016c79-59c5-4427-b256-edde739974ff",
    "date": "2026-01-14",
    "shift": "Mon-Fri",
    "day": "Wednesday",
    "holidays": "-",
    "shift_type": "Day",
    "type_shift": "SHIFT",
    "on_shift": true,
    "mins": 480,
    "callback_eligible": true,
    "cover_allowed": true,
    "notes": ""
  },
  {
    "ID": "18665e00-8d2f-4b19-beb2-6a6140f98320",
    "date": "2026-01-15",
    "shift": "Mon-Fri",
    "day": "Thursday",
    "holidays": "-",
    "shift_type": "Day",
    "type_shift": "SHIFT",
    "on_shift": true,
    "mins": 480,
    "callback_eligible": true,
    "cover_allowed": true,
    "notes": ""
  },
  {
    "ID": "bc3b298c-f9c1-47f6-a12b-e7258155bc53",
    "date": "2026-01-16",
    "shift": "Mon-Fri",
    "day": "Friday",
    "holidays": "-",
    "shift_type": "Day",
    "type_shift": "SHIFT",
    "on_shift": true,
    "mins": 480,
    "callback_eligible": true,
    "cover_allowed": true,
    "notes": ""
  },
  {
    "ID": "9aa2247f-a616-42ad-81f6-896f72fa72cf",
    "date": "2026-01-19",
    "shift": "Mon-Fri",
    "day": "Monday",
    "holidays": "-",
    "shift_type": "Day",
    "type_shift": "SHIFT",
    "on_shift": true,
    "mins": 480,
    "callback_eligible": true,
    "cover_allowed": true,
    "notes": ""
  },
  {
    "ID": "aac41083-99b1-42c1-8990-f24533504bfc",
    "date": "2026-01-20",
    "shift": "Mon-Fri",
    "day": "Tuesday",
    "holidays": "-",
    "shift_type": "Day",
    "type_shift": "SHIFT",
    "on_shift": true,
    "mins": 480,
    "callback_eligible": true,
    "cover_allowed": true,
    "notes": ""
  },
  {
    "ID": "7bdec766-c47f-485c-b998-cad662a128e3",
    "date": "2026-01-21",
    "shift": "Mon-Fri",
    "day": "Wednesday",
    "holidays": "-",
    "shift_type": "Day",
    "type_shift": "SHIFT",
    "on_shift": true,
    "mins": 480,
    "callback_eligible": true,
    "cover_allowed": true,
    "notes": ""
  },
  {
    "ID": "d29015dd-d60e-4b41-a38c-64a39839d334",
    "date": "2026-01-22",
    "shift": "Mon-Fri",
    "day": "Thursday",
    "holidays": "-",
    "shift_type": "Day",
    "type_shift": "SHIFT",
    "on_shift": true,
    "mins": 480,
    "callback_eligible": true,
    "cover_allowed": true,
    "notes": ""
  },
  {
    "ID": "ef55d17f-396a-4f61-9bed-91806c775093",
    "date": "2026-01-23",
    "shift": "Mon-Fri",
    "day": "Friday",
    "holidays": "-",
    "shift_type": "Day",
    "type_shift": "SHIFT",
    "on_shift": true,
    "mins": 480,
    "callback_eligible": true,
    "cover_allowed": true,
    "notes": ""
  },
  {
    "ID": "fef11bc8-a475-45de-bc26-ececb37fcbcc",
    "date": "2026-01-26",
    "shift": "Mon-Fri",
    "day": "Monday",
    "holidays": "-",
    "shift_type": "Day",
    "type_shift": "SHIFT",
    "on_shift": true,
    "mins": 480,
    "callback_eligible": true,
    "cover_allowed": true,
    "notes": ""
  },
  {
    "ID": "ce2df4cb-defd-434b-8ed3-764596721b08",
    "date": "2026-01-27",
    "shift": "Mon-Fri",
    "day": "Tuesday",
    "holidays": "-",
    "shift_type": "Day",
    "type_shift": "SHIFT",
    "on_shift": true,
    "mins": 480,
    "callback_eligible": true,
    "cover_allowed": true,
    "notes": ""
  },
  {
    "ID": "6a122437-b8a2-4da3-ae76-10a026a57502",
    "date": "2026-01-28",
    "shift": "Mon-Fri",
    "day": "Wednesday",
    "holidays": "-",
    "shift_type": "Day",
    "type_shift": "SHIFT",
    "on_shift": true,
    "mins": 480,
    "callback_eligible": true,
    "cover_allowed": true,
    "notes": ""
  },
  {
    "ID": "b36b5652-1d7d-465e-8c86-200342f7d613",
    "date": "2026-01-29",
    "shift": "Mon-Fri",
    "day": "Thursday",
    "holidays": "-",
    "shift_type": "Day",
    "type_shift": "SHIFT",
    "on_shift": true,
    "mins": 480,
    "callback_eligible": true,
    "cover_allowed": true,
    "notes": ""
  },
  {
    "ID": "d5fde121-7767-4a8b-becb-9d4b8ccc718b",
    "date": "2026-01-30",
    "shift": "Mon-Fri",
    "day": "Friday",
    "holidays": "-",
    "shift_type": "Day",
    "type_shift": "SHIFT",
    "on_shift": true,
    "mins": 480,
    "callback_eligible": true,
    "cover_allowed": true,
    "notes": ""
  },
  {
    "ID": "683658c5-7d1f-4337-aee3-de090f927105",
    "date": "2026-02-02",
    "shift": "Mon-Fri",
    "day": "Monday",
    "holidays": "-",
    "shift_type": "Day",
    "type_shift": "SHIFT",
    "on_shift": true,
    "mins": 480,
    "callback_eligible": true,
    "cover_allowed": true,
    "notes": ""
  },
  {
    "ID": "bbec2659-ee05-4218-a6e0-5484350911ff",
    "date": "2026-02-03",
    "shift": "Mon-Fri",
    "day": "Tuesday",
    "holidays": "-",
    "shift_type": "Day",
    "type_shift": "SHIFT",
    "on_shift": true,
    "mins": 480,
    "callback_eligible": true,
    "cover_allowed": true,
    "notes": ""
  },
  {
    "ID": "0d303af0-af3d-4c0e-a6f4-16be8ebc61b2",
    "date": "2026-02-04",
    "shift": "Mon-Fri",
    "day": "Wednesday",
    "holidays": "-",
    "shift_type": "Day",
    "type_shift": "SHIFT",
    "on_shift": true,
    "mins": 480,
    "callback_eligible": true,
    "cover_allowed": true,
    "notes": ""
  },
  {
    "ID": "3e2227d2-cd44-4c63-801e-5b4758e80d58",
    "date": "2026-02-05",
    "shift": "Mon-Fri",
    "day": "Thursday",
    "holidays": "-",
    "shift_type": "Day",
    "type_shift": "SHIFT",
    "on_shift": true,
    "mins": 480,
    "callback_eligible": true,
    "cover_allowed": true,
    "notes": ""
  },
  {
    "ID": "fb3ae16d-8dbd-4c43-b6d2-ca41c5f503a7",
    "date": "2026-02-06",
    "shift": "Mon-Fri",
    "day": "Friday",
    "holidays": "Waitangi Day",
    "shift_type": "Day",
    "type_shift": "SHIFT",
    "on_shift": true,
    "mins": 480,
    "callback_eligible": true,
    "cover_allowed": true,
    "notes": ""
  },
  {
    "ID": "6395f393-8370-4fd9-95ff-b326ce13503a",
    "date": "2026-02-09",
    "shift": "Mon-Fri",
    "day": "Monday",
    "holidays": "-",
    "shift_type": "Day",
    "type_shift": "SHIFT",
    "on_shift": true,
    "mins": 480,
    "callback_eligible": true,
    "cover_allowed": true,
    "notes": ""
  },
  {
    "ID": "5dc10406-085e-40fa-b67d-4f3f6d041c4c",
    "date": "2026-02-10",
    "shift": "Mon-Fri",
    "day": "Tuesday",
    "holidays": "-",
    "shift_type": "Day",
    "type_shift": "SHIFT",
    "on_shift": true,
    "mins": 480,
    "callback_eligible": true,
    "cover_allowed": true,
    "notes": ""
  },
  {
    "ID": "7b094756-f2cf-4d52-b0f1-52954e7d7133",
    "date": "2026-02-11",
    "shift": "Mon-Fri",
    "day": "Wednesday",
    "holidays": "-",
    "shift_type": "Day",
    "type_shift": "SHIFT",
    "on_shift": true,
    "mins": 480,
    "callback_eligible": true,
    "cover_allowed": true,
    "notes": ""
  },
  {
    "ID": "dedf6785-2b88-487f-9351-d700fb879712",
    "date": "2026-02-12",
    "shift": "Mon-Fri",
    "day": "Thursday",
    "holidays": "-",
    "shift_type": "Day",
    "type_shift": "SHIFT",
    "on_shift": true,
    "mins": 480,
    "callback_eligible": true,
    "cover_allowed": true,
    "notes": ""
  },
  {
    "ID": "ea6d68ce-7d8a-45a8-895a-e37deaac8401",
    "date": "2026-02-13",
    "shift": "Mon-Fri",
    "day": "Friday",
    "holidays": "-",
    "shift_type": "Day",
    "type_shift": "SHIFT",
    "on_shift": true,
    "mins": 480,
    "callback_eligible": true,
    "cover_allowed": true,
    "notes": ""
  },
  {
    "ID": "180c5242-2616-4e98-af96-4da2e20ed46e",
    "date": "2026-02-16",
    "shift": "Mon-Fri",
    "day": "Monday",
    "holidays": "-",
    "shift_type": "Day",
    "type_shift": "SHIFT",
    "on_shift": true,
    "mins": 480,
    "callback_eligible": true,
    "cover_allowed": true,
    "notes": ""
  },
  {
    "ID": "06522e37-f687-4841-833c-e11adc585e88",
    "date": "2026-02-17",
    "shift": "Mon-Fri",
    "day": "Tuesday",
    "holidays": "-",
    "shift_type": "Day",
    "type_shift": "SHIFT",
    "on_shift": true,
    "mins": 480,
    "callback_eligible": true,
    "cover_allowed": true,
    "notes": ""
  },
  {
    "ID": "833616c4-efa5-40aa-a98e-a0780a1ba2d2",
    "date": "2026-02-18",
    "shift": "Mon-Fri",
    "day": "Wednesday",
    "holidays": "-",
    "shift_type": "Day",
    "type_shift": "SHIFT",
    "on_shift": true,
    "mins": 480,
    "callback_eligible": true,
    "cover_allowed": true,
    "notes": ""
  },
  {
    "ID": "70046c24-f269-4b84-af5f-33a69f88e1f7",
    "date": "2026-02-19",
    "shift": "Mon-Fri",
    "day": "Thursday",
    "holidays": "-",
    "shift_type": "Day",
    "type_shift": "SHIFT",
    "on_shift": true,
    "mins": 480,
    "callback_eligible": true,
    "cover_allowed": true,
    "notes": ""
  },
  {
    "ID": "be7bb3d0-e5e3-4699-b075-21cc1363e73b",
    "date": "2026-02-20",
    "shift": "Mon-Fri",
    "day": "Friday",
    "holidays": "-",
    "shift_type": "Day",
    "type_shift": "SHIFT",
    "on_shift": true,
    "mins": 480,
    "callback_eligible": true,
    "cover_allowed": true,
    "notes": ""
  },
  {
    "ID": "db21bde5-26b3-44b2-ad1c-df334e0777f3",
    "date": "2026-02-23",
    "shift": "Mon-Fri",
    "day": "Monday",
    "holidays": "-",
    "shift_type": "Day",
    "type_shift": "SHIFT",
    "on_shift": true,
    "mins": 480,
    "callback_eligible": true,
    "cover_allowed": true,
    "notes": ""
  },
  {
    "ID": "561ec494-03d6-4b74-b09a-592f0e3865a2",
    "date": "2026-02-24",
    "shift": "Mon-Fri",
    "day": "Tuesday",
    "holidays": "-",
    "shift_type": "Day",
    "type_shift": "SHIFT",
    "on_shift": true,
    "mins": 480,
    "callback_eligible": true,
    "cover_allowed": true,
    "notes": ""
  },
  {
    "ID": "63e8a642-824f-42ba-93eb-8813b9add775",
    "date": "2026-02-25",
    "shift": "Mon-Fri",
    "day": "Wednesday",
    "holidays": "-",
    "shift_type": "Day",
    "type_shift": "SHIFT",
    "on_shift": true,
    "mins": 480,
    "callback_eligible": true,
    "cover_allowed": true,
    "notes": ""
  },
  {
    "ID": "d3b0f074-4d56-45b8-aa03-30c47b92cfc4",
    "date": "2026-02-26",
    "shift": "Mon-Fri",
    "day": "Thursday",
    "holidays": "-",
    "shift_type": "Day",
    "type_shift": "SHIFT",
    "on_shift": true,
    "mins": 480,
    "callback_eligible": true,
    "cover_allowed": true,
    "notes": ""
  },
  {
    "ID": "a7dade56-ac7e-44d1-a2c5-cf0bf9a365ac",
    "date": "2026-02-27",
    "shift": "Mon-Fri",
    "day": "Friday",
    "holidays": "-",
    "shift_type": "Day",
    "type_shift": "SHIFT",
    "on_shift": true,
    "mins": 480,
    "callback_eligible": true,
    "cover_allowed": true,
    "notes": ""
  },
  {
    "ID": "6668e9a6-6c0f-4a19-a53d-6d5181f45050",
    "date": "2026-03-02",
    "shift": "Mon-Fri",
    "day": "Monday",
    "holidays": "-",
    "shift_type": "Day",
    "type_shift": "SHIFT",
    "on_shift": true,
    "mins": 480,
    "callback_eligible": true,
    "cover_allowed": true,
    "notes": ""
  },
  {
    "ID": "7fdf1e60-13ac-47fe-aa95-fa3ab1abe7d3",
    "date": "2026-03-03",
    "shift": "Mon-Fri",
    "day": "Tuesday",
    "holidays": "-",
    "shift_type": "Day",
    "type_shift": "SHIFT",
    "on_shift": true,
    "mins": 480,
    "callback_eligible": true,
    "cover_allowed": true,
    "notes": ""
  },
  {
    "ID": "a6530361-42f3-4612-8013-f11ba5971699",
    "date": "2026-03-04",
    "shift": "Mon-Fri",
    "day": "Wednesday",
    "holidays": "-",
    "shift_type": "Day",
    "type_shift": "SHIFT",
    "on_shift": true,
    "mins": 480,
    "callback_eligible": true,
    "cover_allowed": true,
    "notes": ""
  },
  {
    "ID": "0160d450-22eb-438b-8a59-2d976307baf5",
    "date": "2026-03-05",
    "shift": "Mon-Fri",
    "day": "Thursday",
    "holidays": "-",
    "shift_type": "Day",
    "type_shift": "SHIFT",
    "on_shift": true,
    "mins": 480,
    "callback_eligible": true,
    "cover_allowed": true,
    "notes": ""
  },
  {
    "ID": "1fab25dc-db17-47e7-b4df-329c77feaa6f",
    "date": "2026-03-06",
    "shift": "Mon-Fri",
    "day": "Friday",
    "holidays": "-",
    "shift_type": "Day",
    "type_shift": "SHIFT",
    "on_shift": true,
    "mins": 480,
    "callback_eligible": true,
    "cover_allowed": true,
    "notes": ""
  },
  {
    "ID": "4e8ec510-755e-45b8-a6ec-53ba04ae9f6b",
    "date": "2026-03-09",
    "shift": "Mon-Fri",
    "day": "Monday",
    "holidays": "Taranaki Anniversary Day",
    "shift_type": "Day",
    "type_shift": "SHIFT",
    "on_shift": true,
    "mins": 480,
    "callback_eligible": true,
    "cover_allowed": true,
    "notes": ""
  },
  {
    "ID": "3ba661bb-16a7-4a1c-8c9c-e08613fbbafe",
    "date": "2026-03-10",
    "shift": "Mon-Fri",
    "day": "Tuesday",
    "holidays": "-",
    "shift_type": "Day",
    "type_shift": "SHIFT",
    "on_shift": true,
    "mins": 480,
    "callback_eligible": true,
    "cover_allowed": true,
    "notes": ""
  },
  {
    "ID": "a4f27335-3a88-40ef-b654-a64f7b4e4791",
    "date": "2026-03-11",
    "shift": "Mon-Fri",
    "day": "Wednesday",
    "holidays": "-",
    "shift_type": "Day",
    "type_shift": "SHIFT",
    "on_shift": true,
    "mins": 480,
    "callback_eligible": true,
    "cover_allowed": true,
    "notes": ""
  },
  {
    "ID": "e4adc408-4076-4810-8049-c14a103f74a4",
    "date": "2026-03-12",
    "shift": "Mon-Fri",
    "day": "Thursday",
    "holidays": "-",
    "shift_type": "Day",
    "type_shift": "SHIFT",
    "on_shift": true,
    "mins": 480,
    "callback_eligible": true,
    "cover_allowed": true,
    "notes": ""
  },
  {
    "ID": "cecaaba5-52dd-4aa6-b5b0-6b5c8aec9a6f",
    "date": "2026-03-13",
    "shift": "Mon-Fri",
    "day": "Friday",
    "holidays": "-",
    "shift_type": "Day",
    "type_shift": "SHIFT",
    "on_shift": true,
    "mins": 480,
    "callback_eligible": true,
    "cover_allowed": true,
    "notes": ""
  },
  {
    "ID": "d9eb375d-3b2e-482d-81de-930e5a941ec4",
    "date": "2026-03-16",
    "shift": "Mon-Fri",
    "day": "Monday",
    "holidays": "-",
    "shift_type": "Day",
    "type_shift": "SHIFT",
    "on_shift": true,
    "mins": 480,
    "callback_eligible": true,
    "cover_allowed": true,
    "notes": ""
  },
  {
    "ID": "e9ce0948-b473-495f-9919-99b383281d61",
    "date": "2026-03-17",
    "shift": "Mon-Fri",
    "day": "Tuesday",
    "holidays": "-",
    "shift_type": "Day",
    "type_shift": "SHIFT",
    "on_shift": true,
    "mins": 480,
    "callback_eligible": true,
    "cover_allowed": true,
    "notes": ""
  },
  {
    "ID": "75d5cbd3-7407-4ee0-a83d-a0517463bdc2",
    "date": "2026-03-18",
    "shift": "Mon-Fri",
    "day": "Wednesday",
    "holidays": "-",
    "shift_type": "Day",
    "type_shift": "SHIFT",
    "on_shift": true,
    "mins": 480,
    "callback_eligible": true,
    "cover_allowed": true,
    "notes": ""
  },
  {
    "ID": "70b0b122-28cf-41af-b35f-36b7e94986e3",
    "date": "2026-03-19",
    "shift": "Mon-Fri",
    "day": "Thursday",
    "holidays": "-",
    "shift_type": "Day",
    "type_shift": "SHIFT",
    "on_shift": true,
    "mins": 480,
    "callback_eligible": true,
    "cover_allowed": true,
    "notes": ""
  },
  {
    "ID": "b9b27f51-5484-4512-bb74-f50ad4eaf75c",
    "date": "2026-03-20",
    "shift": "Mon-Fri",
    "day": "Friday",
    "holidays": "-",
    "shift_type": "Day",
    "type_shift": "SHIFT",
    "on_shift": true,
    "mins": 480,
    "callback_eligible": true,
    "cover_allowed": true,
    "notes": ""
  },
  {
    "ID": "ecb2d57c-2efd-4665-880d-56086f7de3a3",
    "date": "2026-03-23",
    "shift": "Mon-Fri",
    "day": "Monday",
    "holidays": "-",
    "shift_type": "Day",
    "type_shift": "SHIFT",
    "on_shift": true,
    "mins": 480,
    "callback_eligible": true,
    "cover_allowed": true,
    "notes": ""
  },
  {
    "ID": "f73dc5cc-bf7b-439a-adc0-3bf99914f66c",
    "date": "2026-03-24",
    "shift": "Mon-Fri",
    "day": "Tuesday",
    "holidays": "-",
    "shift_type": "Day",
    "type_shift": "SHIFT",
    "on_shift": true,
    "mins": 480,
    "callback_eligible": true,
    "cover_allowed": true,
    "notes": ""
  },
  {
    "ID": "0265d172-a153-48bd-b3c6-ce3972302ac1",
    "date": "2026-03-25",
    "shift": "Mon-Fri",
    "day": "Wednesday",
    "holidays": "-",
    "shift_type": "Day",
    "type_shift": "SHIFT",
    "on_shift": true,
    "mins": 480,
    "callback_eligible": true,
    "cover_allowed": true,
    "notes": ""
  },
  {
    "ID": "f8016b7a-3b5b-49fd-9a18-865a5a09d957",
    "date": "2026-03-26",
    "shift": "Mon-Fri",
    "day": "Thursday",
    "holidays": "-",
    "shift_type": "Day",
    "type_shift": "SHIFT",
    "on_shift": true,
    "mins": 480,
    "callback_eligible": true,
    "cover_allowed": true,
    "notes": ""
  },
  {
    "ID": "e11c1b5c-0245-4604-857a-a9109490cfb0",
    "date": "2026-03-27",
    "shift": "Mon-Fri",
    "day": "Friday",
    "holidays": "-",
    "shift_type": "Day",
    "type_shift": "SHIFT",
    "on_shift": true,
    "mins": 480,
    "callback_eligible": true,
    "cover_allowed": true,
    "notes": ""
  },
  {
    "ID": "45136969-9d43-4509-b07e-7b2066e5af01",
    "date": "2026-03-30",
    "shift": "Mon-Fri",
    "day": "Monday",
    "holidays": "-",
    "shift_type": "Day",
    "type_shift": "SHIFT",
    "on_shift": true,
    "mins": 480,
    "callback_eligible": true,
    "cover_allowed": true,
    "notes": ""
  },
  {
    "ID": "68e1bd8c-a70f-440a-98ff-07c18a44f714",
    "date": "2026-03-31",
    "shift": "Mon-Fri",
    "day": "Tuesday",
    "holidays": "-",
    "shift_type": "Day",
    "type_shift": "SHIFT",
    "on_shift": true,
    "mins": 480,
    "callback_eligible": true,
    "cover_allowed": true,
    "notes": ""
  },
  {
    "ID": "7c4de8bf-fb0d-41f2-8dd8-ccfd91c01f0a",
    "date": "2026-04-01",
    "shift": "Mon-Fri",
    "day": "Wednesday",
    "holidays": "-",
    "shift_type": "Day",
    "type_shift": "SHIFT",
    "on_shift": true,
    "mins": 480,
    "callback_eligible": true,
    "cover_allowed": true,
    "notes": ""
  },
  {
    "ID": "dbc7ad81-9b70-404b-afbe-b1b33fa0aa6b",
    "date": "2026-04-02",
    "shift": "Mon-Fri",
    "day": "Thursday",
    "holidays": "-",
    "shift_type": "Day",
    "type_shift": "SHIFT",
    "on_shift": true,
    "mins": 480,
    "callback_eligible": true,
    "cover_allowed": true,
    "notes": ""
  },
  {
    "ID": "3d2322be-51e8-4348-a349-daa18aab06a7",
    "date": "2026-04-03",
    "shift": "Mon-Fri",
    "day": "Friday",
    "holidays": "Good Friday",
    "shift_type": "Day",
    "type_shift": "SHIFT",
    "on_shift": true,
    "mins": 480,
    "callback_eligible": true,
    "cover_allowed": true,
    "notes": ""
  },
  {
    "ID": "8f21d9e3-3640-4b12-9c40-15a0e0dcdcb5",
    "date": "2026-04-06",
    "shift": "Mon-Fri",
    "day": "Monday",
    "holidays": "Easter Monday",
    "shift_type": "Day",
    "type_shift": "SHIFT",
    "on_shift": true,
    "mins": 480,
    "callback_eligible": true,
    "cover_allowed": true,
    "notes": ""
  },
  {
    "ID": "6090f6f5-db6c-4a39-a9b9-be93e0967406",
    "date": "2026-04-07",
    "shift": "Mon-Fri",
    "day": "Tuesday",
    "holidays": "-",
    "shift_type": "Day",
    "type_shift": "SHIFT",
    "on_shift": true,
    "mins": 480,
    "callback_eligible": true,
    "cover_allowed": true,
    "notes": ""
  },
  {
    "ID": "ae155333-895b-44ad-ac36-dd5ff94c041b",
    "date": "2026-04-08",
    "shift": "Mon-Fri",
    "day": "Wednesday",
    "holidays": "-",
    "shift_type": "Day",
    "type_shift": "SHIFT",
    "on_shift": true,
    "mins": 480,
    "callback_eligible": true,
    "cover_allowed": true,
    "notes": ""
  },
  {
    "ID": "2a2a97e4-381a-4644-96a0-ebc120ae84e6",
    "date": "2026-04-09",
    "shift": "Mon-Fri",
    "day": "Thursday",
    "holidays": "-",
    "shift_type": "Day",
    "type_shift": "SHIFT",
    "on_shift": true,
    "mins": 480,
    "callback_eligible": true,
    "cover_allowed": true,
    "notes": ""
  },
  {
    "ID": "2e87dcf7-9d5a-43c8-b73a-5b55b3867b34",
    "date": "2026-04-10",
    "shift": "Mon-Fri",
    "day": "Friday",
    "holidays": "-",
    "shift_type": "Day",
    "type_shift": "SHIFT",
    "on_shift": true,
    "mins": 480,
    "callback_eligible": true,
    "cover_allowed": true,
    "notes": ""
  },
  {
    "ID": "9a170352-b482-442b-b87f-6ef0ecdf9ca0",
    "date": "2026-04-13",
    "shift": "Mon-Fri",
    "day": "Monday",
    "holidays": "-",
    "shift_type": "Day",
    "type_shift": "SHIFT",
    "on_shift": true,
    "mins": 480,
    "callback_eligible": true,
    "cover_allowed": true,
    "notes": ""
  },
  {
    "ID": "34c4a111-05bb-4222-beb3-979ae253ce12",
    "date": "2026-04-14",
    "shift": "Mon-Fri",
    "day": "Tuesday",
    "holidays": "-",
    "shift_type": "Day",
    "type_shift": "SHIFT",
    "on_shift": true,
    "mins": 480,
    "callback_eligible": true,
    "cover_allowed": true,
    "notes": ""
  },
  {
    "ID": "48d1c3bd-c52d-4677-8871-147e63d88f77",
    "date": "2026-04-15",
    "shift": "Mon-Fri",
    "day": "Wednesday",
    "holidays": "-",
    "shift_type": "Day",
    "type_shift": "SHIFT",
    "on_shift": true,
    "mins": 480,
    "callback_eligible": true,
    "cover_allowed": true,
    "notes": ""
  },
  {
    "ID": "b9c75803-c62d-40c4-83f0-7e6fbb945fb8",
    "date": "2026-04-16",
    "shift": "Mon-Fri",
    "day": "Thursday",
    "holidays": "-",
    "shift_type": "Day",
    "type_shift": "SHIFT",
    "on_shift": true,
    "mins": 480,
    "callback_eligible": true,
    "cover_allowed": true,
    "notes": ""
  },
  {
    "ID": "9c97befb-1c85-4479-bf97-83fff8c7bf3e",
    "date": "2026-04-17",
    "shift": "Mon-Fri",
    "day": "Friday",
    "holidays": "-",
    "shift_type": "Day",
    "type_shift": "SHIFT",
    "on_shift": true,
    "mins": 480,
    "callback_eligible": true,
    "cover_allowed": true,
    "notes": ""
  },
  {
    "ID": "7aaa02b2-5793-4836-a447-bbac1ff1c58a",
    "date": "2026-04-20",
    "shift": "Mon-Fri",
    "day": "Monday",
    "holidays": "-",
    "shift_type": "Day",
    "type_shift": "SHIFT",
    "on_shift": true,
    "mins": 480,
    "callback_eligible": true,
    "cover_allowed": true,
    "notes": ""
  },
  {
    "ID": "aff9e0d0-d1dd-4734-809c-74713eb62216",
    "date": "2026-04-21",
    "shift": "Mon-Fri",
    "day": "Tuesday",
    "holidays": "-",
    "shift_type": "Day",
    "type_shift": "SHIFT",
    "on_shift": true,
    "mins": 480,
    "callback_eligible": true,
    "cover_allowed": true,
    "notes": ""
  },
  {
    "ID": "c09a00e9-91b3-4207-9c27-5c94d88dca3e",
    "date": "2026-04-22",
    "shift": "Mon-Fri",
    "day": "Wednesday",
    "holidays": "-",
    "shift_type": "Day",
    "type_shift": "SHIFT",
    "on_shift": true,
    "mins": 480,
    "callback_eligible": true,
    "cover_allowed": true,
    "notes": ""
  },
  {
    "ID": "1384656b-6386-45d2-960c-83f30eeca69f",
    "date": "2026-04-23",
    "shift": "Mon-Fri",
    "day": "Thursday",
    "holidays": "-",
    "shift_type": "Day",
    "type_shift": "SHIFT",
    "on_shift": true,
    "mins": 480,
    "callback_eligible": true,
    "cover_allowed": true,
    "notes": ""
  },
  {
    "ID": "2b4f2a97-56ce-4d55-b96c-54442c0c74e3",
    "date": "2026-04-24",
    "shift": "Mon-Fri",
    "day": "Friday",
    "holidays": "-",
    "shift_type": "Day",
    "type_shift": "SHIFT",
    "on_shift": true,
    "mins": 480,
    "callback_eligible": true,
    "cover_allowed": true,
    "notes": ""
  },
  {
    "ID": "d879ec73-b95d-4d3a-b1be-ca121611239f",
    "date": "2026-04-27",
    "shift": "Mon-Fri",
    "day": "Monday",
    "holidays": "Anzac Day (observed)",
    "shift_type": "Day",
    "type_shift": "SHIFT",
    "on_shift": true,
    "mins": 480,
    "callback_eligible": true,
    "cover_allowed": true,
    "notes": ""
  },
  {
    "ID": "ff019201-58d4-498e-8f93-5ff5de852d85",
    "date": "2026-04-28",
    "shift": "Mon-Fri",
    "day": "Tuesday",
    "holidays": "-",
    "shift_type": "Day",
    "type_shift": "SHIFT",
    "on_shift": true,
    "mins": 480,
    "callback_eligible": true,
    "cover_allowed": true,
    "notes": ""
  },
  {
    "ID": "e7d5f13c-2426-49a1-9f6e-a3b6af63e83d",
    "date": "2026-04-29",
    "shift": "Mon-Fri",
    "day": "Wednesday",
    "holidays": "-",
    "shift_type": "Day",
    "type_shift": "SHIFT",
    "on_shift": true,
    "mins": 480,
    "callback_eligible": true,
    "cover_allowed": true,
    "notes": ""
  },
  {
    "ID": "6d4f027d-51ed-4856-99c2-6f1aef6260d9",
    "date": "2026-04-30",
    "shift": "Mon-Fri",
    "day": "Thursday",
    "holidays": "-",
    "shift_type": "Day",
    "type_shift": "SHIFT",
    "on_shift": true,
    "mins": 480,
    "callback_eligible": true,
    "cover_allowed": true,
    "notes": ""
  },
  {
    "ID": "9758be8d-3916-435c-b90c-f4dc0ec8c16f",
    "date": "2026-05-01",
    "shift": "Mon-Fri",
    "day": "Friday",
    "holidays": "-",
    "shift_type": "Day",
    "type_shift": "SHIFT",
    "on_shift": true,
    "mins": 480,
    "callback_eligible": true,
    "cover_allowed": true,
    "notes": ""
  },
  {
    "ID": "acfdac2f-80f5-4b81-875a-d653ff2ce44f",
    "date": "2026-05-04",
    "shift": "Mon-Fri",
    "day": "Monday",
    "holidays": "-",
    "shift_type": "Day",
    "type_shift": "SHIFT",
    "on_shift": true,
    "mins": 480,
    "callback_eligible": true,
    "cover_allowed": true,
    "notes": ""
  },
  {
    "ID": "c99ce206-0a62-4317-9042-91b3b1ceb44a",
    "date": "2026-05-05",
    "shift": "Mon-Fri",
    "day": "Tuesday",
    "holidays": "-",
    "shift_type": "Day",
    "type_shift": "SHIFT",
    "on_shift": true,
    "mins": 480,
    "callback_eligible": true,
    "cover_allowed": true,
    "notes": ""
  },
  {
    "ID": "3232ea3e-264e-48b1-9133-afa034bcadd0",
    "date": "2026-05-06",
    "shift": "Mon-Fri",
    "day": "Wednesday",
    "holidays": "-",
    "shift_type": "Day",
    "type_shift": "SHIFT",
    "on_shift": true,
    "mins": 480,
    "callback_eligible": true,
    "cover_allowed": true,
    "notes": ""
  },
  {
    "ID": "86dc22d1-15f9-40af-941d-dd0b6e92124d",
    "date": "2026-05-07",
    "shift": "Mon-Fri",
    "day": "Thursday",
    "holidays": "-",
    "shift_type": "Day",
    "type_shift": "SHIFT",
    "on_shift": true,
    "mins": 480,
    "callback_eligible": true,
    "cover_allowed": true,
    "notes": ""
  },
  {
    "ID": "f784a473-623c-4642-a377-f3a0ab906eed",
    "date": "2026-05-08",
    "shift": "Mon-Fri",
    "day": "Friday",
    "holidays": "-",
    "shift_type": "Day",
    "type_shift": "SHIFT",
    "on_shift": true,
    "mins": 480,
    "callback_eligible": true,
    "cover_allowed": true,
    "notes": ""
  },
  {
    "ID": "d6a6837f-c753-433c-8781-36da2ae79584",
    "date": "2026-05-11",
    "shift": "Mon-Fri",
    "day": "Monday",
    "holidays": "-",
    "shift_type": "Day",
    "type_shift": "SHIFT",
    "on_shift": true,
    "mins": 480,
    "callback_eligible": true,
    "cover_allowed": true,
    "notes": ""
  },
  {
    "ID": "43c649c1-ac11-4dfa-9d4d-ef1985bb5c83",
    "date": "2026-05-12",
    "shift": "Mon-Fri",
    "day": "Tuesday",
    "holidays": "-",
    "shift_type": "Day",
    "type_shift": "SHIFT",
    "on_shift": true,
    "mins": 480,
    "callback_eligible": true,
    "cover_allowed": true,
    "notes": ""
  },
  {
    "ID": "fa685db6-d4c2-4421-b165-013444859272",
    "date": "2026-05-13",
    "shift": "Mon-Fri",
    "day": "Wednesday",
    "holidays": "-",
    "shift_type": "Day",
    "type_shift": "SHIFT",
    "on_shift": true,
    "mins": 480,
    "callback_eligible": true,
    "cover_allowed": true,
    "notes": ""
  },
  {
    "ID": "07469f93-f089-4ee6-b298-800b88608762",
    "date": "2026-05-14",
    "shift": "Mon-Fri",
    "day": "Thursday",
    "holidays": "-",
    "shift_type": "Day",
    "type_shift": "SHIFT",
    "on_shift": true,
    "mins": 480,
    "callback_eligible": true,
    "cover_allowed": true,
    "notes": ""
  },
  {
    "ID": "c061ff6b-f9e8-4913-b3cb-f05063687acc",
    "date": "2026-05-15",
    "shift": "Mon-Fri",
    "day": "Friday",
    "holidays": "-",
    "shift_type": "Day",
    "type_shift": "SHIFT",
    "on_shift": true,
    "mins": 480,
    "callback_eligible": true,
    "cover_allowed": true,
    "notes": ""
  },
  {
    "ID": "5808f6a6-60d1-4d66-94e1-549cd00817db",
    "date": "2026-05-18",
    "shift": "Mon-Fri",
    "day": "Monday",
    "holidays": "-",
    "shift_type": "Day",
    "type_shift": "SHIFT",
    "on_shift": true,
    "mins": 480,
    "callback_eligible": true,
    "cover_allowed": true,
    "notes": ""
  },
  {
    "ID": "3d08dcc6-59fc-4431-8efd-2bb0007136bc",
    "date": "2026-05-19",
    "shift": "Mon-Fri",
    "day": "Tuesday",
    "holidays": "-",
    "shift_type": "Day",
    "type_shift": "SHIFT",
    "on_shift": true,
    "mins": 480,
    "callback_eligible": true,
    "cover_allowed": true,
    "notes": ""
  },
  {
    "ID": "acef94dc-8349-499a-8621-87528b3251e6",
    "date": "2026-05-20",
    "shift": "Mon-Fri",
    "day": "Wednesday",
    "holidays": "-",
    "shift_type": "Day",
    "type_shift": "SHIFT",
    "on_shift": true,
    "mins": 480,
    "callback_eligible": true,
    "cover_allowed": true,
    "notes": ""
  },
  {
    "ID": "621e94b6-8080-430f-861f-138fef66edbb",
    "date": "2026-05-21",
    "shift": "Mon-Fri",
    "day": "Thursday",
    "holidays": "-",
    "shift_type": "Day",
    "type_shift": "SHIFT",
    "on_shift": true,
    "mins": 480,
    "callback_eligible": true,
    "cover_allowed": true,
    "notes": ""
  },
  {
    "ID": "d5e210eb-33fd-4fef-ade6-f9e8d166d746",
    "date": "2026-05-22",
    "shift": "Mon-Fri",
    "day": "Friday",
    "holidays": "-",
    "shift_type": "Day",
    "type_shift": "SHIFT",
    "on_shift": true,
    "mins": 480,
    "callback_eligible": true,
    "cover_allowed": true,
    "notes": ""
  },
  {
    "ID": "59732d11-2827-4522-9fc5-8d935d978338",
    "date": "2026-05-25",
    "shift": "Mon-Fri",
    "day": "Monday",
    "holidays": "-",
    "shift_type": "Day",
    "type_shift": "SHIFT",
    "on_shift": true,
    "mins": 480,
    "callback_eligible": true,
    "cover_allowed": true,
    "notes": ""
  },
  {
    "ID": "70829be8-8731-40b3-9f65-397ada276121",
    "date": "2026-05-26",
    "shift": "Mon-Fri",
    "day": "Tuesday",
    "holidays": "-",
    "shift_type": "Day",
    "type_shift": "SHIFT",
    "on_shift": true,
    "mins": 480,
    "callback_eligible": true,
    "cover_allowed": true,
    "notes": ""
  },
  {
    "ID": "f3824aad-3f35-4408-a5bf-2ad568456843",
    "date": "2026-05-27",
    "shift": "Mon-Fri",
    "day": "Wednesday",
    "holidays": "-",
    "shift_type": "Day",
    "type_shift": "SHIFT",
    "on_shift": true,
    "mins": 480,
    "callback_eligible": true,
    "cover_allowed": true,
    "notes": ""
  },
  {
    "ID": "4897e64b-a913-469f-9342-e61f5c1b7215",
    "date": "2026-05-28",
    "shift": "Mon-Fri",
    "day": "Thursday",
    "holidays": "-",
    "shift_type": "Day",
    "type_shift": "SHIFT",
    "on_shift": true,
    "mins": 480,
    "callback_eligible": true,
    "cover_allowed": true,
    "notes": ""
  },
  {
    "ID": "9ff445c6-d4e9-4d42-bfa2-b71e350c12ab",
    "date": "2026-05-29",
    "shift": "Mon-Fri",
    "day": "Friday",
    "holidays": "-",
    "shift_type": "Day",
    "type_shift": "SHIFT",
    "on_shift": true,
    "mins": 480,
    "callback_eligible": true,
    "cover_allowed": true,
    "notes": ""
  },
  {
    "ID": "8ed2cab2-7c04-4054-b0e9-f6937a3aa30f",
    "date": "2026-06-01",
    "shift": "Mon-Fri",
    "day": "Monday",
    "holidays": "King's Birthday",
    "shift_type": "Day",
    "type_shift": "SHIFT",
    "on_shift": true,
    "mins": 480,
    "callback_eligible": true,
    "cover_allowed": true,
    "notes": ""
  },
  {
    "ID": "3b9cf6cb-0552-4cc7-853c-9ad3f4b3a534",
    "date": "2026-06-02",
    "shift": "Mon-Fri",
    "day": "Tuesday",
    "holidays": "-",
    "shift_type": "Day",
    "type_shift": "SHIFT",
    "on_shift": true,
    "mins": 480,
    "callback_eligible": true,
    "cover_allowed": true,
    "notes": ""
  },
  {
    "ID": "5041ac98-85d4-477b-bc23-5e928a01e995",
    "date": "2026-06-03",
    "shift": "Mon-Fri",
    "day": "Wednesday",
    "holidays": "-",
    "shift_type": "Day",
    "type_shift": "SHIFT",
    "on_shift": true,
    "mins": 480,
    "callback_eligible": true,
    "cover_allowed": true,
    "notes": ""
  },
  {
    "ID": "3f4b1523-0297-4f30-94f5-6f026b8adef3",
    "date": "2026-06-04",
    "shift": "Mon-Fri",
    "day": "Thursday",
    "holidays": "-",
    "shift_type": "Day",
    "type_shift": "SHIFT",
    "on_shift": true,
    "mins": 480,
    "callback_eligible": true,
    "cover_allowed": true,
    "notes": ""
  },
  {
    "ID": "06101aa7-dcd8-4da3-ace6-2120d9511e5a",
    "date": "2026-06-05",
    "shift": "Mon-Fri",
    "day": "Friday",
    "holidays": "-",
    "shift_type": "Day",
    "type_shift": "SHIFT",
    "on_shift": true,
    "mins": 480,
    "callback_eligible": true,
    "cover_allowed": true,
    "notes": ""
  },
  {
    "ID": "0b41ad16-04cb-4bc5-9987-c9c91f4bb88d",
    "date": "2026-06-08",
    "shift": "Mon-Fri",
    "day": "Monday",
    "holidays": "-",
    "shift_type": "Day",
    "type_shift": "SHIFT",
    "on_shift": true,
    "mins": 480,
    "callback_eligible": true,
    "cover_allowed": true,
    "notes": ""
  },
  {
    "ID": "7f3f5561-5e3d-4d1e-ad20-6f9f03f4fe7e",
    "date": "2026-06-09",
    "shift": "Mon-Fri",
    "day": "Tuesday",
    "holidays": "-",
    "shift_type": "Day",
    "type_shift": "SHIFT",
    "on_shift": true,
    "mins": 480,
    "callback_eligible": true,
    "cover_allowed": true,
    "notes": ""
  },
  {
    "ID": "d6eb5c23-190b-4e8f-9ac2-d92b862cbc7d",
    "date": "2026-06-10",
    "shift": "Mon-Fri",
    "day": "Wednesday",
    "holidays": "-",
    "shift_type": "Day",
    "type_shift": "SHIFT",
    "on_shift": true,
    "mins": 480,
    "callback_eligible": true,
    "cover_allowed": true,
    "notes": ""
  },
  {
    "ID": "bbd1b5f0-3949-4174-988e-0a7f96387c49",
    "date": "2026-06-11",
    "shift": "Mon-Fri",
    "day": "Thursday",
    "holidays": "-",
    "shift_type": "Day",
    "type_shift": "SHIFT",
    "on_shift": true,
    "mins": 480,
    "callback_eligible": true,
    "cover_allowed": true,
    "notes": ""
  },
  {
    "ID": "785cd9d2-3cbe-4be5-94bd-b41898ffa2d4",
    "date": "2026-06-12",
    "shift": "Mon-Fri",
    "day": "Friday",
    "holidays": "-",
    "shift_type": "Day",
    "type_shift": "SHIFT",
    "on_shift": true,
    "mins": 480,
    "callback_eligible": true,
    "cover_allowed": true,
    "notes": ""
  },
  {
    "ID": "b07e15de-9209-4ce9-ac79-ad14e2312db3",
    "date": "2026-06-15",
    "shift": "Mon-Fri",
    "day": "Monday",
    "holidays": "-",
    "shift_type": "Day",
    "type_shift": "SHIFT",
    "on_shift": true,
    "mins": 480,
    "callback_eligible": true,
    "cover_allowed": true,
    "notes": ""
  },
  {
    "ID": "7147b291-69e5-4dc5-bb0f-1d5db9e90a0d",
    "date": "2026-06-16",
    "shift": "Mon-Fri",
    "day": "Tuesday",
    "holidays": "-",
    "shift_type": "Day",
    "type_shift": "SHIFT",
    "on_shift": true,
    "mins": 480,
    "callback_eligible": true,
    "cover_allowed": true,
    "notes": ""
  },
  {
    "ID": "07308e69-ac3a-4018-bd46-8df7d6ed92de",
    "date": "2026-06-17",
    "shift": "Mon-Fri",
    "day": "Wednesday",
    "holidays": "-",
    "shift_type": "Day",
    "type_shift": "SHIFT",
    "on_shift": true,
    "mins": 480,
    "callback_eligible": true,
    "cover_allowed": true,
    "notes": ""
  },
  {
    "ID": "8fd41213-7e6f-4743-a876-db138388aa4d",
    "date": "2026-06-18",
    "shift": "Mon-Fri",
    "day": "Thursday",
    "holidays": "-",
    "shift_type": "Day",
    "type_shift": "SHIFT",
    "on_shift": true,
    "mins": 480,
    "callback_eligible": true,
    "cover_allowed": true,
    "notes": ""
  },
  {
    "ID": "aed19e2d-17dd-4828-9657-edd479317b1b",
    "date": "2026-06-19",
    "shift": "Mon-Fri",
    "day": "Friday",
    "holidays": "-",
    "shift_type": "Day",
    "type_shift": "SHIFT",
    "on_shift": true,
    "mins": 480,
    "callback_eligible": true,
    "cover_allowed": true,
    "notes": ""
  },
  {
    "ID": "52302e83-8cc9-4674-818f-ac68373bfd64",
    "date": "2026-06-22",
    "shift": "Mon-Fri",
    "day": "Monday",
    "holidays": "-",
    "shift_type": "Day",
    "type_shift": "SHIFT",
    "on_shift": true,
    "mins": 480,
    "callback_eligible": true,
    "cover_allowed": true,
    "notes": ""
  },
  {
    "ID": "48cd0520-72d2-4fe4-a6fb-cd58f152a9f3",
    "date": "2026-06-23",
    "shift": "Mon-Fri",
    "day": "Tuesday",
    "holidays": "-",
    "shift_type": "Day",
    "type_shift": "SHIFT",
    "on_shift": true,
    "mins": 480,
    "callback_eligible": true,
    "cover_allowed": true,
    "notes": ""
  },
  {
    "ID": "75dc5a40-cff6-42dd-93b7-2c49148a5267",
    "date": "2026-06-24",
    "shift": "Mon-Fri",
    "day": "Wednesday",
    "holidays": "-",
    "shift_type": "Day",
    "type_shift": "SHIFT",
    "on_shift": true,
    "mins": 480,
    "callback_eligible": true,
    "cover_allowed": true,
    "notes": ""
  },
  {
    "ID": "1f35bd59-5352-4631-889e-be8177a17dd4",
    "date": "2026-06-25",
    "shift": "Mon-Fri",
    "day": "Thursday",
    "holidays": "-",
    "shift_type": "Day",
    "type_shift": "SHIFT",
    "on_shift": true,
    "mins": 480,
    "callback_eligible": true,
    "cover_allowed": true,
    "notes": ""
  },
  {
    "ID": "8a95e0f1-e6f4-4065-9b5f-2839f147aa90",
    "date": "2026-06-26",
    "shift": "Mon-Fri",
    "day": "Friday",
    "holidays": "-",
    "shift_type": "Day",
    "type_shift": "SHIFT",
    "on_shift": true,
    "mins": 480,
    "callback_eligible": true,
    "cover_allowed": true,
    "notes": ""
  },
  {
    "ID": "410bd8e9-097b-4667-bdf8-de970ee17451",
    "date": "2026-06-29",
    "shift": "Mon-Fri",
    "day": "Monday",
    "holidays": "-",
    "shift_type": "Day",
    "type_shift": "SHIFT",
    "on_shift": true,
    "mins": 480,
    "callback_eligible": true,
    "cover_allowed": true,
    "notes": ""
  },
  {
    "ID": "b1a943d3-3067-48df-ab06-434ca2213b97",
    "date": "2026-06-30",
    "shift": "Mon-Fri",
    "day": "Tuesday",
    "holidays": "-",
    "shift_type": "Day",
    "type_shift": "SHIFT",
    "on_shift": true,
    "mins": 480,
    "callback_eligible": true,
    "cover_allowed": true,
    "notes": ""
  },
  {
    "ID": "eaced989-4adf-465d-9d19-050ee1e30f28",
    "date": "2026-07-01",
    "shift": "Mon-Fri",
    "day": "Wednesday",
    "holidays": "-",
    "shift_type": "Day",
    "type_shift": "SHIFT",
    "on_shift": true,
    "mins": 480,
    "callback_eligible": true,
    "cover_allowed": true,
    "notes": ""
  },
  {
    "ID": "3a738193-814d-4ebe-80b4-113ad0492b52",
    "date": "2026-07-02",
    "shift": "Mon-Fri",
    "day": "Thursday",
    "holidays": "-",
    "shift_type": "Day",
    "type_shift": "SHIFT",
    "on_shift": true,
    "mins": 480,
    "callback_eligible": true,
    "cover_allowed": true,
    "notes": ""
  },
  {
    "ID": "4dcfec2f-e8dd-4c7a-ac7f-7d658179a7e4",
    "date": "2026-07-03",
    "shift": "Mon-Fri",
    "day": "Friday",
    "holidays": "-",
    "shift_type": "Day",
    "type_shift": "SHIFT",
    "on_shift": true,
    "mins": 480,
    "callback_eligible": true,
    "cover_allowed": true,
    "notes": ""
  },
  {
    "ID": "18215241-2eeb-4366-90b9-7c6b503a2ffe",
    "date": "2026-07-06",
    "shift": "Mon-Fri",
    "day": "Monday",
    "holidays": "-",
    "shift_type": "Day",
    "type_shift": "SHIFT",
    "on_shift": true,
    "mins": 480,
    "callback_eligible": true,
    "cover_allowed": true,
    "notes": ""
  },
  {
    "ID": "57cc6634-3926-4407-a96c-3c889b3b41d3",
    "date": "2026-07-07",
    "shift": "Mon-Fri",
    "day": "Tuesday",
    "holidays": "-",
    "shift_type": "Day",
    "type_shift": "SHIFT",
    "on_shift": true,
    "mins": 480,
    "callback_eligible": true,
    "cover_allowed": true,
    "notes": ""
  },
  {
    "ID": "a3ddff85-c0a2-4b8a-a4b8-273140b426b0",
    "date": "2026-07-08",
    "shift": "Mon-Fri",
    "day": "Wednesday",
    "holidays": "-",
    "shift_type": "Day",
    "type_shift": "SHIFT",
    "on_shift": true,
    "mins": 480,
    "callback_eligible": true,
    "cover_allowed": true,
    "notes": ""
  },
  {
    "ID": "725e6868-6536-4ff6-b663-af1aa6898b1a",
    "date": "2026-07-09",
    "shift": "Mon-Fri",
    "day": "Thursday",
    "holidays": "-",
    "shift_type": "Day",
    "type_shift": "SHIFT",
    "on_shift": true,
    "mins": 480,
    "callback_eligible": true,
    "cover_allowed": true,
    "notes": ""
  },
  {
    "ID": "ec2ae9c5-8e2a-489d-8225-40e272e5dd65",
    "date": "2026-07-10",
    "shift": "Mon-Fri",
    "day": "Friday",
    "holidays": "Matariki",
    "shift_type": "Day",
    "type_shift": "SHIFT",
    "on_shift": true,
    "mins": 480,
    "callback_eligible": true,
    "cover_allowed": true,
    "notes": ""
  },
  {
    "ID": "505c9b65-b341-4f76-990e-20290b92e173",
    "date": "2026-07-13",
    "shift": "Mon-Fri",
    "day": "Monday",
    "holidays": "-",
    "shift_type": "Day",
    "type_shift": "SHIFT",
    "on_shift": true,
    "mins": 480,
    "callback_eligible": true,
    "cover_allowed": true,
    "notes": ""
  },
  {
    "ID": "c568e7ec-1074-48a6-9171-adce82c96ef3",
    "date": "2026-07-14",
    "shift": "Mon-Fri",
    "day": "Tuesday",
    "holidays": "-",
    "shift_type": "Day",
    "type_shift": "SHIFT",
    "on_shift": true,
    "mins": 480,
    "callback_eligible": true,
    "cover_allowed": true,
    "notes": ""
  },
  {
    "ID": "8f297b18-ad5f-4229-b8c5-04c5233aa5a4",
    "date": "2026-07-15",
    "shift": "Mon-Fri",
    "day": "Wednesday",
    "holidays": "-",
    "shift_type": "Day",
    "type_shift": "SHIFT",
    "on_shift": true,
    "mins": 480,
    "callback_eligible": true,
    "cover_allowed": true,
    "notes": ""
  },
  {
    "ID": "2336dc3c-2447-499a-bf84-4a27090610f8",
    "date": "2026-07-16",
    "shift": "Mon-Fri",
    "day": "Thursday",
    "holidays": "-",
    "shift_type": "Day",
    "type_shift": "SHIFT",
    "on_shift": true,
    "mins": 480,
    "callback_eligible": true,
    "cover_allowed": true,
    "notes": ""
  },
  {
    "ID": "4d440126-8bcb-4538-a5fb-8f9afb302a15",
    "date": "2026-07-17",
    "shift": "Mon-Fri",
    "day": "Friday",
    "holidays": "-",
    "shift_type": "Day",
    "type_shift": "SHIFT",
    "on_shift": true,
    "mins": 480,
    "callback_eligible": true,
    "cover_allowed": true,
    "notes": ""
  },
  {
    "ID": "ecbca112-a331-4f7f-9d55-72af6510d951",
    "date": "2026-07-20",
    "shift": "Mon-Fri",
    "day": "Monday",
    "holidays": "-",
    "shift_type": "Day",
    "type_shift": "SHIFT",
    "on_shift": true,
    "mins": 480,
    "callback_eligible": true,
    "cover_allowed": true,
    "notes": ""
  },
  {
    "ID": "0ab4fb82-abfd-41d7-a0f9-157aa79baba6",
    "date": "2026-07-21",
    "shift": "Mon-Fri",
    "day": "Tuesday",
    "holidays": "-",
    "shift_type": "Day",
    "type_shift": "SHIFT",
    "on_shift": true,
    "mins": 480,
    "callback_eligible": true,
    "cover_allowed": true,
    "notes": ""
  },
  {
    "ID": "df8f6408-6133-4321-a1bf-d04c4e36631a",
    "date": "2026-07-22",
    "shift": "Mon-Fri",
    "day": "Wednesday",
    "holidays": "-",
    "shift_type": "Day",
    "type_shift": "SHIFT",
    "on_shift": true,
    "mins": 480,
    "callback_eligible": true,
    "cover_allowed": true,
    "notes": ""
  },
  {
    "ID": "fb261873-d305-498d-b2f7-ddcf0edbd768",
    "date": "2026-07-23",
    "shift": "Mon-Fri",
    "day": "Thursday",
    "holidays": "-",
    "shift_type": "Day",
    "type_shift": "SHIFT",
    "on_shift": true,
    "mins": 480,
    "callback_eligible": true,
    "cover_allowed": true,
    "notes": ""
  },
  {
    "ID": "293d9dd2-58ac-45eb-9baf-7ae85c4c0e66",
    "date": "2026-07-24",
    "shift": "Mon-Fri",
    "day": "Friday",
    "holidays": "-",
    "shift_type": "Day",
    "type_shift": "SHIFT",
    "on_shift": true,
    "mins": 480,
    "callback_eligible": true,
    "cover_allowed": true,
    "notes": ""
  }
]