[
  {
    "ID": "6acc679b-baec-4890-b016-9179f6fa8ccc",
    "date": "2025-07-20",
    "shift": "C Shift",
    "day": "Sunday",
    "holidays": "-",
    "shift_type": "Night",
    "type_shift": "SHIFT",
    "on_shift": true,
    "mins": 720,
    "callback_eligible": true,
    "cover_allowed": true,
    "notes": ""
  },
  {
    "ID": "08b031fa-4937-4e75-9072-9362696587b7",
    "date": "2025-07-21",
    "shift": "C Shift",
    "day": "Monday",
    "holidays": "-",
    "shift_type": "Night",
    "type_shift": "SHIFT",
    "on_shift": true,
    "mins": 720,
    "callback_eligible": true,
    "cover_allowed": true,
    "notes": ""
  },
  {
    "ID": "387c160b-79fd-413c-ae97-3b3e28729694",
    "date": "2025-07-24",
    "shift": "B Shift",
    "shift_type": "Day",
    "type_shift": "CB",
    "mins": 738,
    "callback_eligible": false,
    "cover_allowed": false,
    "on_shift": true,
    "notes": "Cover stephan"
  },
  {
    "ID": "2509f036-a0b5-4497-b892-d9d021e5cca3",
    "date": "2025-07-25",
    "shift": "B Shift",
    "shift_type": "Day",
    "type_shift": "CB",
    "mins": 738,
    "callback_eligible": false,
    "cover_allowed": false,
    "on_shift": true,
    "notes": "cover stephan"
  },
  {
    "ID": "a192c43e-9f7e-40b5-876a-82cbe5f11b95",
    "date": "2025-07-26",
    "shift": "C Shift",
    "day": "Saturday",
    "holidays": "-",
    "shift_type": "Day",
    "type_shift": "SHIFT",
    "on_shift": true,
    "mins": 720,
    "callback_eligible": true,
    "cover_allowed": true,
    "notes": ""
  },
  {
    "ID": "90c7e75f-1377-49f5-88e7-f9e17ba09f5d",
    "date": "2025-07-27",
    "shift": "C Shift",
    "day": "Sunday",
    "holidays": "-",
    "shift_type": "Day",
    "type_shift": "SHIFT",
    "on_shift": true,
    "mins": 720,
    "callback_eligible": true,
    "cover_allowed": true,
    "notes": ""
  },
  {
    "ID": "e5693a63-7d32-4fe9-916a-76ae888a80d0",
    "date": "2025-07-28",
    "shift": "C Shift",
    "day": "Monday",
    "holidays": "-",
    "shift_type": "Night",
    "type_shift": "SHIFT",
    "on_shift": true,
    "mins": 720,
    "callback_eligible": true,
    "cover_allowed": true,
    "notes": ""
  },
  {
    "ID": "328c44e3-636f-48f5-ac0c-54794b70c95c",
    "date": "2025-07-29",
    "shift": "C Shift",
    "day": "Tuesday",
    "holidays": "-",
    "shift_type": "Night",
    "type_shift": "SHIFT",
    "on_shift": true,
    "mins": 720,
    "callback_eligible": true,
    "cover_allowed": true,
    "notes": ""
  },
  {
    "ID": "21402ee5-f543-4051-9a59-62c1bdd619dd",
    "date": "2025-08-03",
    "shift": "C Shift",
    "day": "Sunday",
    "holidays": "-",
    "shift_type": "Day",
    "type_shift": "SHIFT",
    "on_shift": true,
    "mins": 720,
    "callback_eligible": true,
    "cover_allowed": true,
    "notes": ""
  },
  {
    "ID": "48b590c1-3b19-4880-bf31-ca4ae534788e",
    "date": "2025-08-04",
    "shift": "C Shift",
    "day": "Monday",
    "holidays": "-",
    "shift_type": "Day",
    "type_shift": "SHIFT",
    "on_shift": true,
    "mins": 720,
    "callback_eligible": true,
    "cover_allowed": true,
    "notes": ""
  },
  {
    "ID": "5fde4ab7-b2d7-49b3-82ac-a6f127a2942a",
    "date": "2025-08-05",
    "shift": "C Shift",
    "day": "Tuesday",
    "holidays": "-",
    "shift_type": "Night",
    "type_shift": "SHIFT",
    "on_shift": true,
    "mins": 720,
    "callback_eligible": true,
    "cover_allowed": true,
    "notes": ""
  },
  {
    "ID": "b07011c4-ffcb-4567-85b2-5350e3fe581d",
    "date": "2025-08-06",
    "shift": "C Shift",
    "day": "Wednesday",
    "holidays": "-",
    "shift_type": "Night",
    "type_shift": "SHIFT",
    "on_shift": true,
    "mins": 720,
    "callback_eligible": true,
    "cover_allowed": true,
    "notes": ""
  },
  {
    "ID": "0c6d499d-3eaf-421c-b910-640c9e3234e5",
    "date": "2025-08-11",
    "shift": "C Shift",
    "day": "Monday",
    "holidays": "-",
    "shift_type": "Day",
    "type_shift": "SHIFT",
    "on_shift": true,
    "mins": 720,
    "callback_eligible": true,
    "cover_allowed": true,
    "notes": ""
  },
  {
    "ID": "48ae9b21-491a-4749-8ee3-6950c2b0b4aa",
    "date": "2025-08-12",
    "shift": "C Shift",
    "day": "Tuesday",
    "holidays": "-",
    "shift_type": "Day",
    "type_shift": "SHIFT",
    "on_shift": true,
    "mins": 720,
    "callback_eligible": true,
    "cover_allowed": true,
    "notes": ""
  },
  {
    "ID": "ea557ebb-973e-427e-b9d4-d58f47d34cc1",
    "date": "2025-08-13",
    "shift": "C Shift",
    "day": "Wednesday",
    "holidays": "-",
    "shift_type": "Night",
    "type_shift": "SHIFT",
    "on_shift": true,
    "mins": 720,
    "callback_eligible": true,
    "cover_allowed": true,
    "notes": ""
  },
  {
    "ID": "b8a51570-d779-4c3e-9810-d172424d95a5",
    "date": "2025-08-14",
    "shift": "C Shift",
    "day": "Thursday",
    "holidays": "-",
    "shift_type": "Night",
    "type_shift": "SHIFT",
    "on_shift": true,
    "mins": 720,
    "callback_eligible": true,
    "cover_allowed": true,
    "notes": ""
  },
  {
    "ID": "42e5ff2f-11a8-4b9b-95a0-6ba25140ac1f",
    "date": "2025-08-19",
    "shift": "C Shift",
    "day": "Tuesday",
    "holidays": "-",
    "shift_type": "Day",
    "type_shift": "SHIFT",
    "on_shift": true,
    "mins": 720,
    "callback_eligible": true,
    "cover_allowed": true,
    "notes": ""
  },
  {
    "ID": "e3990e5d-5fa7-4886-ad21-d29723bb8769",
    "date": "2025-08-20",
    "shift": "C Shift",
    "day": "Wednesday",
    "holidays": "-",
    "shift_type": "Day",
    "type_shift": "SHIFT",
    "on_shift": true,
    "mins": 720,
    "callback_eligible": true,
    "cover_allowed": true,
    "notes": ""
  },
  {
    "ID": "6c5d9a2e-6310-4c62-a064-3c7a6dbdbcbf",
    "date": "2025-08-21",
    "shift": "C Shift",
    "day": "Thursday",
    "holidays": "-",
    "shift_type": "Night",
    "type_shift": "SHIFT",
    "on_shift": true,
    "mins": 720,
    "callback_eligible": true,
    "cover_allowed": true,
    "notes": ""
  },
  {
    "ID": "092d271e-31a8-4313-8bca-72bd02ff4bb8",
    "date": "2025-08-22",
    "shift": "C Shift",
    "day": "Friday",
    "holidays": "-",
    "shift_type": "Night",
    "type_shift": "SHIFT",
    "on_shift": true,
    "mins": 720,
    "callback_eligible": true,
    "cover_allowed": true,
    "notes": ""
  },
  {
    "ID": "fbbd1538-20a7-4999-9bf0-f690463cd43a",
    "date": "2025-08-27",
    "shift": "C Shift",
    "day": "Wednesday",
    "holidays": "-",
    "shift_type": "Day",
    "type_shift": "SHIFT",
    "on_shift": true,
    "mins": 720,
    "callback_eligible": true,
    "cover_allowed": true,
    "notes": ""
  },
  {
    "ID": "1c6348f6-8bc1-43b6-a163-624c162003eb",
    "date": "2025-08-28",
    "shift": "C Shift",
    "day": "Thursday",
    "holidays": "-",
    "shift_type": "Day",
    "type_shift": "SHIFT",
    "on_shift": true,
    "mins": 720,
    "callback_eligible": true,
    "cover_allowed": true,
    "notes": ""
  },
  {
    "ID": "73df7571-af66-44ea-829b-86281ac67b88",
    "date": "2025-08-29",
    "shift": "C Shift",
    "day": "Friday",
    "holidays": "-",
    "shift_type": "Night",
    "type_shift": "SHIFT",
    "on_shift": true,
    "mins": 720,
    "callback_eligible": true,
    "cover_allowed": true,
    "notes": ""
  },
  {
    "ID": "3130fa94-1ab0-467d-bfc9-f5664ef93c84",
    "date": "2025-08-30",
    "shift": "C Shift",
    "day": "Saturday",
    "holidays": "-",
    "shift_type": "Night",
    "type_shift": "SHIFT",
    "on_shift": true,
    "mins": 720,
    "callback_eligible": true,
    "cover_allowed": true,
    "notes": ""
  },
  {
    "ID": "b77a30f5-3e99-454d-8276-90f8f7bdc714",
    "date": "2025-09-04",
    "shift": "C Shift",
    "day": "Thursday",
    "holidays": "-",
    "shift_type": "Day",
    "type_shift": "SHIFT",
    "on_shift": true,
    "mins": 720,
    "callback_eligible": true,
    "cover_allowed": true,
    "notes": ""
  },
  {
    "ID": "26e928fa-cadd-4f52-ac2d-357c228df0c6",
    "date": "2025-09-05",
    "shift": "C Shift",
    "day": "Friday",
    "holidays": "-",
    "shift_type": "Day",
    "type_shift": "SHIFT",
    "on_shift": true,
    "mins": 720,
    "callback_eligible": true,
    "cover_allowed": true,
    "notes": ""
  },
  {
    "ID": "e7b8f17d-fc42-4361-a7bc-458471996af9",
    "date": "2025-09-06",
    "shift": "C Shift",
    "day": "Saturday",
    "holidays": "-",
    "shift_type": "Night",
    "type_shift": "SHIFT",
    "on_shift": true,
    "mins": 720,
    "callback_eligible": true,
    "cover_allowed": true,
    "notes": ""
  },
  {
    "ID": "a1446824-a2b4-4a69-aa3e-de65a3bfd0a4",
    "date": "2025-09-07",
    "shift": "C Shift",
    "day": "Sunday",
    "holidays": "-",
    "shift_type": "Night",
    "type_shift": "SHIFT",
    "on_shift": true,
    "mins": 720,
    "callback_eligible": true,
    "cover_allowed": true,
    "notes": ""
  },
  {
    "ID": "9488e29a-80df-4dfb-a56b-bec5abcab2a7",
    "date": "2025-09-09",
    "shift": "A Shift",
    "shift_type": "Day",
    "type_shift": "SHIFT",
    "mins": 1098,
    "callback_eligible": false,
    "cover_allowed": false,
    "on_shift": true,
    "notes": ""
  },
  {
    "ID": "43933793-b873-43c6-9371-be2a4f70534a",
    "date": "2025-09-10",
    "shift": "B Shift",
    "shift_type": "Day",
    "type_shift": "SHIFT",
    "mins": 1098,
    "callback_eligible": false,
    "cover_allowed": false,
    "on_shift": true,
    "notes": ""
  },
  {
    "ID": "26795fa5-ed72-41fb-92f1-2e018882dc3d",
    "date": "2025-09-12",
    "shift": "C Shift",
    "day": "Friday",
    "holidays": "-",
    "shift_type": "Day",
    "type_shift": "SHIFT",
    "on_shift": true,
    "mins": 720,
    "callback_eligible": true,
    "cover_allowed": true,
    "notes": ""
  },
  {
    "ID": "1b3383e2-7fd9-4920-9b78-23ae6523a703",
    "date": "2025-09-13",
    "shift": "C Shift",
    "day": "Saturday",
    "holidays": "-",
    "shift_type": "Day",
    "type_shift": "SHIFT",
    "on_shift": true,
    "mins": 720,
    "callback_eligible": true,
    "cover_allowed": true,
    "notes": ""
  },
  {
    "ID": "68246174-1a06-4f3e-8740-46e0e6a0dddf",
    "date": "2025-09-14",
    "shift": "C Shift",
    "day": "Sunday",
    "holidays": "-",
    "shift_type": "Night",
    "type_shift": "SHIFT",
    "on_shift": true,
    "mins": 720,
    "callback_eligible": true,
    "cover_allowed": true,
    "notes": ""
  },
  {
    "ID": "ffdd4ef5-efa1-4094-93dd-1e92f94d8b51",
    "date": "2025-09-15",
    "shift": "C Shift",
    "day": "Monday",
    "holidays": "-",
    "shift_type": "Night",
    "type_shift": "SHIFT",
    "on_shift": true,
    "mins": 720,
    "callback_eligible": true,
    "cover_allowed": true,
    "notes": ""
  },
  {
    "ID": "c3c67c80-14e5-43b6-a600-b65bde0d890d",
    "date": "2025-09-17",
    "shift": "A Shift",
    "shift_type": "Day",
    "type_shift": "SHIFT",
    "mins": 738,
    "callback_eligible": false,
    "cover_allowed": false,
    "on_shift": true,
    "notes": "Cover for A Shift"
  },
  {
    "ID": "85d9d3cc-99f1-493b-9c58-004c366cb9ee",
    "date": "2025-09-18",
    "shift": "B Shift",
    "shift_type": "Day",
    "type_shift": "CB",
    "mins": 738,
    "callback_eligible": false,
    "cover_allowed": false,
    "on_shift": true,
    "notes": "Cover for B Shift"
  },
  {
    "ID": "00c5ff01-5661-4048-b363-27a69a1abdad",
    "date": "2025-09-20",
    "shift": "C Shift",
    "day": "Saturday",
    "holidays": "-",
    "shift_type": "Day",
    "type_shift": "SHIFT",
    "on_shift": true,
    "mins": 720,
    "callback_eligible": true,
    "cover_allowed": true,
    "notes": ""
  },
  {
    "ID": "889d4a34-c4d9-49b0-a1f6-75ec5a2f3398",
    "date": "2025-09-21",
    "shift": "C Shift",
    "day": "Sunday",
    "holidays": "-",
    "shift_type": "Day",
    "type_shift": "SHIFT",
    "on_shift": true,
    "mins": 720,
    "callback_eligible": true,
    "cover_allowed": true,
    "notes": ""
  },
  {
    "ID": "7ae37ab7-9a14-4132-91c7-e6be0f03f974",
    "date": "2025-09-22",
    "shift": "C Shift",
    "day": "Monday",
    "holidays": "-",
    "shift_type": "Night",
    "type_shift": "SHIFT",
    "on_shift": true,
    "mins": 720,
    "callback_eligible": true,
    "cover_allowed": true,
    "notes": ""
  },
  {
    "ID": "adcefe15-4d14-4406-a99b-361807fe0ebe",
    "date": "2025-09-23",
    "shift": "C Shift",
    "day": "Tuesday",
    "holidays": "-",
    "shift_type": "Night",
    "type_shift": "SHIFT",
    "on_shift": true,
    "mins": 720,
    "callback_eligible": true,
    "cover_allowed": true,
    "notes": ""
  },
  {
    "ID": "83865c59-03c8-4c32-b80b-bba57348cb48",
    "date": "2025-09-25",
    "shift": "A Shift",
    "shift_type": "Day",
    "type_shift": "SHIFT",
    "mins": 738,
    "callback_eligible": false,
    "cover_allowed": false,
    "on_shift": true,
    "notes": "Cover for A Shift"
  },
  {
    "ID": "441ab635-61c7-48b1-85e8-1b47a39ded81",
    "date": "2025-09-28",
    "shift": "C Shift",
    "day": "Sunday",
    "holidays": "-",
    "shift_type": "Day",
    "type_shift": "SHIFT",
    "on_shift": true,
    "mins": 720,
    "callback_eligible": true,
    "cover_allowed": true,
    "notes": ""
  },
  {
    "ID": "421343ff-c877-480e-9173-bdda09b3dd3e",
    "date": "2025-09-29",
    "shift": "C Shift",
    "day": "Monday",
    "holidays": "-",
    "shift_type": "Day",
    "type_shift": "SHIFT",
    "on_shift": true,
    "mins": 720,
    "callback_eligible": true,
    "cover_allowed": true,
    "notes": ""
  },
  {
    "ID": "2b4ab86e-514b-4805-ab7f-d9f5005929db",
    "date": "2025-09-30",
    "shift": "C Shift",
    "day": "Tuesday",
    "holidays": "-",
    "shift_type": "Night",
    "type_shift": "SHIFT",
    "on_shift": true,
    "mins": 720,
    "callback_eligible": true,
    "cover_allowed": true,
    "notes": ""
  },
  {
    "ID": "b854feb4-4dc2-45fa-872d-a1e3861f97e7",
    "date": "2025-10-01",
    "shift": "C Shift",
    "day": "Wednesday",
    "holidays": "-",
    "shift_type": "Night",
    "type_shift": "SHIFT",
    "on_shift": true,
    "mins": 738,
    "callback_eligible": true,
    "cover_allowed": true,
    "notes": ""
  },
  {
    "ID": "4e3c3e91-1a7c-4304-b8a7-57ecaafd07b9",
    "date": "2025-10-06",
    "shift": "C Shift",
    "day": "Monday",
    "holidays": "-",
    "shift_type": "Day",
    "type_shift": "SHIFT",
    "on_shift": true,
    "mins": 738,
    "callback_eligible": true,
    "cover_allowed": true,
    "notes": ""
  },
  {
    "ID": "3bd4f0db-ae76-43a9-928c-676abf597b4d",
    "date": "2025-10-07",
    "shift": "C Shift",
    "day": "Tuesday",
    "holidays": "-",
    "shift_type": "Day",
    "type_shift": "SHIFT",
    "on_shift": true,
    "mins": 738,
    "callback_eligible": true,
    "cover_allowed": true,
    "notes": ""
  },
  {
    "ID": "c97ed2b9-f62e-4739-9ca2-4586e51788aa",
    "date": "2025-10-08",
    "shift": "C Shift",
    "day": "Wednesday",
    "holidays": "-",
    "shift_type": "Night",
    "type_shift": "SHIFT",
    "on_shift": true,
    "mins": 738,
    "callback_eligible": true,
    "cover_allowed": true,
    "notes": ""
  },
  {
    "ID": "fda66b84-2910-40f8-b3ae-89a45baba645",
    "date": "2025-10-09",
    "shift": "C Shift",
    "day": "Thursday",
    "holidays": "-",
    "shift_type": "Night",
    "type_shift": "SHIFT",
    "on_shift": true,
    "mins": 738,
    "callback_eligible": true,
    "cover_allowed": true,
    "notes": ""
  },
  {
    "ID": "61b986df-7638-458a-8913-2d78d5d64308",
    "date": "2025-10-14",
    "shift": "C Shift",
    "day": "Tuesday",
    "holidays": "-",
    "shift_type": "Day",
    "type_shift": "SHIFT",
    "on_shift": true,
    "mins": 738,
    "callback_eligible": true,
    "cover_allowed": true,
    "notes": ""
  },
  {
    "ID": "4a919918-249b-4ce6-8289-01bb6a277b05",
    "date": "2025-10-15",
    "shift": "C Shift",
    "day": "Wednesday",
    "holidays": "-",
    "shift_type": "Day",
    "type_shift": "SHIFT",
    "on_shift": true,
    "mins": 738,
    "callback_eligible": true,
    "cover_allowed": true,
    "notes": ""
  },
  {
    "ID": "d9fbc00b-2021-4f6c-b77f-f3e054a54fd0",
    "date": "2025-10-16",
    "shift": "C Shift",
    "day": "Thursday",
    "holidays": "-",
    "shift_type": "Night",
    "type_shift": "SHIFT",
    "on_shift": true,
    "mins": 738,
    "callback_eligible": true,
    "cover_allowed": true,
    "notes": ""
  },
  {
    "ID": "6ed473bc-a649-4157-a91f-45284e930058",
    "date": "2025-10-17",
    "shift": "C Shift",
    "day": "Friday",
    "holidays": "-",
    "shift_type": "Night",
    "type_shift": "SHIFT",
    "on_shift": true,
    "mins": 738,
    "callback_eligible": true,
    "cover_allowed": true,
    "notes": ""
  },
  {
    "ID": "ce2a1493-817f-4435-9ff0-3cf153c0328b",
    "date": "2025-10-22",
    "shift": "C Shift",
    "day": "Wednesday",
    "holidays": "-",
    "shift_type": "Day",
    "type_shift": "SHIFT",
    "on_shift": true,
    "mins": 720,
    "callback_eligible": true,
    "cover_allowed": true,
    "notes": ""
  },
  {
    "ID": "80772cea-f6d7-4530-8074-0db783c25156",
    "date": "2025-10-23",
    "shift": "C Shift",
    "day": "Thursday",
    "holidays": "-",
    "shift_type": "Day",
    "type_shift": "SHIFT",
    "on_shift": true,
    "mins": 720,
    "callback_eligible": true,
    "cover_allowed": true,
    "notes": ""
  },
  {
    "ID": "b2b42cb5-45ec-422c-825d-a483372cceb7",
    "date": "2025-10-24",
    "shift": "C Shift",
    "day": "Friday",
    "holidays": "-",
    "shift_type": "Night",
    "type_shift": "SHIFT",
    "on_shift": true,
    "mins": 720,
    "callback_eligible": true,
    "cover_allowed": true,
    "notes": ""
  },
  {
    "ID": "19ef109a-dbfd-4a50-9804-4008147bcb08",
    "date": "2025-10-25",
    "shift": "C Shift",
    "day": "Saturday",
    "holidays": "-",
    "shift_type": "Night",
    "type_shift": "SHIFT",
    "on_shift": true,
    "mins": 720,
    "callback_eligible": true,
    "cover_allowed": true,
    "notes": ""
  },
  {
    "ID": "fddb4e4b-3c2d-4c08-aa7a-3ab392941e28",
    "date": "2025-10-30",
    "shift": "C Shift",
    "day": "Thursday",
    "holidays": "-",
    "shift_type": "Day",
    "type_shift": "SHIFT",
    "on_shift": true,
    "mins": 720,
    "callback_eligible": true,
    "cover_allowed": true,
    "notes": ""
  },
  {
    "ID": "f4741e94-1408-438e-af1d-b1ee9e39a999",
    "date": "2025-10-31",
    "shift": "C Shift",
    "day": "Friday",
    "holidays": "-",
    "shift_type": "Day",
    "type_shift": "SHIFT",
    "on_shift": true,
    "mins": 720,
    "callback_eligible": true,
    "cover_allowed": true,
    "notes": ""
  },
  {
    "ID": "07d59f79-b914-463a-807f-f3b6c82e62a1",
    "date": "2025-11-01",
    "shift": "C Shift",
    "day": "Saturday",
    "holidays": "-",
    "shift_type": "Night",
    "type_shift": "SHIFT",
    "on_shift": true,
    "mins": 720,
    "callback_eligible": true,
    "cover_allowed": true,
    "notes": ""
  },
  {
    "ID": "e1e6c380-01a9-40af-a310-c909af0ee635",
    "date": "2025-11-02",
    "shift": "C Shift",
    "day": "Sunday",
    "holidays": "-",
    "shift_type": "Night",
    "type_shift": "SHIFT",
    "on_shift": true,
    "mins": 720,
    "callback_eligible": true,
    "cover_allowed": true,
    "notes": ""
  },
  {
    "ID": "eda49678-e33a-450c-9f53-b1e59b29e9e4",
    "date": "2025-11-07",
    "shift": "C Shift",
    "day": "Friday",
    "holidays": "-",
    "shift_type": "Day",
    "type_shift": "SHIFT",
    "on_shift": true,
    "mins": 720,
    "callback_eligible": true,
    "cover_allowed": true,
    "notes": ""
  },
  {
    "ID": "55fcf7ab-3390-40eb-a754-dd947e5403ae",
    "date": "2025-11-08",
    "shift": "C Shift",
    "day": "Saturday",
    "holidays": "-",
    "shift_type": "Day",
    "type_shift": "SHIFT",
    "on_shift": true,
    "mins": 720,
    "callback_eligible": true,
    "cover_allowed": true,
    "notes": ""
  },
  {
    "ID": "eea32751-9463-44d9-a01c-6f0af338b1d2",
    "date": "2025-11-09",
    "shift": "C Shift",
    "day": "Sunday",
    "holidays": "-",
    "shift_type": "Night",
    "type_shift": "SHIFT",
    "on_shift": true,
    "mins": 720,
    "callback_eligible": true,
    "cover_allowed": true,
    "notes": ""
  },
  {
    "ID": "ee11c48e-74f7-436f-8f05-8fdf7ebc23e2",
    "date": "2025-11-10",
    "shift": "C Shift",
    "day": "Monday",
    "holidays": "-",
    "shift_type": "Night",
    "type_shift": "SHIFT",
    "on_shift": true,
    "mins": 720,
    "callback_eligible": true,
    "cover_allowed": true,
    "notes": ""
  },
  {
    "ID": "fe9d5241-8206-4fbe-9925-8ef1e717746b",
    "date": "2025-11-15",
    "shift": "C Shift",
    "day": "Saturday",
    "holidays": "-",
    "shift_type": "Day",
    "type_shift": "SHIFT",
    "on_shift": true,
    "mins": 720,
    "callback_eligible": true,
    "cover_allowed": true,
    "notes": ""
  },
  {
    "ID": "abed0cfa-520f-4ff3-864c-da47bfd22ce7",
    "date": "2025-11-16",
    "shift": "C Shift",
    "day": "Sunday",
    "holidays": "-",
    "shift_type": "Day",
    "type_shift": "SHIFT",
    "on_shift": true,
    "mins": 720,
    "callback_eligible": true,
    "cover_allowed": true,
    "notes": ""
  },
  {
    "ID": "a1a104f8-dd3a-4a1d-8078-14a645dc1d0b",
    "date": "2025-11-17",
    "shift": "C Shift",
    "day": "Monday",
    "holidays": "-",
    "shift_type": "Night",
    "type_shift": "SHIFT",
    "on_shift": true,
    "mins": 720,
    "callback_eligible": true,
    "cover_allowed": true,
    "notes": ""
  },
  {
    "ID": "f7aceb3f-fd86-4d4b-b15d-46f3b59d7bf4",
    "date": "2025-11-18",
    "shift": "C Shift",
    "day": "Tuesday",
    "holidays": "-",
    "shift_type": "Night",
    "type_shift": "SHIFT",
    "on_shift": true,
    "mins": 720,
    "callback_eligible": true,
    "cover_allowed": true,
    "notes": ""
  },
  {
    "ID": "1d3d3a57-3a41-4492-af27-61b6e0f59e83",
    "date": "2025-11-23",
    "shift": "C Shift",
    "day": "Sunday",
    "holidays": "-",
    "shift_type": "Day",
    "type_shift": "SHIFT",
    "on_shift": true,
    "mins": 720,
    "callback_eligible": true,
    "cover_allowed": true,
    "notes": ""
  },
  {
    "ID": "db7945d2-ad56-4f25-be9a-20dc7e759591",
    "date": "2025-11-24",
    "shift": "C Shift",
    "day": "Monday",
    "holidays": "-",
    "shift_type": "Day",
    "type_shift": "SHIFT",
    "on_shift": true,
    "mins": 720,
    "callback_eligible": true,
    "cover_allowed": true,
    "notes": ""
  },
  {
    "ID": "818510e9-c3a6-4afd-adf8-956b6228856f",
    "date": "2025-11-25",
    "shift": "C Shift",
    "day": "Tuesday",
    "holidays": "-",
    "shift_type": "Night",
    "type_shift": "SHIFT",
    "mins": 720,
    "callback_eligible": true,
    "cover_allowed": false,
    "on_shift": false,
    "notes": ""
  },
  {
    "ID": "a18b6a08-b43b-4107-abb0-c0284b84a2ab",
    "date": "2025-11-26",
    "shift": "C Shift",
    "day": "Wednesday",
    "holidays": "-",
    "shift_type": "Night",
    "type_shift": "SHIFT",
    "on_shift": true,
    "mins": 720,
    "callback_eligible": true,
    "cover_allowed": true,
    "notes": ""
  },
  {
    "ID": "6c892a2d-44b8-4bb8-9aa4-99668f2f3c4f",
    "date": "2025-12-01",
    "shift": "C Shift",
    "day": "Monday",
    "holidays": "-",
    "shift_type": "Day",
    "type_shift": "SHIFT",
    "on_shift": true,
    "mins": 720,
    "callback_eligible": true,
    "cover_allowed": true,
    "notes": ""
  },
  {
    "ID": "d5b4d490-5413-47fa-926d-6df9556962ef",
    "date": "2025-12-02",
    "shift": "C Shift",
    "day": "Tuesday",
    "holidays": "-",
    "shift_type": "Day",
    "type_shift": "SHIFT",
    "on_shift": true,
    "mins": 720,
    "callback_eligible": true,
    "cover_allowed": true,
    "notes": ""
  },
  {
    "ID": "50771e9c-0aba-4108-9eb7-0661e2c38459",
    "date": "2025-12-03",
    "shift": "C Shift",
    "day": "Wednesday",
    "holidays": "-",
    "shift_type": "Night",
    "type_shift": "SHIFT",
    "on_shift": true,
    "mins": 720,
    "callback_eligible": true,
    "cover_allowed": true,
    "notes": ""
  },
  {
    "ID": "c70c40c9-0231-4d6d-bc74-3e02ca7b509e",
    "date": "2025-12-04",
    "shift": "C Shift",
    "day": "Thursday",
    "holidays": "-",
    "shift_type": "Night",
    "type_shift": "SHIFT",
    "on_shift": true,
    "mins": 720,
    "callback_eligible": true,
    "cover_allowed": true,
    "notes": ""
  },
  {
    "ID": "10e9b5ab-3b09-4038-8639-4b6eafb551d7",
    "date": "2025-12-09",
    "shift": "C Shift",
    "day": "Tuesday",
    "holidays": "-",
    "shift_type": "Day",
    "type_shift": "SHIFT",
    "on_shift": true,
    "mins": 720,
    "callback_eligible": true,
    "cover_allowed": true,
    "notes": ""
  },
  {
    "ID": "567cece9-54cb-4f4c-80bf-47bf6bd904f5",
    "date": "2025-12-10",
    "shift": "C Shift",
    "day": "Wednesday",
    "holidays": "-",
    "shift_type": "Day",
    "type_shift": "SHIFT",
    "on_shift": true,
    "mins": 720,
    "callback_eligible": true,
    "cover_allowed": true,
    "notes": ""
  },
  {
    "ID": "eb8f8108-4d59-4159-aa42-a4d17a4917f9",
    "date": "2025-12-11",
    "shift": "C Shift",
    "day": "Thursday",
    "holidays": "-",
    "shift_type": "Night",
    "type_shift": "SHIFT",
    "on_shift": true,
    "mins": 720,
    "callback_eligible": true,
    "cover_allowed": true,
    "notes": ""
  },
  {
    "ID": "633085fb-4ea4-4a7d-88b7-db28d48dd764",
    "date": "2025-12-12",
    "shift": "C Shift",
    "day": "Friday",
    "holidays": "-",
    "shift_type": "Night",
    "type_shift": "SHIFT",
    "on_shift": true,
    "mins": 720,
    "callback_eligible": true,
    "cover_allowed": true,
    "notes": ""
  },
  {
    "ID": "ff7e8f9b-0721-4797-aeec-d94996e54692",
    "date": "2025-12-17",
    "shift": "C Shift",
    "day": "Wednesday",
    "holidays": "-",
    "shift_type": "Day",
    "type_shift": "SHIFT",
    "on_shift": true,
    "mins": 720,
    "callback_eligible": true,
    "cover_allowed": true,
    "notes": ""
  },
  {
    "ID": "5a336c25-ae48-4e19-a8eb-5b9cb8a857e0",
    "date": "2025-12-18",
    "shift": "C Shift",
    "day": "Thursday",
    "holidays": "-",
    "shift_type": "Day",
    "type_shift": "SHIFT",
    "on_shift": true,
    "mins": 720,
    "callback_eligible": true,
    "cover_allowed": true,
    "notes": ""
  },
  {
    "ID": "9ad2bda6-c0ab-47d2-ba82-fecab46010ae",
    "date": "2025-12-19",
    "shift": "C Shift",
    "day": "Friday",
    "holidays": "-",
    "shift_type": "Night",
    "type_shift": "SHIFT",
    "on_shift": true,
    "mins": 720,
    "callback_eligible": true,
    "cover_allowed": true,
    "notes": ""
  },
  {
    "ID": "9dfc4837-165a-462b-bf99-93e0044e5591",
    "date": "2025-12-20",
    "shift": "C Shift",
    "day": "Saturday",
    "holidays": "-",
    "shift_type": "Night",
    "type_shift": "SHIFT",
    "on_shift": true,
    "mins": 720,
    "callback_eligible": true,
    "cover_allowed": true,
    "notes": ""
  },
  {
    "ID": "1b9f3a01-832b-4391-87d9-b47cf2e82769",
    "date": "2025-12-25",
    "shift": "C Shift",
    "day": "Thursday",
    "holidays": "Christmas Day",
    "shift_type": "Day",
    "type_shift": "SHIFT",
    "on_shift": true,
    "mins": 720,
    "callback_eligible": true,
    "cover_allowed": true,
    "notes": ""
  },
  {
    "ID": "c3d25e00-38c2-4b63-8576-e76e644a61c9",
    "date": "2025-12-26",
    "shift": "C Shift",
    "day": "Friday",
    "holidays": "Boxing Day",
    "shift_type": "Day",
    "type_shift": "SHIFT",
    "on_shift": true,
    "mins": 720,
    "callback_eligible": true,
    "cover_allowed": true,
    "notes": ""
  },
  {
    "ID": "129bed80-e1ec-471e-8614-50e90c65b026",
    "date": "2025-12-27",
    "shift": "C Shift",
    "day": "Saturday",
    "holidays": "-",
    "shift_type": "Night",
    "type_shift": "SHIFT",
    "on_shift": true,
    "mins": 720,
    "callback_eligible": true,
    "cover_allowed": true,
    "notes": ""
  },
  {
    "ID": "d9e6d928-31de-4620-92a3-7b0232a781c7",
    "date": "2025-12-28",
    "shift": "C Shift",
    "day": "Sunday",
    "holidays": "-",
    "shift_type": "Night",
    "type_shift": "SHIFT",
    "on_shift": true,
    "mins": 720,
    "callback_eligible": true,
    "cover_allowed": true,
    "notes": ""
  },
  {
    "ID": "33683112-ecb0-4f2f-92e3-8a98a24f84a7",
    "date": "2026-01-02",
    "shift": "C Shift",
    "day": "Friday",
    "holidays": "Day after New Year's Day",
    "shift_type": "Day",
    "type_shift": "SHIFT",
    "on_shift": true,
    "mins": 720,
    "callback_eligible": true,
    "cover_allowed": true,
    "notes": ""
  },
  {
    "ID": "afc185cc-2299-40c2-ad50-17bdbcf7f326",
    "date": "2026-01-03",
    "shift": "C Shift",
    "day": "Saturday",
    "holidays": "-",
    "shift_type": "Day",
    "type_shift": "SHIFT",
    "on_shift": true,
    "mins": 720,
    "callback_eligible": true,
    "cover_allowed": true,
    "notes": ""
  },
  {
    "ID": "556b697b-7158-409e-8d36-c9813a7b11c1",
    "date": "2026-01-04",
    "shift": "C Shift",
    "day": "Sunday",
    "holidays": "-",
    "shift_type": "Night",
    "type_shift": "SHIFT",
    "on_shift": true,
    "mins": 720,
    "callback_eligible": true,
    "cover_allowed": true,
    "notes": ""
  },
  {
    "ID": "6b852d25-e136-40ab-beac-2fd1d55f35a2",
    "date": "2026-01-05",
    "shift": "C Shift",
    "day": "Monday",
    "holidays": "-",
    "shift_type": "Night",
    "type_shift": "SHIFT",
    "on_shift": true,
    "mins": 720,
    "callback_eligible": true,
    "cover_allowed": true,
    "notes": ""
  },
  {
    "ID": "86c249e5-1046-4b88-b905-869137f3bea6",
    "date": "2026-01-10",
    "shift": "C Shift",
    "day": "Saturday",
    "holidays": "-",
    "shift_type": "Day",
    "type_shift": "SHIFT",
    "on_shift": true,
    "mins": 720,
    "callback_eligible": true,
    "cover_allowed": true,
    "notes": ""
  },
  {
    "ID": "7d1cf510-d9ea-48ec-8d72-6c2fa03a1b11",
    "date": "2026-01-11",
    "shift": "C Shift",
    "day": "Sunday",
    "holidays": "-",
    "shift_type": "Day",
    "type_shift": "SHIFT",
    "on_shift": true,
    "mins": 720,
    "callback_eligible": true,
    "cover_allowed": true,
    "notes": ""
  },
  {
    "ID": "931c30fa-f3eb-4bec-af30-4ca1524ddb70",
    "date": "2026-01-12",
    "shift": "C Shift",
    "day": "Monday",
    "holidays": "-",
    "shift_type": "Night",
    "type_shift": "SHIFT",
    "on_shift": true,
    "mins": 720,
    "callback_eligible": true,
    "cover_allowed": true,
    "notes": ""
  },
  {
    "ID": "22c45d29-0fc2-41fa-adb7-9b6b0cc5045e",
    "date": "2026-01-13",
    "shift": "C Shift",
    "day": "Tuesday",
    "holidays": "-",
    "shift_type": "Night",
    "type_shift": "SHIFT",
    "on_shift": true,
    "mins": 720,
    "callback_eligible": true,
    "cover_allowed": true,
    "notes": ""
  },
  {
    "ID": "ef3cb89f-5afe-4520-b3d8-beefc0c1baf8",
    "date": "2026-01-18",
    "shift": "C Shift",
    "day": "Sunday",
    "holidays": "-",
    "shift_type": "Day",
    "type_shift": "SHIFT",
    "on_shift": true,
    "mins": 720,
    "callback_eligible": true,
    "cover_allowed": true,
    "notes": ""
  },
  {
    "ID": "261320e4-beaf-4d58-b925-9eb6573ad0aa",
    "date": "2026-01-19",
    "shift": "C Shift",
    "day": "Monday",
    "holidays": "-",
    "shift_type": "Day",
    "type_shift": "SHIFT",
    "on_shift": true,
    "mins": 720,
    "callback_eligible": true,
    "cover_allowed": true,
    "notes": ""
  },
  {
    "ID": "82758a36-a4a4-46b9-a9e3-40fd261a0f59",
    "date": "2026-01-20",
    "shift": "C Shift",
    "day": "Tuesday",
    "holidays": "-",
    "shift_type": "Night",
    "type_shift": "SHIFT",
    "on_shift": true,
    "mins": 720,
    "callback_eligible": true,
    "cover_allowed": true,
    "notes": ""
  },
  {
    "ID": "9b4e4372-7cac-42bf-a143-2e9c9d0155d1",
    "date": "2026-01-21",
    "shift": "C Shift",
    "day": "Wednesday",
    "holidays": "-",
    "shift_type": "Night",
    "type_shift": "SHIFT",
    "on_shift": true,
    "mins": 720,
    "callback_eligible": true,
    "cover_allowed": true,
    "notes": ""
  },
  {
    "ID": "21344dfa-c987-46d4-810f-667a6695ee2f",
    "date": "2026-01-26",
    "shift": "C Shift",
    "day": "Monday",
    "holidays": "-",
    "shift_type": "Day",
    "type_shift": "SHIFT",
    "on_shift": true,
    "mins": 720,
    "callback_eligible": true,
    "cover_allowed": true,
    "notes": ""
  },
  {
    "ID": "4ec2dd27-9f01-4f6b-9ca8-39109b05edaf",
    "date": "2026-01-27",
    "shift": "C Shift",
    "day": "Tuesday",
    "holidays": "-",
    "shift_type": "Day",
    "type_shift": "SHIFT",
    "on_shift": true,
    "mins": 720,
    "callback_eligible": true,
    "cover_allowed": true,
    "notes": ""
  },
  {
    "ID": "329f63ba-262d-42cc-8a66-bfef0d622b85",
    "date": "2026-01-28",
    "shift": "C Shift",
    "day": "Wednesday",
    "holidays": "-",
    "shift_type": "Night",
    "type_shift": "SHIFT",
    "on_shift": true,
    "mins": 720,
    "callback_eligible": true,
    "cover_allowed": true,
    "notes": ""
  },
  {
    "ID": "2bee634a-f4af-4af0-ae7b-b1cfe225218c",
    "date": "2026-01-29",
    "shift": "C Shift",
    "day": "Thursday",
    "holidays": "-",
    "shift_type": "Night",
    "type_shift": "SHIFT",
    "on_shift": true,
    "mins": 720,
    "callback_eligible": true,
    "cover_allowed": true,
    "notes": ""
  },
  {
    "ID": "726e9f4f-7f09-4ade-bb26-2daaa4b40e5f",
    "date": "2026-02-03",
    "shift": "C Shift",
    "day": "Tuesday",
    "holidays": "-",
    "shift_type": "Day",
    "type_shift": "SHIFT",
    "on_shift": true,
    "mins": 720,
    "callback_eligible": true,
    "cover_allowed": true,
    "notes": ""
  },
  {
    "ID": "67112aae-a6d2-40c4-8f0d-6062bf87191b",
    "date": "2026-02-04",
    "shift": "C Shift",
    "day": "Wednesday",
    "holidays": "-",
    "shift_type": "Day",
    "type_shift": "SHIFT",
    "on_shift": true,
    "mins": 720,
    "callback_eligible": true,
    "cover_allowed": true,
    "notes": ""
  },
  {
    "ID": "6e427e58-70f6-4b05-a37c-4fd924b0e426",
    "date": "2026-02-05",
    "shift": "C Shift",
    "day": "Thursday",
    "holidays": "-",
    "shift_type": "Night",
    "type_shift": "SHIFT",
    "on_shift": true,
    "mins": 720,
    "callback_eligible": true,
    "cover_allowed": true,
    "notes": ""
  },
  {
    "ID": "7863d822-84a1-4474-b754-7558ddd670e1",
    "date": "2026-02-06",
    "shift": "C Shift",
    "day": "Friday",
    "holidays": "Waitangi Day",
    "shift_type": "Night",
    "type_shift": "SHIFT",
    "on_shift": true,
    "mins": 720,
    "callback_eligible": true,
    "cover_allowed": true,
    "notes": ""
  },
  {
    "ID": "3a78f4db-e43a-440e-a5d6-3f71f4b378c5",
    "date": "2026-02-11",
    "shift": "C Shift",
    "day": "Wednesday",
    "holidays": "-",
    "shift_type": "Day",
    "type_shift": "SHIFT",
    "on_shift": true,
    "mins": 720,
    "callback_eligible": true,
    "cover_allowed": true,
    "notes": ""
  },
  {
    "ID": "7e1a54d9-06e4-42a7-8a92-e64ed3d966d8",
    "date": "2026-02-12",
    "shift": "C Shift",
    "day": "Thursday",
    "holidays": "-",
    "shift_type": "Day",
    "type_shift": "SHIFT",
    "on_shift": true,
    "mins": 720,
    "callback_eligible": true,
    "cover_allowed": true,
    "notes": ""
  },
  {
    "ID": "c2f14046-85b5-4579-aba1-e14a8aaa0cd0",
    "date": "2026-02-13",
    "shift": "C Shift",
    "day": "Friday",
    "holidays": "-",
    "shift_type": "Night",
    "type_shift": "SHIFT",
    "on_shift": true,
    "mins": 720,
    "callback_eligible": true,
    "cover_allowed": true,
    "notes": ""
  },
  {
    "ID": "06b554d5-3ea7-4e5b-8b87-2fad0b367e6c",
    "date": "2026-02-14",
    "shift": "C Shift",
    "day": "Saturday",
    "holidays": "-",
    "shift_type": "Night",
    "type_shift": "SHIFT",
    "on_shift": true,
    "mins": 720,
    "callback_eligible": true,
    "cover_allowed": true,
    "notes": ""
  },
  {
    "ID": "8fd68629-3bd4-46ac-bac2-d412828ccf95",
    "date": "2026-02-19",
    "shift": "C Shift",
    "day": "Thursday",
    "holidays": "-",
    "shift_type": "Day",
    "type_shift": "SHIFT",
    "on_shift": true,
    "mins": 720,
    "callback_eligible": true,
    "cover_allowed": true,
    "notes": ""
  },
  {
    "ID": "0721bd05-ab93-486b-b6b9-8ad60a4d1c29",
    "date": "2026-02-20",
    "shift": "C Shift",
    "day": "Friday",
    "holidays": "-",
    "shift_type": "Day",
    "type_shift": "SHIFT",
    "on_shift": true,
    "mins": 720,
    "callback_eligible": true,
    "cover_allowed": true,
    "notes": ""
  },
  {
    "ID": "1dfebe25-5715-4865-a59a-64bce0487776",
    "date": "2026-02-21",
    "shift": "C Shift",
    "day": "Saturday",
    "holidays": "-",
    "shift_type": "Night",
    "type_shift": "SHIFT",
    "on_shift": true,
    "mins": 720,
    "callback_eligible": true,
    "cover_allowed": true,
    "notes": ""
  },
  {
    "ID": "75738c14-5829-49d5-b8a1-6a45d92a4c4f",
    "date": "2026-02-22",
    "shift": "C Shift",
    "day": "Sunday",
    "holidays": "-",
    "shift_type": "Night",
    "type_shift": "SHIFT",
    "on_shift": true,
    "mins": 720,
    "callback_eligible": true,
    "cover_allowed": true,
    "notes": ""
  },
  {
    "ID": "03bac7eb-1c6d-4112-bf33-6f267a54626e",
    "date": "2026-02-27",
    "shift": "C Shift",
    "day": "Friday",
    "holidays": "-",
    "shift_type": "Day",
    "type_shift": "SHIFT",
    "on_shift": true,
    "mins": 720,
    "callback_eligible": true,
    "cover_allowed": true,
    "notes": ""
  },
  {
    "ID": "2787b84d-a1bf-44d4-b277-fc22c29bc743",
    "date": "2026-02-28",
    "shift": "C Shift",
    "day": "Saturday",
    "holidays": "-",
    "shift_type": "Day",
    "type_shift": "SHIFT",
    "on_shift": true,
    "mins": 720,
    "callback_eligible": true,
    "cover_allowed": true,
    "notes": ""
  },
  {
    "ID": "e39faa1c-1732-4a0c-aa48-a86375f84734",
    "date": "2026-03-01",
    "shift": "C Shift",
    "day": "Sunday",
    "holidays": "-",
    "shift_type": "Night",
    "type_shift": "SHIFT",
    "on_shift": true,
    "mins": 720,
    "callback_eligible": true,
    "cover_allowed": true,
    "notes": ""
  },
  {
    "ID": "611b6688-06d6-4eb8-910d-b80dcb57bddf",
    "date": "2026-03-02",
    "shift": "C Shift",
    "day": "Monday",
    "holidays": "-",
    "shift_type": "Night",
    "type_shift": "SHIFT",
    "on_shift": true,
    "mins": 720,
    "callback_eligible": true,
    "cover_allowed": true,
    "notes": ""
  },
  {
    "ID": "f56d27c6-525e-49fc-82fe-c2a104124448",
    "date": "2026-03-07",
    "shift": "C Shift",
    "day": "Saturday",
    "holidays": "-",
    "shift_type": "Day",
    "type_shift": "SHIFT",
    "on_shift": true,
    "mins": 720,
    "callback_eligible": true,
    "cover_allowed": true,
    "notes": ""
  },
  {
    "ID": "9a35c9e8-e12e-4d5d-932c-0338eb7b756c",
    "date": "2026-03-08",
    "shift": "C Shift",
    "day": "Sunday",
    "holidays": "-",
    "shift_type": "Day",
    "type_shift": "SHIFT",
    "on_shift": true,
    "mins": 720,
    "callback_eligible": true,
    "cover_allowed": true,
    "notes": ""
  },
  {
    "ID": "96af19d9-697c-4aaf-9153-84ba066c8078",
    "date": "2026-03-09",
    "shift": "C Shift",
    "day": "Monday",
    "holidays": "Taranaki Anniversary Day",
    "shift_type": "Night",
    "type_shift": "SHIFT",
    "on_shift": true,
    "mins": 720,
    "callback_eligible": true,
    "cover_allowed": true,
    "notes": ""
  },
  {
    "ID": "bed4f968-19bd-4475-b519-b6e1dee6ebdf",
    "date": "2026-03-10",
    "shift": "C Shift",
    "day": "Tuesday",
    "holidays": "-",
    "shift_type": "Night",
    "type_shift": "SHIFT",
    "on_shift": true,
    "mins": 720,
    "callback_eligible": true,
    "cover_allowed": true,
    "notes": ""
  },
  {
    "ID": "5533ddc9-0447-4158-bf48-c0f48ba4a844",
    "date": "2026-03-15",
    "shift": "C Shift",
    "day": "Sunday",
    "holidays": "-",
    "shift_type": "Day",
    "type_shift": "SHIFT",
    "on_shift": true,
    "mins": 720,
    "callback_eligible": true,
    "cover_allowed": true,
    "notes": ""
  },
  {
    "ID": "34562d2e-34a6-4982-972a-328e8b5f7717",
    "date": "2026-03-16",
    "shift": "C Shift",
    "day": "Monday",
    "holidays": "-",
    "shift_type": "Day",
    "type_shift": "SHIFT",
    "on_shift": true,
    "mins": 720,
    "callback_eligible": true,
    "cover_allowed": true,
    "notes": ""
  },
  {
    "ID": "cbbad39e-b205-4467-9436-51952f331289",
    "date": "2026-03-17",
    "shift": "C Shift",
    "day": "Tuesday",
    "holidays": "-",
    "shift_type": "Night",
    "type_shift": "SHIFT",
    "on_shift": true,
    "mins": 720,
    "callback_eligible": true,
    "cover_allowed": true,
    "notes": ""
  },
  {
    "ID": "97a2d3c7-ea31-43ba-b0af-c73f2577d744",
    "date": "2026-03-18",
    "shift": "C Shift",
    "day": "Wednesday",
    "holidays": "-",
    "shift_type": "Night",
    "type_shift": "SHIFT",
    "on_shift": true,
    "mins": 720,
    "callback_eligible": true,
    "cover_allowed": true,
    "notes": ""
  },
  {
    "ID": "84332857-0508-4cc9-ac65-6b2b628ab173",
    "date": "2026-03-23",
    "shift": "C Shift",
    "day": "Monday",
    "holidays": "-",
    "shift_type": "Day",
    "type_shift": "SHIFT",
    "on_shift": true,
    "mins": 720,
    "callback_eligible": true,
    "cover_allowed": true,
    "notes": ""
  },
  {
    "ID": "3996c5e3-2ca4-4e66-8dfe-8f2619e75ac4",
    "date": "2026-03-24",
    "shift": "C Shift",
    "day": "Tuesday",
    "holidays": "-",
    "shift_type": "Day",
    "type_shift": "SHIFT",
    "on_shift": true,
    "mins": 720,
    "callback_eligible": true,
    "cover_allowed": true,
    "notes": ""
  },
  {
    "ID": "443385fd-093a-4a59-9f66-bcbf2119f262",
    "date": "2026-03-25",
    "shift": "C Shift",
    "day": "Wednesday",
    "holidays": "-",
    "shift_type": "Night",
    "type_shift": "SHIFT",
    "on_shift": true,
    "mins": 720,
    "callback_eligible": true,
    "cover_allowed": true,
    "notes": ""
  },
  {
    "ID": "83562c33-f710-493f-a076-e6a746758902",
    "date": "2026-03-26",
    "shift": "C Shift",
    "day": "Thursday",
    "holidays": "-",
    "shift_type": "Night",
    "type_shift": "SHIFT",
    "on_shift": true,
    "mins": 720,
    "callback_eligible": true,
    "cover_allowed": true,
    "notes": ""
  },
  {
    "ID": "3bf082e3-ff08-4681-a0b9-d27d3bea7f2d",
    "date": "2026-03-31",
    "shift": "C Shift",
    "day": "Tuesday",
    "holidays": "-",
    "shift_type": "Day",
    "type_shift": "SHIFT",
    "on_shift": true,
    "mins": 720,
    "callback_eligible": true,
    "cover_allowed": true,
    "notes": ""
  },
  {
    "ID": "36ff4a6a-11c3-4ef4-a9c3-70d1cc046a96",
    "date": "2026-04-01",
    "shift": "C Shift",
    "day": "Wednesday",
    "holidays": "-",
    "shift_type": "Day",
    "type_shift": "SHIFT",
    "on_shift": true,
    "mins": 720,
    "callback_eligible": true,
    "cover_allowed": true,
    "notes": ""
  },
  {
    "ID": "8a0d7a3d-c35f-4459-a4a4-4ab606ab6043",
    "date": "2026-04-02",
    "shift": "C Shift",
    "day": "Thursday",
    "holidays": "-",
    "shift_type": "Night",
    "type_shift": "SHIFT",
    "on_shift": true,
    "mins": 720,
    "callback_eligible": true,
    "cover_allowed": true,
    "notes": ""
  },
  {
    "ID": "496ce1b7-7701-4546-993b-cc08b923e44b",
    "date": "2026-04-03",
    "shift": "C Shift",
    "day": "Friday",
    "holidays": "Good Friday",
    "shift_type": "Night",
    "type_shift": "SHIFT",
    "on_shift": true,
    "mins": 720,
    "callback_eligible": true,
    "cover_allowed": true,
    "notes": ""
  },
  {
    "ID": "b0b1298a-8169-4bb1-b819-06c88bc0676c",
    "date": "2026-04-08",
    "shift": "C Shift",
    "day": "Wednesday",
    "holidays": "-",
    "shift_type": "Day",
    "type_shift": "SHIFT",
    "on_shift": true,
    "mins": 720,
    "callback_eligible": true,
    "cover_allowed": true,
    "notes": ""
  },
  {
    "ID": "e952b4f0-0b8f-4ff8-a62e-8fc89d692c3e",
    "date": "2026-04-09",
    "shift": "C Shift",
    "day": "Thursday",
    "holidays": "-",
    "shift_type": "Day",
    "type_shift": "SHIFT",
    "on_shift": true,
    "mins": 720,
    "callback_eligible": true,
    "cover_allowed": true,
    "notes": ""
  },
  {
    "ID": "5e1a81df-ca16-4e79-8edf-dbe89cef41bc",
    "date": "2026-04-10",
    "shift": "C Shift",
    "day": "Friday",
    "holidays": "-",
    "shift_type": "Night",
    "type_shift": "SHIFT",
    "on_shift": true,
    "mins": 720,
    "callback_eligible": true,
    "cover_allowed": true,
    "notes": ""
  },
  {
    "ID": "ca6bfbcc-c0b0-4391-9317-0c06e8ad96b2",
    "date": "2026-04-11",
    "shift": "C Shift",
    "day": "Saturday",
    "holidays": "-",
    "shift_type": "Night",
    "type_shift": "SHIFT",
    "on_shift": true,
    "mins": 720,
    "callback_eligible": true,
    "cover_allowed": true,
    "notes": ""
  },
  {
    "ID": "e80672df-df75-493a-b7b7-6c4afa7330b2",
    "date": "2026-04-16",
    "shift": "C Shift",
    "day": "Thursday",
    "holidays": "-",
    "shift_type": "Day",
    "type_shift": "SHIFT",
    "on_shift": true,
    "mins": 720,
    "callback_eligible": true,
    "cover_allowed": true,
    "notes": ""
  },
  {
    "ID": "90a10dfa-305e-4a79-8024-c48067c2ff8a",
    "date": "2026-04-17",
    "shift": "C Shift",
    "day": "Friday",
    "holidays": "-",
    "shift_type": "Day",
    "type_shift": "SHIFT",
    "on_shift": true,
    "mins": 720,
    "callback_eligible": true,
    "cover_allowed": true,
    "notes": ""
  },
  {
    "ID": "78a66796-7a5a-45da-8c4d-e83541ed2c0c",
    "date": "2026-04-18",
    "shift": "C Shift",
    "day": "Saturday",
    "holidays": "-",
    "shift_type": "Night",
    "type_shift": "SHIFT",
    "on_shift": true,
    "mins": 720,
    "callback_eligible": true,
    "cover_allowed": true,
    "notes": ""
  },
  {
    "ID": "fbf5be0d-bcc6-43cb-b42a-42e135bbce10",
    "date": "2026-04-19",
    "shift": "C Shift",
    "day": "Sunday",
    "holidays": "-",
    "shift_type": "Night",
    "type_shift": "SHIFT",
    "on_shift": true,
    "mins": 720,
    "callback_eligible": true,
    "cover_allowed": true,
    "notes": ""
  },
  {
    "ID": "4405379f-e968-48ef-9da9-aed769afc607",
    "date": "2026-04-24",
    "shift": "C Shift",
    "day": "Friday",
    "holidays": "-",
    "shift_type": "Day",
    "type_shift": "SHIFT",
    "on_shift": true,
    "mins": 720,
    "callback_eligible": true,
    "cover_allowed": true,
    "notes": ""
  },
  {
    "ID": "df0046f9-f5d9-485d-9437-4067bf77a457",
    "date": "2026-04-25",
    "shift": "C Shift",
    "day": "Saturday",
    "holidays": "Anzac Day",
    "shift_type": "Day",
    "type_shift": "SHIFT",
    "on_shift": true,
    "mins": 720,
    "callback_eligible": true,
    "cover_allowed": true,
    "notes": ""
  },
  {
    "ID": "3941bdbd-fe75-450a-a975-5bf6bfa168a9",
    "date": "2026-04-26",
    "shift": "C Shift",
    "day": "Sunday",
    "holidays": "-",
    "shift_type": "Night",
    "type_shift": "SHIFT",
    "on_shift": true,
    "mins": 720,
    "callback_eligible": true,
    "cover_allowed": true,
    "notes": ""
  },
  {
    "ID": "815136b5-7cea-4508-ba15-3c4061ba88e6",
    "date": "2026-04-27",
    "shift": "C Shift",
    "day": "Monday",
    "holidays": "Anzac Day (observed)",
    "shift_type": "Night",
    "type_shift": "SHIFT",
    "on_shift": true,
    "mins": 720,
    "callback_eligible": true,
    "cover_allowed": true,
    "notes": ""
  },
  {
    "ID": "b9010dda-e311-419b-8f8e-bcc26c36dff8",
    "date": "2026-05-02",
    "shift": "C Shift",
    "day": "Saturday",
    "holidays": "-",
    "shift_type": "Day",
    "type_shift": "SHIFT",
    "on_shift": true,
    "mins": 720,
    "callback_eligible": true,
    "cover_allowed": true,
    "notes": ""
  },
  {
    "ID": "20060524-b1c1-433a-931e-aab99f25a2a8",
    "date": "2026-05-03",
    "shift": "C Shift",
    "day": "Sunday",
    "holidays": "-",
    "shift_type": "Day",
    "type_shift": "SHIFT",
    "on_shift": true,
    "mins": 720,
    "callback_eligible": true,
    "cover_allowed": true,
    "notes": ""
  },
  {
    "ID": "147c0499-9583-4df4-b0fe-1d0d30efa209",
    "date": "2026-05-04",
    "shift": "C Shift",
    "day": "Monday",
    "holidays": "-",
    "shift_type": "Night",
    "type_shift": "SHIFT",
    "on_shift": true,
    "mins": 720,
    "callback_eligible": true,
    "cover_allowed": true,
    "notes": ""
  },
  {
    "ID": "84f0b8ad-5ec8-4156-ba70-293b6f882af5",
    "date": "2026-05-05",
    "shift": "C Shift",
    "day": "Tuesday",
    "holidays": "-",
    "shift_type": "Night",
    "type_shift": "SHIFT",
    "on_shift": true,
    "mins": 720,
    "callback_eligible": true,
    "cover_allowed": true,
    "notes": ""
  },
  {
    "ID": "193163b0-1d77-4af3-a273-7f2eb90ed0e4",
    "date": "2026-05-10",
    "shift": "C Shift",
    "day": "Sunday",
    "holidays": "-",
    "shift_type": "Day",
    "type_shift": "SHIFT",
    "on_shift": true,
    "mins": 720,
    "callback_eligible": true,
    "cover_allowed": true,
    "notes": ""
  },
  {
    "ID": "713dd31c-8d4a-4c07-b4b5-3bc2ea172921",
    "date": "2026-05-11",
    "shift": "C Shift",
    "day": "Monday",
    "holidays": "-",
    "shift_type": "Day",
    "type_shift": "SHIFT",
    "on_shift": true,
    "mins": 720,
    "callback_eligible": true,
    "cover_allowed": true,
    "notes": ""
  },
  {
    "ID": "934fe55c-e5b9-4c8c-a79b-0407f3911b0d",
    "date": "2026-05-12",
    "shift": "C Shift",
    "day": "Tuesday",
    "holidays": "-",
    "shift_type": "Night",
    "type_shift": "SHIFT",
    "on_shift": true,
    "mins": 720,
    "callback_eligible": true,
    "cover_allowed": true,
    "notes": ""
  },
  {
    "ID": "987364f2-c5b9-4e98-a72c-75ef46fc750b",
    "date": "2026-05-13",
    "shift": "C Shift",
    "day": "Wednesday",
    "holidays": "-",
    "shift_type": "Night",
    "type_shift": "SHIFT",
    "on_shift": true,
    "mins": 720,
    "callback_eligible": true,
    "cover_allowed": true,
    "notes": ""
  },
  {
    "ID": "e3e71710-162d-41f2-b374-0743053421c7",
    "date": "2026-05-18",
    "shift": "C Shift",
    "day": "Monday",
    "holidays": "-",
    "shift_type": "Day",
    "type_shift": "SHIFT",
    "on_shift": true,
    "mins": 720,
    "callback_eligible": true,
    "cover_allowed": true,
    "notes": ""
  },
  {
    "ID": "0beb7789-d1a6-4423-b768-e1897aaf8687",
    "date": "2026-05-19",
    "shift": "C Shift",
    "day": "Tuesday",
    "holidays": "-",
    "shift_type": "Day",
    "type_shift": "SHIFT",
    "on_shift": true,
    "mins": 720,
    "callback_eligible": true,
    "cover_allowed": true,
    "notes": ""
  },
  {
    "ID": "7d2ccb8f-cbf2-4e93-9095-f1f7ac225eb8",
    "date": "2026-05-20",
    "shift": "C Shift",
    "day": "Wednesday",
    "holidays": "-",
    "shift_type": "Night",
    "type_shift": "SHIFT",
    "on_shift": true,
    "mins": 720,
    "callback_eligible": true,
    "cover_allowed": true,
    "notes": ""
  },
  {
    "ID": "2a179b5b-f11e-475e-96e8-1f581c3785ef",
    "date": "2026-05-21",
    "shift": "C Shift",
    "day": "Thursday",
    "holidays": "-",
    "shift_type": "Night",
    "type_shift": "SHIFT",
    "on_shift": true,
    "mins": 720,
    "callback_eligible": true,
    "cover_allowed": true,
    "notes": ""
  },
  {
    "ID": "a0925270-5d33-42ca-a58b-c36cffb2a661",
    "date": "2026-05-26",
    "shift": "C Shift",
    "day": "Tuesday",
    "holidays": "-",
    "shift_type": "Day",
    "type_shift": "SHIFT",
    "on_shift": true,
    "mins": 720,
    "callback_eligible": true,
    "cover_allowed": true,
    "notes": ""
  },
  {
    "ID": "564904f7-44da-4fb8-9156-4597decc25a0",
    "date": "2026-05-27",
    "shift": "C Shift",
    "day": "Wednesday",
    "holidays": "-",
    "shift_type": "Day",
    "type_shift": "SHIFT",
    "on_shift": true,
    "mins": 720,
    "callback_eligible": true,
    "cover_allowed": true,
    "notes": ""
  },
  {
    "ID": "14c0e29c-8096-488c-95ca-49f1def31d0e",
    "date": "2026-05-28",
    "shift": "C Shift",
    "day": "Thursday",
    "holidays": "-",
    "shift_type": "Night",
    "type_shift": "SHIFT",
    "on_shift": true,
    "mins": 720,
    "callback_eligible": true,
    "cover_allowed": true,
    "notes": ""
  },
  {
    "ID": "86076a27-a609-4b35-bd91-2e152f9ab02c",
    "date": "2026-05-29",
    "shift": "C Shift",
    "day": "Friday",
    "holidays": "-",
    "shift_type": "Night",
    "type_shift": "SHIFT",
    "on_shift": true,
    "mins": 720,
    "callback_eligible": true,
    "cover_allowed": true,
    "notes": ""
  },
  {
    "ID": "6f1201aa-12e6-4f79-b595-05430270b146",
    "date": "2026-06-01",
    "shift": "C Shift",
    "day": "Monday",
    "holidays": "King's Birthday",
    "shift_type": "Day",
    "type_shift": "SHIFT",
    "on_shift": true,
    "mins": 600,
    "callback_eligible": true,
    "cover_allowed": true,
    "notes": ""
  },
  {
    "ID": "641134b1-2c3f-4a93-92aa-a5372818918b",
    "date": "2026-06-02",
    "shift": "C Shift",
    "day": "Tuesday",
    "holidays": "-",
    "shift_type": "Day",
    "type_shift": "SHIFT",
    "on_shift": true,
    "mins": 600,
    "callback_eligible": true,
    "cover_allowed": true,
    "notes": ""
  },
  {
    "ID": "3e3f173d-fff0-4b2d-84ea-03f8458d7f2f",
    "date": "2026-06-03",
    "shift": "C Shift",
    "day": "Wednesday",
    "holidays": "-",
    "shift_type": "Day",
    "type_shift": "SHIFT",
    "on_shift": true,
    "mins": 600,
    "callback_eligible": true,
    "cover_allowed": true,
    "notes": ""
  },
  {
    "ID": "ebdf94a1-db87-4ebc-b560-326238bafcdc",
    "date": "2026-06-04",
    "shift": "C Shift",
    "day": "Thursday",
    "holidays": "-",
    "shift_type": "Day",
    "type_shift": "SHIFT",
    "on_shift": true,
    "mins": 600,
    "callback_eligible": true,
    "cover_allowed": true,
    "notes": ""
  },
  {
    "ID": "99cb0c98-c1b9-4177-bb30-2b60931c99de",
    "date": "2026-06-08",
    "shift": "C Shift",
    "day": "Monday",
    "holidays": "-",
    "shift_type": "Day",
    "type_shift": "SHIFT",
    "on_shift": true,
    "mins": 600,
    "callback_eligible": true,
    "cover_allowed": true,
    "notes": ""
  },
  {
    "ID": "04cc6631-1def-4315-afaf-d7f69d2cb3df",
    "date": "2026-06-09",
    "shift": "C Shift",
    "day": "Tuesday",
    "holidays": "-",
    "shift_type": "Day",
    "type_shift": "SHIFT",
    "on_shift": true,
    "mins": 600,
    "callback_eligible": true,
    "cover_allowed": true,
    "notes": ""
  },
  {
    "ID": "ae112cd6-94c6-4216-9901-17d50df93626",
    "date": "2026-06-10",
    "shift": "C Shift",
    "day": "Wednesday",
    "holidays": "-",
    "shift_type": "Day",
    "type_shift": "SHIFT",
    "on_shift": true,
    "mins": 600,
    "callback_eligible": true,
    "cover_allowed": true,
    "notes": ""
  },
  {
    "ID": "a6a0dbb7-25ce-4d11-8cb6-38d5850a38d2",
    "date": "2026-06-11",
    "shift": "C Shift",
    "day": "Thursday",
    "holidays": "-",
    "shift_type": "Day",
    "type_shift": "SHIFT",
    "on_shift": true,
    "mins": 600,
    "callback_eligible": true,
    "cover_allowed": true,
    "notes": ""
  },
  {
    "ID": "fe71c79e-9024-49a5-8704-ef2ad6e35a18",
    "date": "2026-06-15",
    "shift": "C Shift",
    "day": "Monday",
    "holidays": "-",
    "shift_type": "Day",
    "type_shift": "SHIFT",
    "on_shift": true,
    "mins": 600,
    "callback_eligible": true,
    "cover_allowed": true,
    "notes": ""
  },
  {
    "ID": "fd34fbd3-d0fd-4252-bd69-3a8f0efdae8c",
    "date": "2026-06-16",
    "shift": "C Shift",
    "day": "Tuesday",
    "holidays": "-",
    "shift_type": "Day",
    "type_shift": "SHIFT",
    "on_shift": true,
    "mins": 600,
    "callback_eligible": true,
    "cover_allowed": true,
    "notes": ""
  },
  {
    "ID": "7bfc19a8-84c7-4941-aef2-fa9b02a9dceb",
    "date": "2026-06-17",
    "shift": "C Shift",
    "day": "Wednesday",
    "holidays": "-",
    "shift_type": "Day",
    "type_shift": "SHIFT",
    "on_shift": true,
    "mins": 600,
    "callback_eligible": true,
    "cover_allowed": true,
    "notes": ""
  },
  {
    "ID": "69426cc9-fcfb-4814-83ed-baf12f17fc9d",
    "date": "2026-06-18",
    "shift": "C Shift",
    "day": "Thursday",
    "holidays": "-",
    "shift_type": "Day",
    "type_shift": "SHIFT",
    "on_shift": true,
    "mins": 600,
    "callback_eligible": true,
    "cover_allowed": true,
    "notes": ""
  },
  {
    "ID": "5bf272da-bdee-4b44-8bed-c28b79eb32c0",
    "date": "2026-06-22",
    "shift": "C Shift",
    "day": "Monday",
    "holidays": "-",
    "shift_type": "Day",
    "type_shift": "SHIFT",
    "on_shift": true,
    "mins": 600,
    "callback_eligible": true,
    "cover_allowed": true,
    "notes": ""
  },
  {
    "ID": "5c640a3e-5f05-4013-8cfa-e4a0cb0cc768",
    "date": "2026-06-23",
    "shift": "C Shift",
    "day": "Tuesday",
    "holidays": "-",
    "shift_type": "Day",
    "type_shift": "SHIFT",
    "on_shift": true,
    "mins": 600,
    "callback_eligible": true,
    "cover_allowed": true,
    "notes": ""
  },
  {
    "ID": "0f7c1eea-fa0c-47d0-972f-fe07892e7d4a",
    "date": "2026-06-24",
    "shift": "C Shift",
    "day": "Wednesday",
    "holidays": "-",
    "shift_type": "Day",
    "type_shift": "SHIFT",
    "on_shift": true,
    "mins": 600,
    "callback_eligible": true,
    "cover_allowed": true,
    "notes": ""
  },
  {
    "ID": "89d5c105-71df-47b9-bf88-4f35df3f4b3c",
    "date": "2026-06-25",
    "shift": "C Shift",
    "day": "Thursday",
    "holidays": "-",
    "shift_type": "Day",
    "type_shift": "SHIFT",
    "on_shift": true,
    "mins": 600,
    "callback_eligible": true,
    "cover_allowed": true,
    "notes": ""
  },
  {
    "ID": "76a7d59e-fdee-4856-a020-eee2b20ed296",
    "date": "2026-06-29",
    "shift": "C Shift",
    "day": "Monday",
    "holidays": "-",
    "shift_type": "Day",
    "type_shift": "SHIFT",
    "on_shift": true,
    "mins": 600,
    "callback_eligible": true,
    "cover_allowed": true,
    "notes": ""
  },
  {
    "ID": "e44d4d8f-56d1-4d5d-82e1-2e86b1cf804c",
    "date": "2026-06-30",
    "shift": "C Shift",
    "day": "Tuesday",
    "holidays": "-",
    "shift_type": "Day",
    "type_shift": "SHIFT",
    "on_shift": true,
    "mins": 600,
    "callback_eligible": true,
    "cover_allowed": true,
    "notes": ""
  },
  {
    "ID": "b3a514fc-b17c-4535-bac9-88a3e52a55dd",
    "date": "2026-07-01",
    "shift": "C Shift",
    "day": "Wednesday",
    "holidays": "-",
    "shift_type": "Day",
    "type_shift": "SHIFT",
    "on_shift": true,
    "mins": 600,
    "callback_eligible": true,
    "cover_allowed": true,
    "notes": ""
  },
  {
    "ID": "dee8b8d5-7be3-4df6-9463-c3623aeaa51f",
    "date": "2026-07-02",
    "shift": "C Shift",
    "day": "Thursday",
    "holidays": "-",
    "shift_type": "Day",
    "type_shift": "SHIFT",
    "on_shift": true,
    "mins": 600,
    "callback_eligible": true,
    "cover_allowed": true,
    "notes": ""
  },
  {
    "ID": "58c275f1-bb7f-4e09-b6e6-fa34695e7816",
    "date": "2026-07-06",
    "shift": "C Shift",
    "day": "Monday",
    "holidays": "-",
    "shift_type": "Day",
    "type_shift": "SHIFT",
    "on_shift": true,
    "mins": 600,
    "callback_eligible": true,
    "cover_allowed": true,
    "notes": ""
  },
  {
    "ID": "746ee391-eb53-4b9c-9624-22914331d08b",
    "date": "2026-07-07",
    "shift": "C Shift",
    "day": "Tuesday",
    "holidays": "-",
    "shift_type": "Day",
    "type_shift": "SHIFT",
    "on_shift": true,
    "mins": 600,
    "callback_eligible": true,
    "cover_allowed": true,
    "notes": ""
  },
  {
    "ID": "ae2ea399-7a76-4e7b-bec2-6a2b2fbdfa60",
    "date": "2026-07-08",
    "shift": "C Shift",
    "day": "Wednesday",
    "holidays": "-",
    "shift_type": "Day",
    "type_shift": "SHIFT",
    "on_shift": true,
    "mins": 600,
    "callback_eligible": true,
    "cover_allowed": true,
    "notes": ""
  },
  {
    "ID": "04c91023-f88d-4b83-b16c-345494e1e66f",
    "date": "2026-07-09",
    "shift": "C Shift",
    "day": "Thursday",
    "holidays": "-",
    "shift_type": "Day",
    "type_shift": "SHIFT",
    "on_shift": true,
    "mins": 600,
    "callback_eligible": true,
    "cover_allowed": true,
    "notes": ""
  },
  {
    "ID": "e5402e10-dbce-4bab-ad5c-4aee4c74370a",
    "date": "2026-07-13",
    "shift": "C Shift",
    "day": "Monday",
    "holidays": "-",
    "shift_type": "Day",
    "type_shift": "SHIFT",
    "on_shift": true,
    "mins": 720,
    "callback_eligible": true,
    "cover_allowed": true,
    "notes": ""
  },
  {
    "ID": "98f11f8a-cd7a-47a4-8a30-4a5bfb028e2c",
    "date": "2026-07-14",
    "shift": "C Shift",
    "day": "Tuesday",
    "holidays": "-",
    "shift_type": "Day",
    "type_shift": "SHIFT",
    "on_shift": true,
    "mins": 720,
    "callback_eligible": true,
    "cover_allowed": true,
    "notes": ""
  },
  {
    "ID": "718fd5ea-8524-48ab-a591-7dc0fec9a014",
    "date": "2026-07-15",
    "shift": "C Shift",
    "day": "Wednesday",
    "holidays": "-",
    "shift_type": "Night",
    "type_shift": "SHIFT",
    "on_shift": true,
    "mins": 720,
    "callback_eligible": true,
    "cover_allowed": true,
    "notes": ""
  },
  {
    "ID": "58920104-cc15-4575-810b-c050983cf417",
    "date": "2026-07-16",
    "shift": "C Shift",
    "day": "Thursday",
    "holidays": "-",
    "shift_type": "Night",
    "type_shift": "SHIFT",
    "on_shift": true,
    "mins": 720,
    "callback_eligible": true,
    "cover_allowed": true,
    "notes": ""
  },
  {
    "ID": "41170e63-5267-4cfc-ad6f-3e11d988fce2",
    "date": "2026-07-21",
    "shift": "C Shift",
    "day": "Tuesday",
    "holidays": "-",
    "shift_type": "Day",
    "type_shift": "SHIFT",
    "on_shift": true,
    "mins": 720,
    "callback_eligible": true,
    "cover_allowed": true,
    "notes": ""
  },
  {
    "ID": "2213aabc-da7f-415b-99be-86ec1f1b124f",
    "date": "2026-07-22",
    "shift": "C Shift",
    "day": "Wednesday",
    "holidays": "-",
    "shift_type": "Day",
    "type_shift": "SHIFT",
    "on_shift": true,
    "mins": 720,
    "callback_eligible": true,
    "cover_allowed": true,
    "notes": ""
  },
  {
    "ID": "41b8dddc-388f-4fc4-b391-1f4d24540dbd",
    "date": "2026-07-23",
    "shift": "C Shift",
    "day": "Thursday",
    "holidays": "-",
    "shift_type": "Night",
    "type_shift": "SHIFT",
    "on_shift": true,
    "mins": 720,
    "callback_eligible": true,
    "cover_allowed": true,
    "notes": ""
  },
  {
    "ID": "e179e71e-4fb2-403e-a13a-94aac7c2d50e",
    "date": "2026-07-24",
    "shift": "C Shift",
    "day": "Friday",
    "holidays": "-",
    "shift_type": "Night",
    "type_shift": "SHIFT",
    "on_shift": true,
    "mins": 720,
    "callback_eligible": true,
    "cover_allowed": true,
    "notes": ""
  }
]