[
  {
    "ID": "12637366-d15e-46b7-a3cd-81158613b683",
    "date": "2025-07-20",
    "shift": "D Shift",
    "day": "Sunday",
    "holidays": "-",
    "shift_type": "Day",
    "type_shift": "PAL",
    "on_shift": true,
    "mins": 720,
    "callback_eligible": true,
    "cover_allowed": true,
    "notes": ""
  },
  {
    "ID": "dd244aec-b8b1-4f32-a3fa-d241cff7e1d3",
    "date": "2025-07-21",
    "shift": "D Shift",
    "day": "Monday",
    "holidays": "-",
    "shift_type": "Day",
    "type_shift": "ADT",
    "on_shift": true,
    "mins": 720,
    "callback_eligible": true,
    "cover_allowed": true,
    "notes": ""
  },
  {
    "ID": "98e80acf-7f21-49c6-b5c7-a08757a76224",
    "date": "2025-07-22",
    "shift": "D Shift",
    "day": "Tuesday",
    "holidays": "-",
    "shift_type": "Night",
    "type_shift": "ADT",
    "on_shift": true,
    "mins": 720,
    "callback_eligible": true,
    "cover_allowed": true,
    "notes": ""
  },
  {
    "ID": "6e620531-26ee-4ea5-8765-465476a42931",
    "date": "2025-07-23",
    "shift": "D Shift",
    "day": "Wednesday",
    "holidays": "-",
    "shift_type": "Night",
    "type_shift": "ADT",
    "on_shift": true,
    "mins": 720,
    "callback_eligible": true,
    "cover_allowed": true,
    "notes": ""
  },
  {
    "ID": "2600edf3-45b0-4741-8976-4ce6aa0e22ee",
    "date": "2025-07-26",
    "shift": "C Shift",
    "shift_type": "Day",
    "type_shift": "SHIFT",
    "mins": 738,
    "callback_eligible": false,
    "cover_allowed": false,
    "on_shift": true,
    "notes": ""
  },
  {
    "ID": "46bd862f-b085-4d13-a26b-f22c5fb58d2f",
    "date": "2025-07-27",
    "shift": "C Shift",
    "shift_type": "Day",
    "type_shift": "SHIFT",
    "mins": 738,
    "callback_eligible": false,
    "cover_allowed": false,
    "on_shift": true,
    "notes": ""
  },
  {
    "ID": "7efb46a4-f5cb-43a9-9fa3-7eada4f39834",
    "date": "2025-07-28",
    "shift": "D Shift",
    "day": "Monday",
    "holidays": "-",
    "shift_type": "Day",
    "type_shift": "SHIFT",
    "on_shift": true,
    "mins": 738,
    "callback_eligible": true,
    "cover_allowed": true,
    "notes": ""
  },
  {
    "ID": "c8963e1c-2960-483c-b8f6-72c2d1fdc2aa",
    "date": "2025-07-29",
    "shift": "D Shift",
    "day": "Tuesday",
    "holidays": "-",
    "shift_type": "Day",
    "type_shift": "SHIFT",
    "on_shift": true,
    "mins": 738,
    "callback_eligible": true,
    "cover_allowed": true,
    "notes": ""
  },
  {
    "ID": "e43d5bb4-60ee-4566-b67f-0305379f6fb3",
    "date": "2025-07-30",
    "shift": "D Shift",
    "day": "Wednesday",
    "holidays": "-",
    "shift_type": "Night",
    "type_shift": "SHIFT",
    "on_shift": true,
    "mins": 738,
    "callback_eligible": true,
    "cover_allowed": true,
    "notes": ""
  },
  {
    "ID": "c3cf6fb6-e9e6-418c-9257-3c4783e1abfd",
    "date": "2025-07-31",
    "shift": "D Shift",
    "day": "Thursday",
    "holidays": "-",
    "shift_type": "Night",
    "type_shift": "SHIFT",
    "on_shift": true,
    "mins": 738,
    "callback_eligible": true,
    "cover_allowed": true,
    "notes": ""
  },
  {
    "ID": "e58e7fe0-19af-49e2-9972-5fc500d29d5b",
    "date": "2025-08-05",
    "shift": "D Shift",
    "day": "Tuesday",
    "holidays": "-",
    "shift_type": "Day",
    "type_shift": "SHIFT",
    "on_shift": true,
    "mins": 738,
    "callback_eligible": true,
    "cover_allowed": true,
    "notes": ""
  },
  {
    "ID": "b5bd022c-8018-49c1-aec5-2eb955a26b96",
    "date": "2025-08-06",
    "shift": "D Shift",
    "day": "Wednesday",
    "holidays": "-",
    "shift_type": "Day",
    "type_shift": "SHIFT",
    "on_shift": true,
    "mins": 738,
    "callback_eligible": true,
    "cover_allowed": true,
    "notes": ""
  },
  {
    "ID": "227006b2-5300-4128-995a-1a7237b26dbf",
    "date": "2025-08-07",
    "shift": "D Shift",
    "day": "Thursday",
    "holidays": "-",
    "shift_type": "Night",
    "type_shift": "SHIFT",
    "on_shift": true,
    "mins": 738,
    "callback_eligible": true,
    "cover_allowed": true,
    "notes": ""
  },
  {
    "ID": "390c546c-93a9-4949-8848-058cf50fe953",
    "date": "2025-08-08",
    "shift": "D Shift",
    "day": "Friday",
    "holidays": "-",
    "shift_type": "Night",
    "type_shift": "SHIFT",
    "on_shift": true,
    "mins": 738,
    "callback_eligible": true,
    "cover_allowed": true,
    "notes": ""
  },
  {
    "ID": "3b0cc3cc-4240-4502-bda0-cf368da02712",
    "date": "2025-08-13",
    "shift": "D Shift",
    "day": "Wednesday",
    "holidays": "-",
    "shift_type": "Day",
    "type_shift": "SHIFT",
    "on_shift": true,
    "mins": 738,
    "callback_eligible": true,
    "cover_allowed": true,
    "notes": ""
  },
  {
    "ID": "3e38b2bc-d3b7-4ea9-b482-75b5d61ad8f5",
    "date": "2025-08-14",
    "shift": "D Shift",
    "day": "Thursday",
    "holidays": "-",
    "shift_type": "Day",
    "type_shift": "SHIFT",
    "on_shift": true,
    "mins": 738,
    "callback_eligible": true,
    "cover_allowed": true,
    "notes": ""
  },
  {
    "ID": "af5cd4d3-570e-4535-a6f6-eef9993d29da",
    "date": "2025-08-15",
    "shift": "D Shift",
    "day": "Friday",
    "holidays": "-",
    "shift_type": "Night",
    "type_shift": "SHIFT",
    "on_shift": true,
    "mins": 738,
    "callback_eligible": true,
    "cover_allowed": true,
    "notes": ""
  },
  {
    "ID": "4f9ad472-b887-4f35-9292-dc09e1eda290",
    "date": "2025-08-16",
    "shift": "D Shift",
    "day": "Saturday",
    "holidays": "-",
    "shift_type": "Night",
    "type_shift": "SHIFT",
    "on_shift": true,
    "mins": 738,
    "callback_eligible": true,
    "cover_allowed": true,
    "notes": ""
  },
  {
    "ID": "74610f38-b9f4-4952-b1f8-98ec517d32a3",
    "date": "2025-08-21",
    "shift": "D Shift",
    "day": "Thursday",
    "holidays": "-",
    "shift_type": "Day",
    "type_shift": "SHIFT",
    "on_shift": true,
    "mins": 738,
    "callback_eligible": true,
    "cover_allowed": true,
    "notes": ""
  },
  {
    "ID": "29e976b9-2905-4cba-9cc5-9f739d3c6f30",
    "date": "2025-08-22",
    "shift": "D Shift",
    "day": "Friday",
    "holidays": "-",
    "shift_type": "Day",
    "type_shift": "SHIFT",
    "on_shift": true,
    "mins": 738,
    "callback_eligible": true,
    "cover_allowed": true,
    "notes": ""
  },
  {
    "ID": "40b0de03-5c63-4071-82b0-1c08b02d17a1",
    "date": "2025-08-23",
    "shift": "D Shift",
    "day": "Saturday",
    "holidays": "-",
    "shift_type": "Night",
    "type_shift": "SHIFT",
    "on_shift": true,
    "mins": 738,
    "callback_eligible": true,
    "cover_allowed": true,
    "notes": ""
  },
  {
    "ID": "5d2103f5-b006-4f5a-b622-65b00df25b95",
    "date": "2025-08-24",
    "shift": "D Shift",
    "day": "Sunday",
    "holidays": "-",
    "shift_type": "Night",
    "type_shift": "SHIFT",
    "on_shift": true,
    "mins": 738,
    "callback_eligible": true,
    "cover_allowed": true,
    "notes": ""
  },
  {
    "ID": "115bf207-81cb-4bd2-a753-9f72dfc1f71b",
    "date": "2025-08-29",
    "shift": "D Shift",
    "day": "Friday",
    "holidays": "-",
    "shift_type": "Day",
    "type_shift": "SHIFT",
    "on_shift": true,
    "mins": 738,
    "callback_eligible": true,
    "cover_allowed": true,
    "notes": ""
  },
  {
    "ID": "22b68ece-8e8e-44bb-9e40-1d3bef0c2de0",
    "date": "2025-08-30",
    "shift": "D Shift",
    "day": "Saturday",
    "holidays": "-",
    "shift_type": "Day",
    "type_shift": "SHIFT",
    "on_shift": true,
    "mins": 738,
    "callback_eligible": true,
    "cover_allowed": true,
    "notes": ""
  },
  {
    "ID": "9de4f08c-3db4-40af-8284-c675507a01ad",
    "date": "2025-08-31",
    "shift": "D Shift",
    "day": "Sunday",
    "holidays": "-",
    "shift_type": "Night",
    "type_shift": "SHIFT",
    "on_shift": true,
    "mins": 738,
    "callback_eligible": true,
    "cover_allowed": true,
    "notes": ""
  },
  {
    "ID": "29c863b7-7ee4-40dd-9e0d-f67eb1782399",
    "date": "2025-09-01",
    "shift": "D Shift",
    "day": "Monday",
    "holidays": "-",
    "shift_type": "Night",
    "type_shift": "SHIFT",
    "on_shift": true,
    "mins": 738,
    "callback_eligible": true,
    "cover_allowed": true,
    "notes": ""
  },
  {
    "ID": "6a5ff688-d7f3-463c-9cc0-84ab83e2d0ef",
    "date": "2025-09-06",
    "shift": "D Shift",
    "day": "Saturday",
    "holidays": "-",
    "shift_type": "Day",
    "type_shift": "SHIFT",
    "on_shift": true,
    "mins": 738,
    "callback_eligible": true,
    "cover_allowed": true,
    "notes": ""
  },
  {
    "ID": "bf5ebe5d-aa24-4066-9bae-1e79012b4fdd",
    "date": "2025-09-07",
    "shift": "D Shift",
    "day": "Sunday",
    "holidays": "-",
    "shift_type": "Day",
    "type_shift": "SHIFT",
    "on_shift": true,
    "mins": 738,
    "callback_eligible": true,
    "cover_allowed": true,
    "notes": ""
  },
  {
    "ID": "87f7e571-ff4e-4130-afdc-2591aba3bfac",
    "date": "2025-09-08",
    "shift": "D Shift",
    "day": "Monday",
    "holidays": "-",
    "shift_type": "Night",
    "type_shift": "SHIFT",
    "on_shift": true,
    "mins": 738,
    "callback_eligible": true,
    "cover_allowed": true,
    "notes": ""
  },
  {
    "ID": "2c2857ea-4708-402d-92cf-d17af4c8803c",
    "date": "2025-09-09",
    "shift": "D Shift",
    "day": "Tuesday",
    "holidays": "-",
    "shift_type": "Night",
    "type_shift": "SHIFT",
    "on_shift": true,
    "mins": 738,
    "callback_eligible": true,
    "cover_allowed": true,
    "notes": ""
  },
  {
    "ID": "877a14ab-06a9-416c-bc9e-8dc9fabc3a0e",
    "date": "2025-09-12",
    "shift": "C Shift",
    "shift_type": "Day",
    "type_shift": "SHIFT",
    "mins": 1098,
    "callback_eligible": false,
    "cover_allowed": false,
    "on_shift": true,
    "notes": "Cover bob"
  },
  {
    "ID": "4eaf4b39-b6f2-4ed5-807d-9543ba649d4d",
    "date": "2025-09-14",
    "shift": "D Shift",
    "day": "Sunday",
    "holidays": "-",
    "shift_type": "Day",
    "type_shift": "SHIFT",
    "on_shift": true,
    "mins": 738,
    "callback_eligible": true,
    "cover_allowed": true,
    "notes": ""
  },
  {
    "ID": "ee76f2fa-3f8c-4f5c-a2a9-19b0c62af9d6",
    "date": "2025-09-15",
    "shift": "D Shift",
    "day": "Monday",
    "holidays": "-",
    "shift_type": "Day",
    "type_shift": "SHIFT",
    "on_shift": true,
    "mins": 738,
    "callback_eligible": true,
    "cover_allowed": true,
    "notes": ""
  },
  {
    "ID": "1a6e7d07-6783-4ec0-a8db-822188d2e18f",
    "date": "2025-09-16",
    "shift": "D Shift",
    "day": "Tuesday",
    "holidays": "-",
    "shift_type": "Night",
    "type_shift": "SHIFT",
    "on_shift": true,
    "mins": 738,
    "callback_eligible": true,
    "cover_allowed": true,
    "notes": ""
  },
  {
    "ID": "e812fa71-d8da-47dd-8446-75a7231e5f23",
    "date": "2025-09-17",
    "shift": "D Shift",
    "day": "Wednesday",
    "holidays": "-",
    "shift_type": "Night",
    "type_shift": "SHIFT",
    "on_shift": true,
    "mins": 738,
    "callback_eligible": true,
    "cover_allowed": true,
    "notes": ""
  },
  {
    "ID": "5325fa7b-963d-4a75-b58e-7bfa1706d4bb",
    "date": "2025-09-20",
    "shift": "C Shift",
    "shift_type": "Day",
    "type_shift": "CB",
    "mins": 738,
    "callback_eligible": false,
    "cover_allowed": false,
    "on_shift": true,
    "notes": ""
  },
  {
    "ID": "88bff53b-bb53-4af2-ab9b-15c51f963b26",
    "date": "2025-09-21",
    "shift": "C Shift",
    "shift_type": "Day",
    "type_shift": "CB",
    "mins": 738,
    "callback_eligible": false,
    "cover_allowed": false,
    "on_shift": true,
    "notes": ""
  },
  {
    "ID": "21274b0f-a111-4fd6-aca1-de7fb91a1102",
    "date": "2025-09-22",
    "shift": "D Shift",
    "day": "Monday",
    "holidays": "-",
    "shift_type": "Day",
    "type_shift": "SHIFT",
    "on_shift": true,
    "mins": 738,
    "callback_eligible": true,
    "cover_allowed": true,
    "notes": ""
  },
  {
    "ID": "42415719-9189-40bc-9203-21365733a716",
    "date": "2025-09-23",
    "shift": "D Shift",
    "day": "Tuesday",
    "holidays": "-",
    "shift_type": "Day",
    "type_shift": "SHIFT",
    "on_shift": true,
    "mins": 738,
    "callback_eligible": true,
    "cover_allowed": true,
    "notes": ""
  },
  {
    "ID": "38436ac7-c6e8-4b91-a411-12bb7f6ad884",
    "date": "2025-09-24",
    "shift": "D Shift",
    "day": "Wednesday",
    "holidays": "-",
    "shift_type": "Night",
    "type_shift": "SHIFT",
    "on_shift": true,
    "mins": 738,
    "callback_eligible": true,
    "cover_allowed": true,
    "notes": ""
  },
  {
    "ID": "8bd2267b-0743-46f1-9033-5a586777a13a",
    "date": "2025-09-25",
    "shift": "D Shift",
    "day": "Thursday",
    "holidays": "-",
    "shift_type": "Night",
    "type_shift": "SHIFT",
    "on_shift": true,
    "mins": 738,
    "callback_eligible": true,
    "cover_allowed": true,
    "notes": ""
  },
  {
    "ID": "0896af08-f579-4d1c-957d-95a10a8af4fb",
    "date": "2025-09-30",
    "shift": "D Shift",
    "day": "Tuesday",
    "holidays": "-",
    "shift_type": "Day",
    "type_shift": "SHIFT",
    "on_shift": true,
    "mins": 738,
    "callback_eligible": true,
    "cover_allowed": true,
    "notes": ""
  },
  {
    "ID": "31766222-be93-40da-8d74-ddd47cf5c658",
    "date": "2025-10-01",
    "shift": "D Shift",
    "day": "Wednesday",
    "holidays": "-",
    "shift_type": "Day",
    "type_shift": "SHIFT",
    "on_shift": true,
    "mins": 738,
    "callback_eligible": true,
    "cover_allowed": true,
    "notes": ""
  },
  {
    "ID": "66bfc359-714d-4114-a324-b820f0c960e3",
    "date": "2025-10-02",
    "shift": "D Shift",
    "day": "Thursday",
    "holidays": "-",
    "shift_type": "Night",
    "type_shift": "SHIFT",
    "on_shift": true,
    "mins": 720,
    "callback_eligible": true,
    "cover_allowed": true,
    "notes": ""
  },
  {
    "ID": "fda58dc7-5877-4120-b572-27b03c9e8584",
    "date": "2025-10-03",
    "shift": "D Shift",
    "day": "Friday",
    "holidays": "-",
    "shift_type": "Night",
    "type_shift": "SHIFT",
    "on_shift": true,
    "mins": 720,
    "callback_eligible": true,
    "cover_allowed": true,
    "notes": ""
  },
  {
    "ID": "d4d92748-feff-4209-a395-c0e4127b49e0",
    "date": "2025-10-06",
    "shift": "C Shift",
    "shift_type": "Day",
    "type_shift": "SHIFT",
    "mins": 1098,
    "callback_eligible": false,
    "cover_allowed": false,
    "on_shift": true,
    "notes": "Cover for bob"
  },
  {
    "ID": "79558a8e-63fc-455d-add5-1358ab8b4d0f",
    "date": "2025-10-08",
    "shift": "D Shift",
    "day": "Wednesday",
    "holidays": "-",
    "shift_type": "Day",
    "type_shift": "SHIFT",
    "on_shift": true,
    "mins": 738,
    "callback_eligible": true,
    "cover_allowed": true,
    "notes": ""
  },
  {
    "ID": "210e4a10-ba9c-4da5-ad52-c0da85523547",
    "date": "2025-10-09",
    "shift": "D Shift",
    "day": "Thursday",
    "holidays": "-",
    "shift_type": "Day",
    "type_shift": "SHIFT",
    "on_shift": true,
    "mins": 738,
    "callback_eligible": true,
    "cover_allowed": true,
    "notes": ""
  },
  {
    "ID": "df7fc9dc-2700-47c3-be71-4b89e212ce57",
    "date": "2025-10-10",
    "shift": "D Shift",
    "day": "Friday",
    "holidays": "-",
    "shift_type": "Night",
    "type_shift": "SHIFT",
    "on_shift": true,
    "mins": 738,
    "callback_eligible": true,
    "cover_allowed": true,
    "notes": ""
  },
  {
    "ID": "3a8ee4be-63c5-4d01-93eb-a7718e345554",
    "date": "2025-10-11",
    "shift": "D Shift",
    "day": "Saturday",
    "holidays": "-",
    "shift_type": "Night",
    "type_shift": "SHIFT",
    "on_shift": true,
    "mins": 720,
    "callback_eligible": true,
    "cover_allowed": true,
    "notes": ""
  },
  {
    "ID": "d80dc1d1-d460-471f-9c36-fd513ed1d2b2",
    "date": "2025-10-13",
    "shift": "B Shift",
    "shift_type": "Day",
    "type_shift": "SHIFT",
    "mins": 1098,
    "callback_eligible": false,
    "cover_allowed": false,
    "on_shift": true,
    "notes": "Cover for bob"
  },
  {
    "ID": "b23115a7-33f3-48d4-ae28-eaf7feeecfde",
    "date": "2025-10-16",
    "shift": "D Shift",
    "day": "Thursday",
    "holidays": "-",
    "shift_type": "Day",
    "type_shift": "SHIFT",
    "on_shift": true,
    "mins": 738,
    "callback_eligible": true,
    "cover_allowed": true,
    "notes": ""
  },
  {
    "ID": "ec510ddb-4e4a-4935-9568-506c520e274e",
    "date": "2025-10-17",
    "shift": "D Shift",
    "day": "Friday",
    "holidays": "-",
    "shift_type": "Day",
    "type_shift": "SHIFT",
    "on_shift": true,
    "mins": 738,
    "callback_eligible": true,
    "cover_allowed": true,
    "notes": ""
  },
  {
    "ID": "e5776896-52ec-4b0a-a273-25c257eee393",
    "date": "2025-10-18",
    "shift": "D Shift",
    "day": "Saturday",
    "holidays": "-",
    "shift_type": "Night",
    "type_shift": "SHIFT",
    "on_shift": true,
    "mins": 738,
    "callback_eligible": true,
    "cover_allowed": true,
    "notes": ""
  },
  {
    "ID": "8a29aae7-ddba-46ed-b3db-d535859df2ba",
    "date": "2025-10-19",
    "shift": "D Shift",
    "day": "Sunday",
    "holidays": "-",
    "shift_type": "Night",
    "type_shift": "SHIFT",
    "on_shift": true,
    "mins": 738,
    "callback_eligible": true,
    "cover_allowed": true,
    "notes": ""
  },
  {
    "ID": "dac1f97c-51c3-4555-9aed-c7e879066523",
    "date": "2025-10-24",
    "shift": "D Shift",
    "day": "Friday",
    "holidays": "-",
    "shift_type": "Day",
    "type_shift": "SHIFT",
    "on_shift": true,
    "mins": 738,
    "callback_eligible": true,
    "cover_allowed": true,
    "notes": ""
  },
  {
    "ID": "7156d213-cb49-4122-a313-1c8c303282f6",
    "date": "2025-10-25",
    "shift": "D Shift",
    "day": "Saturday",
    "holidays": "-",
    "shift_type": "Day",
    "type_shift": "SHIFT",
    "on_shift": true,
    "mins": 738,
    "callback_eligible": true,
    "cover_allowed": true,
    "notes": ""
  },
  {
    "ID": "6c8c5cc2-5b7f-4127-b0cc-182b5e53f57b",
    "date": "2025-10-26",
    "shift": "D Shift",
    "day": "Sunday",
    "holidays": "-",
    "shift_type": "Night",
    "type_shift": "SHIFT",
    "on_shift": true,
    "mins": 738,
    "callback_eligible": true,
    "cover_allowed": true,
    "notes": ""
  },
  {
    "ID": "ebfc65e6-2303-4838-9dbc-8d1c4ae0c68c",
    "date": "2025-10-27",
    "shift": "D Shift",
    "day": "Monday",
    "holidays": "Labour Day",
    "shift_type": "Night",
    "type_shift": "SHIFT",
    "on_shift": true,
    "mins": 1458,
    "callback_eligible": true,
    "cover_allowed": true,
    "notes": ""
  },
  {
    "ID": "2343b35b-c7f0-459f-9100-13263cf4078f",
    "date": "2025-11-01",
    "shift": "D Shift",
    "day": "Saturday",
    "holidays": "-",
    "shift_type": "Day",
    "type_shift": "SHIFT",
    "on_shift": true,
    "mins": 738,
    "callback_eligible": true,
    "cover_allowed": true,
    "notes": ""
  },
  {
    "ID": "c149de2e-26fe-4f1a-83af-067167681808",
    "date": "2025-11-02",
    "shift": "D Shift",
    "day": "Sunday",
    "holidays": "-",
    "shift_type": "Day",
    "type_shift": "SHIFT",
    "on_shift": true,
    "mins": 738,
    "callback_eligible": true,
    "cover_allowed": true,
    "notes": ""
  },
  {
    "ID": "e376fe7b-5ef7-4da0-9cc8-5647ac9ff281",
    "date": "2025-11-03",
    "shift": "D Shift",
    "day": "Monday",
    "holidays": "-",
    "shift_type": "Night",
    "type_shift": "SHIFT",
    "on_shift": true,
    "mins": 738,
    "callback_eligible": true,
    "cover_allowed": true,
    "notes": ""
  },
  {
    "ID": "d3f8d188-1594-4d06-8bd3-f803256c4664",
    "date": "2025-11-04",
    "shift": "D Shift",
    "day": "Tuesday",
    "holidays": "-",
    "shift_type": "Night",
    "type_shift": "SHIFT",
    "on_shift": true,
    "mins": 738,
    "callback_eligible": true,
    "cover_allowed": true,
    "notes": ""
  },
  {
    "ID": "47444eb4-6475-479d-8876-7bdcdd6a2815",
    "date": "2025-11-09",
    "shift": "D Shift",
    "day": "Sunday",
    "holidays": "-",
    "shift_type": "Day",
    "type_shift": "SHIFT",
    "on_shift": true,
    "mins": 720,
    "callback_eligible": true,
    "cover_allowed": true,
    "notes": ""
  },
  {
    "ID": "c4b403eb-3a8c-4c73-a542-dc65b4c97886",
    "date": "2025-11-10",
    "shift": "D Shift",
    "day": "Monday",
    "holidays": "-",
    "shift_type": "Day",
    "type_shift": "SHIFT",
    "on_shift": true,
    "mins": 720,
    "callback_eligible": true,
    "cover_allowed": true,
    "notes": ""
  },
  {
    "ID": "94320615-65c7-4ff3-9ce3-bcdca0b235fe",
    "date": "2025-11-11",
    "shift": "D Shift",
    "day": "Tuesday",
    "holidays": "-",
    "shift_type": "Night",
    "type_shift": "SHIFT",
    "on_shift": true,
    "mins": 720,
    "callback_eligible": true,
    "cover_allowed": true,
    "notes": ""
  },
  {
    "ID": "a91599b5-dfb2-49d1-ac20-2ff0b2200720",
    "date": "2025-11-12",
    "shift": "D Shift",
    "day": "Wednesday",
    "holidays": "-",
    "shift_type": "Night",
    "type_shift": "SHIFT",
    "on_shift": true,
    "mins": 720,
    "callback_eligible": true,
    "cover_allowed": true,
    "notes": ""
  },
  {
    "ID": "02a0b5c6-5630-4089-849c-d4e1ebd35354",
    "date": "2025-11-17",
    "shift": "D Shift",
    "day": "Monday",
    "holidays": "-",
    "shift_type": "Day",
    "type_shift": "SHIFT",
    "on_shift": true,
    "mins": 720,
    "callback_eligible": true,
    "cover_allowed": true,
    "notes": ""
  },
  {
    "ID": "2c88ac97-09d9-443e-8021-f3bab7bea0ce",
    "date": "2025-11-18",
    "shift": "D Shift",
    "day": "Tuesday",
    "holidays": "-",
    "shift_type": "Day",
    "type_shift": "SHIFT",
    "on_shift": true,
    "mins": 720,
    "callback_eligible": true,
    "cover_allowed": true,
    "notes": ""
  },
  {
    "ID": "3752b6b1-2c09-4cef-8392-8a4ce62211d8",
    "date": "2025-11-19",
    "shift": "D Shift",
    "day": "Wednesday",
    "holidays": "-",
    "shift_type": "Night",
    "type_shift": "SHIFT",
    "on_shift": true,
    "mins": 720,
    "callback_eligible": true,
    "cover_allowed": true,
    "notes": ""
  },
  {
    "ID": "707604bf-30dc-4b45-b2b1-7269abb8a171",
    "date": "2025-11-20",
    "shift": "D Shift",
    "day": "Thursday",
    "holidays": "-",
    "shift_type": "Night",
    "type_shift": "SHIFT",
    "on_shift": true,
    "mins": 720,
    "callback_eligible": true,
    "cover_allowed": true,
    "notes": ""
  },
  {
    "ID": "424e518f-06c5-4153-a838-02c7cfa4327a",
    "date": "2025-11-25",
    "shift": "D Shift",
    "day": "Tuesday",
    "holidays": "-",
    "shift_type": "Day",
    "type_shift": "SHIFT",
    "mins": 720,
    "callback_eligible": true,
    "cover_allowed": false,
    "on_shift": false,
    "notes": ""
  },
  {
    "ID": "ec2be994-7866-4f8f-8f31-f4f4c7c3e2dc",
    "date": "2025-11-26",
    "shift": "D Shift",
    "day": "Wednesday",
    "holidays": "-",
    "shift_type": "Day",
    "type_shift": "SHIFT",
    "on_shift": true,
    "mins": 720,
    "callback_eligible": true,
    "cover_allowed": true,
    "notes": ""
  },
  {
    "ID": "b80fced0-7c7f-413b-85a7-b0d6bac55bec",
    "date": "2025-11-27",
    "shift": "D Shift",
    "day": "Thursday",
    "holidays": "-",
    "shift_type": "Night",
    "type_shift": "SHIFT",
    "on_shift": true,
    "mins": 720,
    "callback_eligible": true,
    "cover_allowed": true,
    "notes": ""
  },
  {
    "ID": "8d7a5d91-332a-4935-9866-8e1ffe6be528",
    "date": "2025-11-28",
    "shift": "D Shift",
    "day": "Friday",
    "holidays": "-",
    "shift_type": "Night",
    "type_shift": "SHIFT",
    "on_shift": true,
    "mins": 720,
    "callback_eligible": true,
    "cover_allowed": true,
    "notes": ""
  },
  {
    "ID": "2dcda2af-3c0f-45b9-a00c-304ae90cd323",
    "date": "2025-12-03",
    "shift": "D Shift",
    "day": "Wednesday",
    "holidays": "-",
    "shift_type": "Day",
    "type_shift": "SHIFT",
    "on_shift": true,
    "mins": 720,
    "callback_eligible": true,
    "cover_allowed": true,
    "notes": ""
  },
  {
    "ID": "b68b6c9f-5562-44ea-96c7-920ffdbcb411",
    "date": "2025-12-04",
    "shift": "D Shift",
    "day": "Thursday",
    "holidays": "-",
    "shift_type": "Day",
    "type_shift": "SHIFT",
    "on_shift": true,
    "mins": 720,
    "callback_eligible": true,
    "cover_allowed": true,
    "notes": ""
  },
  {
    "ID": "dd400ffb-1c48-41e7-9d68-2f40b06dce87",
    "date": "2025-12-05",
    "shift": "D Shift",
    "day": "Friday",
    "holidays": "-",
    "shift_type": "Night",
    "type_shift": "SHIFT",
    "on_shift": true,
    "mins": 720,
    "callback_eligible": true,
    "cover_allowed": true,
    "notes": ""
  },
  {
    "ID": "1262540d-fda7-4417-a45f-12388f23052d",
    "date": "2025-12-06",
    "shift": "D Shift",
    "day": "Saturday",
    "holidays": "-",
    "shift_type": "Night",
    "type_shift": "SHIFT",
    "on_shift": true,
    "mins": 720,
    "callback_eligible": true,
    "cover_allowed": true,
    "notes": ""
  },
  {
    "ID": "b177d4ae-0d31-403a-b87f-937e138f6f0e",
    "date": "2025-12-11",
    "shift": "D Shift",
    "day": "Thursday",
    "holidays": "-",
    "shift_type": "Day",
    "type_shift": "SHIFT",
    "on_shift": true,
    "mins": 720,
    "callback_eligible": true,
    "cover_allowed": true,
    "notes": ""
  },
  {
    "ID": "10eabf9e-5fd6-45c1-95d3-dfdf0e2dd389",
    "date": "2025-12-12",
    "shift": "D Shift",
    "day": "Friday",
    "holidays": "-",
    "shift_type": "Day",
    "type_shift": "SHIFT",
    "on_shift": true,
    "mins": 720,
    "callback_eligible": true,
    "cover_allowed": true,
    "notes": ""
  },
  {
    "ID": "18a0875f-989d-4881-831f-37efda0d89e5",
    "date": "2025-12-13",
    "shift": "D Shift",
    "day": "Saturday",
    "holidays": "-",
    "shift_type": "Night",
    "type_shift": "SHIFT",
    "on_shift": true,
    "mins": 720,
    "callback_eligible": true,
    "cover_allowed": true,
    "notes": ""
  },
  {
    "ID": "4b453e81-dcaf-40a9-a58c-aafe7694b96d",
    "date": "2025-12-14",
    "shift": "D Shift",
    "day": "Sunday",
    "holidays": "-",
    "shift_type": "Night",
    "type_shift": "SHIFT",
    "on_shift": true,
    "mins": 720,
    "callback_eligible": true,
    "cover_allowed": true,
    "notes": ""
  },
  {
    "ID": "e73bb660-fca3-422d-af39-60032ec3ec14",
    "date": "2025-12-19",
    "shift": "D Shift",
    "day": "Friday",
    "holidays": "-",
    "shift_type": "Day",
    "type_shift": "SHIFT",
    "on_shift": true,
    "mins": 720,
    "callback_eligible": true,
    "cover_allowed": true,
    "notes": ""
  },
  {
    "ID": "b910135d-0744-4db5-b435-5c64a55aa422",
    "date": "2025-12-20",
    "shift": "D Shift",
    "day": "Saturday",
    "holidays": "-",
    "shift_type": "Day",
    "type_shift": "SHIFT",
    "on_shift": true,
    "mins": 720,
    "callback_eligible": true,
    "cover_allowed": true,
    "notes": ""
  },
  {
    "ID": "de76972d-e83f-4318-9bc7-ab30e3205ebe",
    "date": "2025-12-21",
    "shift": "D Shift",
    "day": "Sunday",
    "holidays": "-",
    "shift_type": "Night",
    "type_shift": "SHIFT",
    "on_shift": true,
    "mins": 720,
    "callback_eligible": true,
    "cover_allowed": true,
    "notes": ""
  },
  {
    "ID": "4de1a2a8-74ec-457b-862e-3dce8eae0f6c",
    "date": "2025-12-22",
    "shift": "D Shift",
    "day": "Monday",
    "holidays": "-",
    "shift_type": "Night",
    "type_shift": "SHIFT",
    "on_shift": true,
    "mins": 720,
    "callback_eligible": true,
    "cover_allowed": true,
    "notes": ""
  },
  {
    "ID": "49b56045-48e3-4982-a092-808a6ac93e29",
    "date": "2025-12-27",
    "shift": "D Shift",
    "day": "Saturday",
    "holidays": "-",
    "shift_type": "Day",
    "type_shift": "SHIFT",
    "on_shift": true,
    "mins": 720,
    "callback_eligible": true,
    "cover_allowed": true,
    "notes": ""
  },
  {
    "ID": "bc2216fe-b924-41e4-a040-27d30369680d",
    "date": "2025-12-28",
    "shift": "D Shift",
    "day": "Sunday",
    "holidays": "-",
    "shift_type": "Day",
    "type_shift": "SHIFT",
    "on_shift": true,
    "mins": 720,
    "callback_eligible": true,
    "cover_allowed": true,
    "notes": ""
  },
  {
    "ID": "95045fe7-1712-47b1-97bd-12b1f687ae2a",
    "date": "2025-12-29",
    "shift": "D Shift",
    "day": "Monday",
    "holidays": "-",
    "shift_type": "Night",
    "type_shift": "SHIFT",
    "on_shift": true,
    "mins": 720,
    "callback_eligible": true,
    "cover_allowed": true,
    "notes": ""
  },
  {
    "ID": "79c4c2eb-073e-4188-8a6b-968cd519cac0",
    "date": "2025-12-30",
    "shift": "D Shift",
    "day": "Tuesday",
    "holidays": "-",
    "shift_type": "Night",
    "type_shift": "SHIFT",
    "on_shift": true,
    "mins": 720,
    "callback_eligible": true,
    "cover_allowed": true,
    "notes": ""
  },
  {
    "ID": "9d307b5b-0348-48f6-8f2d-198c2315f72d",
    "date": "2026-01-04",
    "shift": "D Shift",
    "day": "Sunday",
    "holidays": "-",
    "shift_type": "Day",
    "type_shift": "SHIFT",
    "on_shift": true,
    "mins": 720,
    "callback_eligible": true,
    "cover_allowed": true,
    "notes": ""
  },
  {
    "ID": "20e7582d-85e2-48fa-a004-8216db80338d",
    "date": "2026-01-05",
    "shift": "D Shift",
    "day": "Monday",
    "holidays": "-",
    "shift_type": "Day",
    "type_shift": "SHIFT",
    "on_shift": true,
    "mins": 720,
    "callback_eligible": true,
    "cover_allowed": true,
    "notes": ""
  },
  {
    "ID": "e71e4a3c-da53-4035-8d31-d6089d49e834",
    "date": "2026-01-06",
    "shift": "D Shift",
    "day": "Tuesday",
    "holidays": "-",
    "shift_type": "Night",
    "type_shift": "SHIFT",
    "on_shift": true,
    "mins": 720,
    "callback_eligible": true,
    "cover_allowed": true,
    "notes": ""
  },
  {
    "ID": "578df316-05fc-46b7-9092-01dc8812d46c",
    "date": "2026-01-07",
    "shift": "D Shift",
    "day": "Wednesday",
    "holidays": "-",
    "shift_type": "Night",
    "type_shift": "SHIFT",
    "on_shift": true,
    "mins": 720,
    "callback_eligible": true,
    "cover_allowed": true,
    "notes": ""
  },
  {
    "ID": "fd1b564b-132c-4162-b6ea-de9714b64c8b",
    "date": "2026-01-12",
    "shift": "D Shift",
    "day": "Monday",
    "holidays": "-",
    "shift_type": "Day",
    "type_shift": "SHIFT",
    "on_shift": true,
    "mins": 720,
    "callback_eligible": true,
    "cover_allowed": true,
    "notes": ""
  },
  {
    "ID": "950657a0-a583-441c-9666-ea76cb3d2274",
    "date": "2026-01-13",
    "shift": "D Shift",
    "day": "Tuesday",
    "holidays": "-",
    "shift_type": "Day",
    "type_shift": "SHIFT",
    "on_shift": true,
    "mins": 720,
    "callback_eligible": true,
    "cover_allowed": true,
    "notes": ""
  },
  {
    "ID": "21b80ed3-cdad-4418-b1a2-0e4f49bf4b7a",
    "date": "2026-01-14",
    "shift": "D Shift",
    "day": "Wednesday",
    "holidays": "-",
    "shift_type": "Night",
    "type_shift": "SHIFT",
    "on_shift": true,
    "mins": 720,
    "callback_eligible": true,
    "cover_allowed": true,
    "notes": ""
  },
  {
    "ID": "c1160afb-2b80-4b83-ba2d-9d24e99dacb4",
    "date": "2026-01-15",
    "shift": "D Shift",
    "day": "Thursday",
    "holidays": "-",
    "shift_type": "Night",
    "type_shift": "SHIFT",
    "on_shift": true,
    "mins": 720,
    "callback_eligible": true,
    "cover_allowed": true,
    "notes": ""
  },
  {
    "ID": "17ac03fd-67c8-47c1-b3ca-7c1094a48e57",
    "date": "2026-01-20",
    "shift": "D Shift",
    "day": "Tuesday",
    "holidays": "-",
    "shift_type": "Day",
    "type_shift": "SHIFT",
    "on_shift": true,
    "mins": 720,
    "callback_eligible": true,
    "cover_allowed": true,
    "notes": ""
  },
  {
    "ID": "9f20778d-faa7-43dc-a680-c0eded1f6a54",
    "date": "2026-01-21",
    "shift": "D Shift",
    "day": "Wednesday",
    "holidays": "-",
    "shift_type": "Day",
    "type_shift": "SHIFT",
    "on_shift": true,
    "mins": 720,
    "callback_eligible": true,
    "cover_allowed": true,
    "notes": ""
  },
  {
    "ID": "c3cba719-dcab-4801-80df-74f4b90b322e",
    "date": "2026-01-22",
    "shift": "D Shift",
    "day": "Thursday",
    "holidays": "-",
    "shift_type": "Night",
    "type_shift": "SHIFT",
    "on_shift": true,
    "mins": 720,
    "callback_eligible": true,
    "cover_allowed": true,
    "notes": ""
  },
  {
    "ID": "c6c346da-0f40-4417-96dd-77f526b57a55",
    "date": "2026-01-23",
    "shift": "D Shift",
    "day": "Friday",
    "holidays": "-",
    "shift_type": "Night",
    "type_shift": "SHIFT",
    "on_shift": true,
    "mins": 720,
    "callback_eligible": true,
    "cover_allowed": true,
    "notes": ""
  },
  {
    "ID": "747799f7-bfce-4f7a-b7b1-24e29e4f5977",
    "date": "2026-01-28",
    "shift": "D Shift",
    "day": "Wednesday",
    "holidays": "-",
    "shift_type": "Day",
    "type_shift": "SHIFT",
    "on_shift": true,
    "mins": 720,
    "callback_eligible": true,
    "cover_allowed": true,
    "notes": ""
  },
  {
    "ID": "7fe68411-1673-4916-abe3-8a5cc72d1dae",
    "date": "2026-01-29",
    "shift": "D Shift",
    "day": "Thursday",
    "holidays": "-",
    "shift_type": "Day",
    "type_shift": "SHIFT",
    "on_shift": true,
    "mins": 720,
    "callback_eligible": true,
    "cover_allowed": true,
    "notes": ""
  },
  {
    "ID": "175bc46e-dd96-4210-95d3-444b793dad0f",
    "date": "2026-01-30",
    "shift": "D Shift",
    "day": "Friday",
    "holidays": "-",
    "shift_type": "Night",
    "type_shift": "SHIFT",
    "on_shift": true,
    "mins": 720,
    "callback_eligible": true,
    "cover_allowed": true,
    "notes": ""
  },
  {
    "ID": "ac4508c5-cd90-43fe-a602-6d24c397b0be",
    "date": "2026-01-31",
    "shift": "D Shift",
    "day": "Saturday",
    "holidays": "-",
    "shift_type": "Night",
    "type_shift": "SHIFT",
    "on_shift": true,
    "mins": 720,
    "callback_eligible": true,
    "cover_allowed": true,
    "notes": ""
  },
  {
    "ID": "e884c2b3-2b64-4083-8daf-fb3c733fad30",
    "date": "2026-02-05",
    "shift": "D Shift",
    "day": "Thursday",
    "holidays": "-",
    "shift_type": "Day",
    "type_shift": "SHIFT",
    "on_shift": true,
    "mins": 720,
    "callback_eligible": true,
    "cover_allowed": true,
    "notes": ""
  },
  {
    "ID": "12daef5a-53d0-42b6-a2b0-229e2d4624bf",
    "date": "2026-02-06",
    "shift": "D Shift",
    "day": "Friday",
    "holidays": "Waitangi Day",
    "shift_type": "Day",
    "type_shift": "SHIFT",
    "on_shift": true,
    "mins": 720,
    "callback_eligible": true,
    "cover_allowed": true,
    "notes": ""
  },
  {
    "ID": "f7f88446-4f60-4cc6-99ae-20f8be0ecb6a",
    "date": "2026-02-07",
    "shift": "D Shift",
    "day": "Saturday",
    "holidays": "-",
    "shift_type": "Night",
    "type_shift": "SHIFT",
    "on_shift": true,
    "mins": 720,
    "callback_eligible": true,
    "cover_allowed": true,
    "notes": ""
  },
  {
    "ID": "f80e4aee-4309-4580-bf67-4779b706d5df",
    "date": "2026-02-08",
    "shift": "D Shift",
    "day": "Sunday",
    "holidays": "-",
    "shift_type": "Night",
    "type_shift": "SHIFT",
    "on_shift": true,
    "mins": 720,
    "callback_eligible": true,
    "cover_allowed": true,
    "notes": ""
  },
  {
    "ID": "e5ef47b0-9301-4ef3-9d91-74b04799dc0a",
    "date": "2026-02-13",
    "shift": "D Shift",
    "day": "Friday",
    "holidays": "-",
    "shift_type": "Day",
    "type_shift": "SHIFT",
    "on_shift": true,
    "mins": 720,
    "callback_eligible": true,
    "cover_allowed": true,
    "notes": ""
  },
  {
    "ID": "26e018ce-4c72-4655-84dc-af77a5a837f2",
    "date": "2026-02-14",
    "shift": "D Shift",
    "day": "Saturday",
    "holidays": "-",
    "shift_type": "Day",
    "type_shift": "SHIFT",
    "on_shift": true,
    "mins": 720,
    "callback_eligible": true,
    "cover_allowed": true,
    "notes": ""
  },
  {
    "ID": "6091de1d-d716-4cfb-a246-645112bcba2c",
    "date": "2026-02-15",
    "shift": "D Shift",
    "day": "Sunday",
    "holidays": "-",
    "shift_type": "Night",
    "type_shift": "SHIFT",
    "on_shift": true,
    "mins": 720,
    "callback_eligible": true,
    "cover_allowed": true,
    "notes": ""
  },
  {
    "ID": "eb582f0e-9bde-49a3-a6b5-10c980ea3fbd",
    "date": "2026-02-16",
    "shift": "D Shift",
    "day": "Monday",
    "holidays": "-",
    "shift_type": "Night",
    "type_shift": "SHIFT",
    "on_shift": true,
    "mins": 720,
    "callback_eligible": true,
    "cover_allowed": true,
    "notes": ""
  },
  {
    "ID": "5c598099-c600-46fd-998d-b7ff1d467b39",
    "date": "2026-02-21",
    "shift": "D Shift",
    "day": "Saturday",
    "holidays": "-",
    "shift_type": "Day",
    "type_shift": "SHIFT",
    "on_shift": true,
    "mins": 720,
    "callback_eligible": true,
    "cover_allowed": true,
    "notes": ""
  },
  {
    "ID": "d3af1888-effc-4fd2-bcb0-db356b7a355d",
    "date": "2026-02-22",
    "shift": "D Shift",
    "day": "Sunday",
    "holidays": "-",
    "shift_type": "Day",
    "type_shift": "SHIFT",
    "on_shift": true,
    "mins": 720,
    "callback_eligible": true,
    "cover_allowed": true,
    "notes": ""
  },
  {
    "ID": "8f2b5dc4-a545-4197-abec-3eb9aab6b07e",
    "date": "2026-02-23",
    "shift": "D Shift",
    "day": "Monday",
    "holidays": "-",
    "shift_type": "Night",
    "type_shift": "SHIFT",
    "on_shift": true,
    "mins": 720,
    "callback_eligible": true,
    "cover_allowed": true,
    "notes": ""
  },
  {
    "ID": "75f92cdd-e748-43f5-b428-ee577febb693",
    "date": "2026-02-24",
    "shift": "D Shift",
    "day": "Tuesday",
    "holidays": "-",
    "shift_type": "Night",
    "type_shift": "SHIFT",
    "on_shift": true,
    "mins": 720,
    "callback_eligible": true,
    "cover_allowed": true,
    "notes": ""
  },
  {
    "ID": "fa60b06b-0f7f-4e4b-95e1-2fe23d41c4e0",
    "date": "2026-03-01",
    "shift": "D Shift",
    "day": "Sunday",
    "holidays": "-",
    "shift_type": "Day",
    "type_shift": "SHIFT",
    "on_shift": true,
    "mins": 720,
    "callback_eligible": true,
    "cover_allowed": true,
    "notes": ""
  },
  {
    "ID": "053db43a-225e-41e2-b9f0-e0f1724ef7a7",
    "date": "2026-03-02",
    "shift": "D Shift",
    "day": "Monday",
    "holidays": "-",
    "shift_type": "Day",
    "type_shift": "SHIFT",
    "on_shift": true,
    "mins": 720,
    "callback_eligible": true,
    "cover_allowed": true,
    "notes": ""
  },
  {
    "ID": "e60af4de-b04c-4cad-962e-db81c5f5209d",
    "date": "2026-03-03",
    "shift": "D Shift",
    "day": "Tuesday",
    "holidays": "-",
    "shift_type": "Night",
    "type_shift": "SHIFT",
    "on_shift": true,
    "mins": 720,
    "callback_eligible": true,
    "cover_allowed": true,
    "notes": ""
  },
  {
    "ID": "ea18f523-79f1-4673-a104-a707a9df91d3",
    "date": "2026-03-04",
    "shift": "D Shift",
    "day": "Wednesday",
    "holidays": "-",
    "shift_type": "Night",
    "type_shift": "SHIFT",
    "on_shift": true,
    "mins": 720,
    "callback_eligible": true,
    "cover_allowed": true,
    "notes": ""
  },
  {
    "ID": "dbedc138-9116-42ff-9772-cc83b2dcff30",
    "date": "2026-03-09",
    "shift": "D Shift",
    "day": "Monday",
    "holidays": "Taranaki Anniversary Day",
    "shift_type": "Day",
    "type_shift": "SHIFT",
    "on_shift": true,
    "mins": 720,
    "callback_eligible": true,
    "cover_allowed": true,
    "notes": ""
  },
  {
    "ID": "a869837b-d31e-48ec-ba37-a6781f8c2d2a",
    "date": "2026-03-10",
    "shift": "D Shift",
    "day": "Tuesday",
    "holidays": "-",
    "shift_type": "Day",
    "type_shift": "SHIFT",
    "on_shift": true,
    "mins": 720,
    "callback_eligible": true,
    "cover_allowed": true,
    "notes": ""
  },
  {
    "ID": "53e61fbb-4ecf-4cc7-98fc-4b3f11a86a9a",
    "date": "2026-03-11",
    "shift": "D Shift",
    "day": "Wednesday",
    "holidays": "-",
    "shift_type": "Night",
    "type_shift": "SHIFT",
    "on_shift": true,
    "mins": 720,
    "callback_eligible": true,
    "cover_allowed": true,
    "notes": ""
  },
  {
    "ID": "a892dcdf-96eb-420a-925c-c10534cbca25",
    "date": "2026-03-12",
    "shift": "D Shift",
    "day": "Thursday",
    "holidays": "-",
    "shift_type": "Night",
    "type_shift": "SHIFT",
    "on_shift": true,
    "mins": 720,
    "callback_eligible": true,
    "cover_allowed": true,
    "notes": ""
  },
  {
    "ID": "0e80eec1-000c-44e0-9f58-2c1f3a71f2c0",
    "date": "2026-03-17",
    "shift": "D Shift",
    "day": "Tuesday",
    "holidays": "-",
    "shift_type": "Day",
    "type_shift": "SHIFT",
    "on_shift": true,
    "mins": 720,
    "callback_eligible": true,
    "cover_allowed": true,
    "notes": ""
  },
  {
    "ID": "a6c2f34f-2013-4850-8625-73b32045b23c",
    "date": "2026-03-18",
    "shift": "D Shift",
    "day": "Wednesday",
    "holidays": "-",
    "shift_type": "Day",
    "type_shift": "SHIFT",
    "on_shift": true,
    "mins": 720,
    "callback_eligible": true,
    "cover_allowed": true,
    "notes": ""
  },
  {
    "ID": "4809bfdf-1bdd-4b12-9dba-55e53bc4da5c",
    "date": "2026-03-19",
    "shift": "D Shift",
    "day": "Thursday",
    "holidays": "-",
    "shift_type": "Night",
    "type_shift": "SHIFT",
    "on_shift": true,
    "mins": 720,
    "callback_eligible": true,
    "cover_allowed": true,
    "notes": ""
  },
  {
    "ID": "cae52fe1-28b0-48f1-9b77-907150b742eb",
    "date": "2026-03-20",
    "shift": "D Shift",
    "day": "Friday",
    "holidays": "-",
    "shift_type": "Night",
    "type_shift": "SHIFT",
    "on_shift": true,
    "mins": 720,
    "callback_eligible": true,
    "cover_allowed": true,
    "notes": ""
  },
  {
    "ID": "139c64d9-dd8c-47f1-9740-47b275ef01ae",
    "date": "2026-03-25",
    "shift": "D Shift",
    "day": "Wednesday",
    "holidays": "-",
    "shift_type": "Day",
    "type_shift": "SHIFT",
    "on_shift": true,
    "mins": 720,
    "callback_eligible": true,
    "cover_allowed": true,
    "notes": ""
  },
  {
    "ID": "08cf188c-c309-4c4d-8677-be0cf29b4696",
    "date": "2026-03-26",
    "shift": "D Shift",
    "day": "Thursday",
    "holidays": "-",
    "shift_type": "Day",
    "type_shift": "SHIFT",
    "on_shift": true,
    "mins": 720,
    "callback_eligible": true,
    "cover_allowed": true,
    "notes": ""
  },
  {
    "ID": "1d73efa8-07a7-428b-8324-7395cd9a9eb3",
    "date": "2026-03-27",
    "shift": "D Shift",
    "day": "Friday",
    "holidays": "-",
    "shift_type": "Night",
    "type_shift": "SHIFT",
    "on_shift": true,
    "mins": 720,
    "callback_eligible": true,
    "cover_allowed": true,
    "notes": ""
  },
  {
    "ID": "e8f560d3-b6a2-4ad6-8f11-c808bab70d88",
    "date": "2026-03-28",
    "shift": "D Shift",
    "day": "Saturday",
    "holidays": "-",
    "shift_type": "Night",
    "type_shift": "SHIFT",
    "on_shift": true,
    "mins": 720,
    "callback_eligible": true,
    "cover_allowed": true,
    "notes": ""
  },
  {
    "ID": "51de4071-77fe-43da-aa7e-e8d293cb0bf1",
    "date": "2026-04-02",
    "shift": "D Shift",
    "day": "Thursday",
    "holidays": "-",
    "shift_type": "Day",
    "type_shift": "SHIFT",
    "on_shift": true,
    "mins": 720,
    "callback_eligible": true,
    "cover_allowed": true,
    "notes": ""
  },
  {
    "ID": "0fbcd92a-5898-483b-baad-1dc0c0e91d76",
    "date": "2026-04-03",
    "shift": "D Shift",
    "day": "Friday",
    "holidays": "Good Friday",
    "shift_type": "Day",
    "type_shift": "SHIFT",
    "on_shift": true,
    "mins": 720,
    "callback_eligible": true,
    "cover_allowed": true,
    "notes": ""
  },
  {
    "ID": "5b0c4f4c-00d6-41bf-a618-d2b0bf67ead1",
    "date": "2026-04-04",
    "shift": "D Shift",
    "day": "Saturday",
    "holidays": "-",
    "shift_type": "Night",
    "type_shift": "SHIFT",
    "on_shift": true,
    "mins": 720,
    "callback_eligible": true,
    "cover_allowed": true,
    "notes": ""
  },
  {
    "ID": "1653b3a3-16f4-4e6d-8c3d-b40afb7d8cc9",
    "date": "2026-04-05",
    "shift": "D Shift",
    "day": "Sunday",
    "holidays": "-",
    "shift_type": "Night",
    "type_shift": "SHIFT",
    "on_shift": true,
    "mins": 720,
    "callback_eligible": true,
    "cover_allowed": true,
    "notes": ""
  },
  {
    "ID": "e0c934cf-9fa4-4e3e-bcb8-d47a0bc0fad1",
    "date": "2026-04-10",
    "shift": "D Shift",
    "day": "Friday",
    "holidays": "-",
    "shift_type": "Day",
    "type_shift": "SHIFT",
    "on_shift": true,
    "mins": 720,
    "callback_eligible": true,
    "cover_allowed": true,
    "notes": ""
  },
  {
    "ID": "f22f6fa8-9c98-4d5b-87a1-28cf9a970843",
    "date": "2026-04-11",
    "shift": "D Shift",
    "day": "Saturday",
    "holidays": "-",
    "shift_type": "Day",
    "type_shift": "SHIFT",
    "on_shift": true,
    "mins": 720,
    "callback_eligible": true,
    "cover_allowed": true,
    "notes": ""
  },
  {
    "ID": "b4d22887-df7d-4f75-b4bf-b16c98c75721",
    "date": "2026-04-12",
    "shift": "D Shift",
    "day": "Sunday",
    "holidays": "-",
    "shift_type": "Night",
    "type_shift": "SHIFT",
    "on_shift": true,
    "mins": 720,
    "callback_eligible": true,
    "cover_allowed": true,
    "notes": ""
  },
  {
    "ID": "6e31f25c-414e-4951-8107-2936ea1eb358",
    "date": "2026-04-13",
    "shift": "D Shift",
    "day": "Monday",
    "holidays": "-",
    "shift_type": "Night",
    "type_shift": "SHIFT",
    "on_shift": true,
    "mins": 720,
    "callback_eligible": true,
    "cover_allowed": true,
    "notes": ""
  },
  {
    "ID": "7af9fdc4-5bc7-4f02-b961-e184e586e128",
    "date": "2026-04-18",
    "shift": "D Shift",
    "day": "Saturday",
    "holidays": "-",
    "shift_type": "Day",
    "type_shift": "SHIFT",
    "on_shift": true,
    "mins": 720,
    "callback_eligible": true,
    "cover_allowed": true,
    "notes": ""
  },
  {
    "ID": "612056c3-5d0e-469e-b759-5c4fb0ebc5b6",
    "date": "2026-04-19",
    "shift": "D Shift",
    "day": "Sunday",
    "holidays": "-",
    "shift_type": "Day",
    "type_shift": "SHIFT",
    "on_shift": true,
    "mins": 720,
    "callback_eligible": true,
    "cover_allowed": true,
    "notes": ""
  },
  {
    "ID": "e18a2171-280e-41d7-9003-3eb47f82e98c",
    "date": "2026-04-20",
    "shift": "D Shift",
    "day": "Monday",
    "holidays": "-",
    "shift_type": "Night",
    "type_shift": "SHIFT",
    "on_shift": true,
    "mins": 720,
    "callback_eligible": true,
    "cover_allowed": true,
    "notes": ""
  },
  {
    "ID": "339383dd-f80a-4be5-9f5c-4ebd2bd8613b",
    "date": "2026-04-21",
    "shift": "D Shift",
    "day": "Tuesday",
    "holidays": "-",
    "shift_type": "Night",
    "type_shift": "SHIFT",
    "on_shift": true,
    "mins": 720,
    "callback_eligible": true,
    "cover_allowed": true,
    "notes": ""
  },
  {
    "ID": "fc5c96c3-7bae-4d2d-9314-7b247d2642d6",
    "date": "2026-04-26",
    "shift": "D Shift",
    "day": "Sunday",
    "holidays": "-",
    "shift_type": "Day",
    "type_shift": "SHIFT",
    "on_shift": true,
    "mins": 720,
    "callback_eligible": true,
    "cover_allowed": true,
    "notes": ""
  },
  {
    "ID": "bb885125-5c38-4a4e-b3f5-cecc217c5785",
    "date": "2026-04-27",
    "shift": "D Shift",
    "day": "Monday",
    "holidays": "Anzac Day (observed)",
    "shift_type": "Day",
    "type_shift": "SHIFT",
    "on_shift": true,
    "mins": 720,
    "callback_eligible": true,
    "cover_allowed": true,
    "notes": ""
  },
  {
    "ID": "84cf3fdc-18f6-4ca6-a48b-c31850f291f2",
    "date": "2026-04-28",
    "shift": "D Shift",
    "day": "Tuesday",
    "holidays": "-",
    "shift_type": "Night",
    "type_shift": "SHIFT",
    "on_shift": true,
    "mins": 720,
    "callback_eligible": true,
    "cover_allowed": true,
    "notes": ""
  },
  {
    "ID": "16275658-7c5d-4e93-9531-92e84447170e",
    "date": "2026-04-29",
    "shift": "D Shift",
    "day": "Wednesday",
    "holidays": "-",
    "shift_type": "Night",
    "type_shift": "SHIFT",
    "on_shift": true,
    "mins": 720,
    "callback_eligible": true,
    "cover_allowed": true,
    "notes": ""
  },
  {
    "ID": "bf0946ff-796f-4f53-96e7-d0225bbcc6ca",
    "date": "2026-05-04",
    "shift": "D Shift",
    "day": "Monday",
    "holidays": "-",
    "shift_type": "Day",
    "type_shift": "SHIFT",
    "on_shift": true,
    "mins": 720,
    "callback_eligible": true,
    "cover_allowed": true,
    "notes": ""
  },
  {
    "ID": "37804ddc-74bc-4d1b-a622-5fa053dcdf2e",
    "date": "2026-05-05",
    "shift": "D Shift",
    "day": "Tuesday",
    "holidays": "-",
    "shift_type": "Day",
    "type_shift": "SHIFT",
    "on_shift": true,
    "mins": 720,
    "callback_eligible": true,
    "cover_allowed": true,
    "notes": ""
  },
  {
    "ID": "62d13fa9-482b-4dcc-a37b-34abdb714b5b",
    "date": "2026-05-06",
    "shift": "D Shift",
    "day": "Wednesday",
    "holidays": "-",
    "shift_type": "Night",
    "type_shift": "SHIFT",
    "on_shift": true,
    "mins": 720,
    "callback_eligible": true,
    "cover_allowed": true,
    "notes": ""
  },
  {
    "ID": "a3cb4f60-ef64-47ca-a36c-9d08fbd9ca9e",
    "date": "2026-05-07",
    "shift": "D Shift",
    "day": "Thursday",
    "holidays": "-",
    "shift_type": "Night",
    "type_shift": "SHIFT",
    "on_shift": true,
    "mins": 720,
    "callback_eligible": true,
    "cover_allowed": true,
    "notes": ""
  },
  {
    "ID": "1c6689bd-b79d-4264-8a94-da7f681a2c3c",
    "date": "2026-05-12",
    "shift": "D Shift",
    "day": "Tuesday",
    "holidays": "-",
    "shift_type": "Day",
    "type_shift": "SHIFT",
    "on_shift": true,
    "mins": 720,
    "callback_eligible": true,
    "cover_allowed": true,
    "notes": ""
  },
  {
    "ID": "fe87488b-1c3d-4c01-9797-79fefde20a38",
    "date": "2026-05-13",
    "shift": "D Shift",
    "day": "Wednesday",
    "holidays": "-",
    "shift_type": "Day",
    "type_shift": "SHIFT",
    "on_shift": true,
    "mins": 720,
    "callback_eligible": true,
    "cover_allowed": true,
    "notes": ""
  },
  {
    "ID": "8dcb5e8a-57ba-4834-91c8-c3b809971af6",
    "date": "2026-05-14",
    "shift": "D Shift",
    "day": "Thursday",
    "holidays": "-",
    "shift_type": "Night",
    "type_shift": "SHIFT",
    "on_shift": true,
    "mins": 720,
    "callback_eligible": true,
    "cover_allowed": true,
    "notes": ""
  },
  {
    "ID": "401e0424-1b30-41cd-9e2e-f5c0def046ab",
    "date": "2026-05-15",
    "shift": "D Shift",
    "day": "Friday",
    "holidays": "-",
    "shift_type": "Night",
    "type_shift": "SHIFT",
    "on_shift": true,
    "mins": 720,
    "callback_eligible": true,
    "cover_allowed": true,
    "notes": ""
  },
  {
    "ID": "91775dfd-a29d-4607-b4b8-029f2146612f",
    "date": "2026-05-20",
    "shift": "D Shift",
    "day": "Wednesday",
    "holidays": "-",
    "shift_type": "Day",
    "type_shift": "SHIFT",
    "on_shift": true,
    "mins": 720,
    "callback_eligible": true,
    "cover_allowed": true,
    "notes": ""
  },
  {
    "ID": "42fe28b5-524a-49ca-b756-0d7e19a0eaac",
    "date": "2026-05-21",
    "shift": "D Shift",
    "day": "Thursday",
    "holidays": "-",
    "shift_type": "Day",
    "type_shift": "SHIFT",
    "on_shift": true,
    "mins": 720,
    "callback_eligible": true,
    "cover_allowed": true,
    "notes": ""
  },
  {
    "ID": "d6891155-04e0-43f3-8e4c-ef0cd6d2287d",
    "date": "2026-05-22",
    "shift": "D Shift",
    "day": "Friday",
    "holidays": "-",
    "shift_type": "Night",
    "type_shift": "SHIFT",
    "on_shift": true,
    "mins": 720,
    "callback_eligible": true,
    "cover_allowed": true,
    "notes": ""
  },
  {
    "ID": "0926df03-d658-49e6-b7c0-74b21b88565f",
    "date": "2026-05-23",
    "shift": "D Shift",
    "day": "Saturday",
    "holidays": "-",
    "shift_type": "Night",
    "type_shift": "SHIFT",
    "on_shift": true,
    "mins": 720,
    "callback_eligible": true,
    "cover_allowed": true,
    "notes": ""
  },
  {
    "ID": "85582011-2a73-4439-8ccf-a90f215b7635",
    "date": "2026-05-28",
    "shift": "D Shift",
    "day": "Thursday",
    "holidays": "-",
    "shift_type": "Day",
    "type_shift": "SHIFT",
    "on_shift": true,
    "mins": 720,
    "callback_eligible": true,
    "cover_allowed": true,
    "notes": ""
  },
  {
    "ID": "37aaa39e-de4f-436b-8c46-22b83d1cfc13",
    "date": "2026-05-29",
    "shift": "D Shift",
    "day": "Friday",
    "holidays": "-",
    "shift_type": "Day",
    "type_shift": "SHIFT",
    "on_shift": true,
    "mins": 720,
    "callback_eligible": true,
    "cover_allowed": true,
    "notes": ""
  },
  {
    "ID": "14f54720-d99b-49ac-85f9-972122c2eb0f",
    "date": "2026-05-30",
    "shift": "D Shift",
    "day": "Saturday",
    "holidays": "-",
    "shift_type": "Night",
    "type_shift": "SHIFT",
    "on_shift": true,
    "mins": 720,
    "callback_eligible": true,
    "cover_allowed": true,
    "notes": ""
  },
  {
    "ID": "115e42a5-fd08-4961-802c-9a0547a97286",
    "date": "2026-05-31",
    "shift": "D Shift",
    "day": "Sunday",
    "holidays": "-",
    "shift_type": "Night",
    "type_shift": "SHIFT",
    "on_shift": true,
    "mins": 720,
    "callback_eligible": true,
    "cover_allowed": true,
    "notes": ""
  },
  {
    "ID": "4b947147-da50-4ceb-9d5f-c42d9da4da2c",
    "date": "2026-06-01",
    "shift": "D Shift",
    "day": "Monday",
    "holidays": "King's Birthday",
    "shift_type": "Day",
    "type_shift": "SHIFT",
    "on_shift": true,
    "mins": 600,
    "callback_eligible": true,
    "cover_allowed": true,
    "notes": ""
  },
  {
    "ID": "8ba8c41e-8aa6-44b1-848f-ad7c08be41d2",
    "date": "2026-06-02",
    "shift": "D Shift",
    "day": "Tuesday",
    "holidays": "-",
    "shift_type": "Day",
    "type_shift": "SHIFT",
    "on_shift": true,
    "mins": 600,
    "callback_eligible": true,
    "cover_allowed": true,
    "notes": ""
  },
  {
    "ID": "9e796af2-03b5-4c07-925e-091c0bfea791",
    "date": "2026-06-03",
    "shift": "D Shift",
    "day": "Wednesday",
    "holidays": "-",
    "shift_type": "Day",
    "type_shift": "SHIFT",
    "on_shift": true,
    "mins": 600,
    "callback_eligible": true,
    "cover_allowed": true,
    "notes": ""
  },
  {
    "ID": "e9c0f00e-c338-469f-b0f1-9765bc89c3d6",
    "date": "2026-06-04",
    "shift": "D Shift",
    "day": "Thursday",
    "holidays": "-",
    "shift_type": "Day",
    "type_shift": "SHIFT",
    "on_shift": true,
    "mins": 600,
    "callback_eligible": true,
    "cover_allowed": true,
    "notes": ""
  },
  {
    "ID": "d72852aa-c0ec-47da-b058-7e8cc1e144c2",
    "date": "2026-06-08",
    "shift": "D Shift",
    "day": "Monday",
    "holidays": "-",
    "shift_type": "Day",
    "type_shift": "SHIFT",
    "on_shift": true,
    "mins": 600,
    "callback_eligible": true,
    "cover_allowed": true,
    "notes": ""
  },
  {
    "ID": "da1af6fa-1db1-4508-a8c5-edc57b71b6b9",
    "date": "2026-06-09",
    "shift": "D Shift",
    "day": "Tuesday",
    "holidays": "-",
    "shift_type": "Day",
    "type_shift": "SHIFT",
    "on_shift": true,
    "mins": 600,
    "callback_eligible": true,
    "cover_allowed": true,
    "notes": ""
  },
  {
    "ID": "f2d13e28-843e-4336-bd10-ca328314b2ad",
    "date": "2026-06-10",
    "shift": "D Shift",
    "day": "Wednesday",
    "holidays": "-",
    "shift_type": "Day",
    "type_shift": "SHIFT",
    "on_shift": true,
    "mins": 600,
    "callback_eligible": true,
    "cover_allowed": true,
    "notes": ""
  },
  {
    "ID": "3ebe8a94-c696-4f76-8ce2-33eeb0acecef",
    "date": "2026-06-11",
    "shift": "D Shift",
    "day": "Thursday",
    "holidays": "-",
    "shift_type": "Day",
    "type_shift": "SHIFT",
    "on_shift": true,
    "mins": 600,
    "callback_eligible": true,
    "cover_allowed": true,
    "notes": ""
  },
  {
    "ID": "bcbba2ca-f1fb-40be-9b29-8df35a4fd0c3",
    "date": "2026-06-15",
    "shift": "D Shift",
    "day": "Monday",
    "holidays": "-",
    "shift_type": "Day",
    "type_shift": "SHIFT",
    "on_shift": true,
    "mins": 600,
    "callback_eligible": true,
    "cover_allowed": true,
    "notes": ""
  },
  {
    "ID": "406ac746-358c-4437-a67f-02bf670547c0",
    "date": "2026-06-16",
    "shift": "D Shift",
    "day": "Tuesday",
    "holidays": "-",
    "shift_type": "Day",
    "type_shift": "SHIFT",
    "on_shift": true,
    "mins": 600,
    "callback_eligible": true,
    "cover_allowed": true,
    "notes": ""
  },
  {
    "ID": "2b350082-cb53-479d-9f9f-9328f6806cc8",
    "date": "2026-06-17",
    "shift": "D Shift",
    "day": "Wednesday",
    "holidays": "-",
    "shift_type": "Day",
    "type_shift": "SHIFT",
    "on_shift": true,
    "mins": 600,
    "callback_eligible": true,
    "cover_allowed": true,
    "notes": ""
  },
  {
    "ID": "a0537f2d-9adf-4622-bc16-6998d5c2e835",
    "date": "2026-06-18",
    "shift": "D Shift",
    "day": "Thursday",
    "holidays": "-",
    "shift_type": "Day",
    "type_shift": "SHIFT",
    "on_shift": true,
    "mins": 600,
    "callback_eligible": true,
    "cover_allowed": true,
    "notes": ""
  },
  {
    "ID": "6a3cbdce-b9fd-41d9-9e9f-2fe76572f66c",
    "date": "2026-06-22",
    "shift": "D Shift",
    "day": "Monday",
    "holidays": "-",
    "shift_type": "Day",
    "type_shift": "SHIFT",
    "on_shift": true,
    "mins": 600,
    "callback_eligible": true,
    "cover_allowed": true,
    "notes": ""
  },
  {
    "ID": "c37171fc-59ec-4a36-833d-e38c38b5c98b",
    "date": "2026-06-23",
    "shift": "D Shift",
    "day": "Tuesday",
    "holidays": "-",
    "shift_type": "Day",
    "type_shift": "SHIFT",
    "on_shift": true,
    "mins": 600,
    "callback_eligible": true,
    "cover_allowed": true,
    "notes": ""
  },
  {
    "ID": "2d247823-8ce5-4d52-8e17-b3861d2927bb",
    "date": "2026-06-24",
    "shift": "D Shift",
    "day": "Wednesday",
    "holidays": "-",
    "shift_type": "Day",
    "type_shift": "SHIFT",
    "on_shift": true,
    "mins": 600,
    "callback_eligible": true,
    "cover_allowed": true,
    "notes": ""
  },
  {
    "ID": "8741589e-db0a-42ab-b916-e8d9df011be1",
    "date": "2026-06-25",
    "shift": "D Shift",
    "day": "Thursday",
    "holidays": "-",
    "shift_type": "Day",
    "type_shift": "SHIFT",
    "on_shift": true,
    "mins": 600,
    "callback_eligible": true,
    "cover_allowed": true,
    "notes": ""
  },
  {
    "ID": "26a5e8fa-cb45-455e-8864-e612d832475b",
    "date": "2026-06-29",
    "shift": "D Shift",
    "day": "Monday",
    "holidays": "-",
    "shift_type": "Day",
    "type_shift": "SHIFT",
    "on_shift": true,
    "mins": 600,
    "callback_eligible": true,
    "cover_allowed": true,
    "notes": ""
  },
  {
    "ID": "c920dac0-1166-4683-9de1-f06ba31fa22a",
    "date": "2026-06-30",
    "shift": "D Shift",
    "day": "Tuesday",
    "holidays": "-",
    "shift_type": "Day",
    "type_shift": "SHIFT",
    "on_shift": true,
    "mins": 600,
    "callback_eligible": true,
    "cover_allowed": true,
    "notes": ""
  },
  {
    "ID": "b01e3231-78a8-474a-8473-edffcea5f396",
    "date": "2026-07-01",
    "shift": "D Shift",
    "day": "Wednesday",
    "holidays": "-",
    "shift_type": "Day",
    "type_shift": "SHIFT",
    "on_shift": true,
    "mins": 600,
    "callback_eligible": true,
    "cover_allowed": true,
    "notes": ""
  },
  {
    "ID": "c6f746fa-9ef9-4d54-b578-4d06067add48",
    "date": "2026-07-02",
    "shift": "D Shift",
    "day": "Thursday",
    "holidays": "-",
    "shift_type": "Day",
    "type_shift": "SHIFT",
    "on_shift": true,
    "mins": 600,
    "callback_eligible": true,
    "cover_allowed": true,
    "notes": ""
  },
  {
    "ID": "5bebfc14-d2a6-4b1d-a226-b8e2c904d2ef",
    "date": "2026-07-06",
    "shift": "D Shift",
    "day": "Monday",
    "holidays": "-",
    "shift_type": "Day",
    "type_shift": "SHIFT",
    "on_shift": true,
    "mins": 600,
    "callback_eligible": true,
    "cover_allowed": true,
    "notes": ""
  },
  {
    "ID": "af9f80ee-8bd4-407c-828a-a707d6f10957",
    "date": "2026-07-07",
    "shift": "D Shift",
    "day": "Tuesday",
    "holidays": "-",
    "shift_type": "Day",
    "type_shift": "SHIFT",
    "on_shift": true,
    "mins": 600,
    "callback_eligible": true,
    "cover_allowed": true,
    "notes": ""
  },
  {
    "ID": "67f630fa-1736-4364-80f3-6e3fedb8b518",
    "date": "2026-07-08",
    "shift": "D Shift",
    "day": "Wednesday",
    "holidays": "-",
    "shift_type": "Day",
    "type_shift": "SHIFT",
    "on_shift": true,
    "mins": 600,
    "callback_eligible": true,
    "cover_allowed": true,
    "notes": ""
  },
  {
    "ID": "0c0248d9-13b7-49f4-87bc-66c5672cf15d",
    "date": "2026-07-09",
    "shift": "D Shift",
    "day": "Thursday",
    "holidays": "-",
    "shift_type": "Day",
    "type_shift": "SHIFT",
    "on_shift": true,
    "mins": 600,
    "callback_eligible": true,
    "cover_allowed": true,
    "notes": ""
  },
  {
    "ID": "b1b36369-b2b3-4093-a638-39c3872a5cd7",
    "date": "2026-07-10",
    "shift": "D Shift",
    "day": "Friday",
    "holidays": "Matariki",
    "shift_type": "Night",
    "type_shift": "SHIFT",
    "on_shift": true,
    "mins": 720,
    "callback_eligible": true,
    "cover_allowed": true,
    "notes": ""
  },
  {
    "ID": "36bd18d5-dc7e-4547-a285-ef52e6690b89",
    "date": "2026-07-15",
    "shift": "D Shift",
    "day": "Wednesday",
    "holidays": "-",
    "shift_type": "Day",
    "type_shift": "SHIFT",
    "on_shift": true,
    "mins": 720,
    "callback_eligible": true,
    "cover_allowed": true,
    "notes": ""
  },
  {
    "ID": "170afcba-91d0-4771-9819-dbf60bdae1de",
    "date": "2026-07-16",
    "shift": "D Shift",
    "day": "Thursday",
    "holidays": "-",
    "shift_type": "Day",
    "type_shift": "SHIFT",
    "on_shift": true,
    "mins": 720,
    "callback_eligible": true,
    "cover_allowed": true,
    "notes": ""
  },
  {
    "ID": "ec3848c2-3e93-4eb6-a9d7-7bb94292bd80",
    "date": "2026-07-17",
    "shift": "D Shift",
    "day": "Friday",
    "holidays": "-",
    "shift_type": "Night",
    "type_shift": "SHIFT",
    "on_shift": true,
    "mins": 720,
    "callback_eligible": true,
    "cover_allowed": true,
    "notes": ""
  },
  {
    "ID": "7a25d6d0-5814-4ab8-97b9-cdeccccfcebb",
    "date": "2026-07-18",
    "shift": "D Shift",
    "day": "Saturday",
    "holidays": "-",
    "shift_type": "Night",
    "type_shift": "SHIFT",
    "on_shift": true,
    "mins": 720,
    "callback_eligible": true,
    "cover_allowed": true,
    "notes": ""
  },
  {
    "ID": "52a94f1f-4bf1-4f18-97f0-b181830a0dea",
    "date": "2026-07-23",
    "shift": "D Shift",
    "day": "Thursday",
    "holidays": "-",
    "shift_type": "Day",
    "type_shift": "SHIFT",
    "on_shift": true,
    "mins": 720,
    "callback_eligible": true,
    "cover_allowed": true,
    "notes": ""
  },
  {
    "ID": "b997bc59-1e2c-4d7f-9767-b97f41b18984",
    "date": "2026-07-24",
    "shift": "D Shift",
    "day": "Friday",
    "holidays": "-",
    "shift_type": "Day",
    "type_shift": "SHIFT",
    "on_shift": true,
    "mins": 720,
    "callback_eligible": true,
    "cover_allowed": true,
    "notes": ""
  },
  {
    "ID": "ea530194-8053-44d6-a2f1-236b77f53472",
    "date": "2026-07-25",
    "shift": "D Shift",
    "day": "Saturday",
    "holidays": "-",
    "shift_type": "Night",
    "type_shift": "SHIFT",
    "on_shift": true,
    "mins": 720,
    "callback_eligible": true,
    "cover_allowed": true,
    "notes": ""
  }
]