[
  {
    "ID": "b47844fe-11eb-455a-ab80-598dab2beb7d",
    "date": "2025-07-20",
    "shift": "C Shift",
    "day": "Sunday",
    "holidays": "-",
    "shift_type": "Night",
    "type_shift": "SHIFT",
    "on_shift": true,
    "mins": 738,
    "callback_eligible": true,
    "cover_allowed": true,
    "notes": ""
  },
  {
    "ID": "02731e01-f569-43c4-838f-ac3dacf04da9",
    "date": "2025-07-21",
    "shift": "C Shift",
    "day": "Monday",
    "holidays": "-",
    "shift_type": "Night",
    "type_shift": "SHIFT",
    "on_shift": true,
    "mins": 738,
    "callback_eligible": true,
    "cover_allowed": true,
    "notes": ""
  },
  {
    "ID": "d026ceda-330c-4e0f-ac92-d0083e9a7ef6",
    "date": "2025-07-26",
    "shift": "C Shift",
    "day": "Saturday",
    "holidays": "-",
    "shift_type": "Day",
    "type_shift": "SHIFT",
    "on_shift": true,
    "mins": 738,
    "callback_eligible": true,
    "cover_allowed": true,
    "notes": ""
  },
  {
    "ID": "495b81fc-b25a-43e7-a0e2-0c97d0d799fa",
    "date": "2025-07-27",
    "shift": "C Shift",
    "day": "Sunday",
    "holidays": "-",
    "shift_type": "Day",
    "type_shift": "SHIFT",
    "on_shift": true,
    "mins": 738,
    "callback_eligible": true,
    "cover_allowed": true,
    "notes": ""
  },
  {
    "ID": "cfe5ea37-6a46-417f-8996-ddbeeb94f5c1",
    "date": "2025-07-28",
    "shift": "C Shift",
    "day": "Monday",
    "holidays": "-",
    "shift_type": "Night",
    "type_shift": "SHIFT",
    "on_shift": true,
    "mins": 738,
    "callback_eligible": true,
    "cover_allowed": true,
    "notes": ""
  },
  {
    "ID": "8033b459-8908-4103-9986-1e67f353db75",
    "date": "2025-07-29",
    "shift": "C Shift",
    "day": "Tuesday",
    "holidays": "-",
    "shift_type": "Night",
    "type_shift": "SHIFT",
    "on_shift": true,
    "mins": 738,
    "callback_eligible": true,
    "cover_allowed": true,
    "notes": ""
  },
  {
    "ID": "82836c8e-a261-4745-a5a1-62b331b67967",
    "date": "2025-08-03",
    "shift": "C Shift",
    "day": "Sunday",
    "holidays": "-",
    "shift_type": "Day",
    "type_shift": "SHIFT",
    "on_shift": true,
    "mins": 738,
    "callback_eligible": true,
    "cover_allowed": true,
    "notes": ""
  },
  {
    "ID": "927e64e9-a169-4578-90e0-5f15424fdd5d",
    "date": "2025-08-04",
    "shift": "C Shift",
    "day": "Monday",
    "holidays": "-",
    "shift_type": "Day",
    "type_shift": "SHIFT",
    "on_shift": true,
    "mins": 738,
    "callback_eligible": true,
    "cover_allowed": true,
    "notes": ""
  },
  {
    "ID": "9966271f-b5f3-4b36-895e-36d52be0ce9b",
    "date": "2025-08-05",
    "shift": "C Shift",
    "day": "Tuesday",
    "holidays": "-",
    "shift_type": "Night",
    "type_shift": "SHIFT",
    "on_shift": true,
    "mins": 738,
    "callback_eligible": true,
    "cover_allowed": true,
    "notes": ""
  },
  {
    "ID": "ca5bd3da-fae1-480b-a30d-6a83314a2e76",
    "date": "2025-08-06",
    "shift": "C Shift",
    "day": "Wednesday",
    "holidays": "-",
    "shift_type": "Night",
    "type_shift": "SHIFT",
    "on_shift": true,
    "mins": 738,
    "callback_eligible": true,
    "cover_allowed": true,
    "notes": ""
  },
  {
    "ID": "971ad5c3-8641-48c3-b3c7-b6fa1f30a5be",
    "date": "2025-08-11",
    "shift": "C Shift",
    "day": "Monday",
    "holidays": "-",
    "shift_type": "Day",
    "type_shift": "SHIFT",
    "on_shift": true,
    "mins": 738,
    "callback_eligible": true,
    "cover_allowed": true,
    "notes": ""
  },
  {
    "ID": "2899f627-9c75-4bfb-9aa5-dfd9780ed8ca",
    "date": "2025-08-12",
    "shift": "C Shift",
    "day": "Tuesday",
    "holidays": "-",
    "shift_type": "Day",
    "type_shift": "SHIFT",
    "on_shift": true,
    "mins": 738,
    "callback_eligible": true,
    "cover_allowed": true,
    "notes": ""
  },
  {
    "ID": "03dec6e4-1ad8-450c-9702-62ddcae234ef",
    "date": "2025-08-13",
    "shift": "C Shift",
    "day": "Wednesday",
    "holidays": "-",
    "shift_type": "Night",
    "type_shift": "SHIFT",
    "on_shift": true,
    "mins": 738,
    "callback_eligible": true,
    "cover_allowed": true,
    "notes": ""
  },
  {
    "ID": "36e8d315-fa25-4d35-94ae-5d27e0ce4285",
    "date": "2025-08-14",
    "shift": "C Shift",
    "day": "Thursday",
    "holidays": "-",
    "shift_type": "Night",
    "type_shift": "SHIFT",
    "on_shift": true,
    "mins": 720,
    "callback_eligible": true,
    "cover_allowed": true,
    "notes": ""
  },
  {
    "ID": "186669de-421e-4354-9577-40df9df4f531",
    "date": "2025-08-19",
    "shift": "C Shift",
    "day": "Tuesday",
    "holidays": "-",
    "shift_type": "Day",
    "type_shift": "SHIFT",
    "on_shift": true,
    "mins": 720,
    "callback_eligible": true,
    "cover_allowed": true,
    "notes": ""
  },
  {
    "ID": "2d25a374-7685-48e9-a904-36bc444c4cee",
    "date": "2025-08-20",
    "shift": "C Shift",
    "day": "Wednesday",
    "holidays": "-",
    "shift_type": "Day",
    "type_shift": "SHIFT",
    "on_shift": true,
    "mins": 720,
    "callback_eligible": true,
    "cover_allowed": true,
    "notes": ""
  },
  {
    "ID": "fed38b29-ddb0-4d94-9a3e-6ece7c125a8a",
    "date": "2025-08-21",
    "shift": "C Shift",
    "day": "Thursday",
    "holidays": "-",
    "shift_type": "Night",
    "type_shift": "SHIFT",
    "on_shift": true,
    "mins": 720,
    "callback_eligible": true,
    "cover_allowed": true,
    "notes": ""
  },
  {
    "ID": "d1a637df-c03b-4f26-a0ef-c11db7a42b82",
    "date": "2025-08-22",
    "shift": "C Shift",
    "day": "Friday",
    "holidays": "-",
    "shift_type": "Night",
    "type_shift": "SHIFT",
    "on_shift": true,
    "mins": 720,
    "callback_eligible": true,
    "cover_allowed": true,
    "notes": ""
  },
  {
    "ID": "113bb026-c982-40ef-8373-993886ded5b9",
    "date": "2025-08-27",
    "shift": "C Shift",
    "day": "Wednesday",
    "holidays": "-",
    "shift_type": "Day",
    "type_shift": "SHIFT",
    "on_shift": true,
    "mins": 720,
    "callback_eligible": true,
    "cover_allowed": true,
    "notes": ""
  },
  {
    "ID": "6831377f-31b2-407a-b34f-269fe67f0d4c",
    "date": "2025-08-28",
    "shift": "C Shift",
    "day": "Thursday",
    "holidays": "-",
    "shift_type": "Day",
    "type_shift": "SHIFT",
    "on_shift": true,
    "mins": 720,
    "callback_eligible": true,
    "cover_allowed": true,
    "notes": ""
  },
  {
    "ID": "028209f8-60bf-4b15-b919-f4146d9c8a0c",
    "date": "2025-08-29",
    "shift": "C Shift",
    "day": "Friday",
    "holidays": "-",
    "shift_type": "Night",
    "type_shift": "SHIFT",
    "on_shift": true,
    "mins": 720,
    "callback_eligible": true,
    "cover_allowed": true,
    "notes": ""
  },
  {
    "ID": "36688625-32a8-4796-b69e-0de0a3d7de05",
    "date": "2025-08-30",
    "shift": "C Shift",
    "day": "Saturday",
    "holidays": "-",
    "shift_type": "Night",
    "type_shift": "SHIFT",
    "on_shift": true,
    "mins": 720,
    "callback_eligible": true,
    "cover_allowed": true,
    "notes": ""
  },
  {
    "ID": "b82ce111-b2a8-457f-9f7f-f35c2642d271",
    "date": "2025-09-04",
    "shift": "C Shift",
    "day": "Thursday",
    "holidays": "-",
    "shift_type": "Day",
    "type_shift": "SHIFT",
    "on_shift": true,
    "mins": 738,
    "callback_eligible": true,
    "cover_allowed": true,
    "notes": ""
  },
  {
    "ID": "1ec70e18-95a0-4cb1-947e-7358e85f329d",
    "date": "2025-09-05",
    "shift": "C Shift",
    "day": "Friday",
    "holidays": "-",
    "shift_type": "Day",
    "type_shift": "SHIFT",
    "on_shift": true,
    "mins": 738,
    "callback_eligible": true,
    "cover_allowed": true,
    "notes": ""
  },
  {
    "ID": "9fb9d582-aef7-4410-9cfa-7524addb26b2",
    "date": "2025-09-06",
    "shift": "C Shift",
    "day": "Saturday",
    "holidays": "-",
    "shift_type": "Night",
    "type_shift": "SHIFT",
    "on_shift": true,
    "mins": 738,
    "callback_eligible": true,
    "cover_allowed": true,
    "notes": ""
  },
  {
    "ID": "2f281c39-e429-4a7e-ac8e-b8ee08e9e485",
    "date": "2025-09-07",
    "shift": "C Shift",
    "day": "Sunday",
    "holidays": "-",
    "shift_type": "Night",
    "type_shift": "SHIFT",
    "on_shift": true,
    "mins": 738,
    "callback_eligible": true,
    "cover_allowed": true,
    "notes": ""
  },
  {
    "ID": "1a87a5e5-3cf6-429c-aeb7-fcd8f4d396ec",
    "date": "2025-09-10",
    "shift": "B Shift",
    "shift_type": "Day",
    "type_shift": "SHIFT",
    "mins": 1098,
    "callback_eligible": false,
    "cover_allowed": false,
    "on_shift": true,
    "notes": "cover"
  },
  {
    "ID": "6493955e-a587-4ed0-8120-f6679ed0e87b",
    "date": "2025-09-12",
    "shift": "C Shift",
    "day": "Friday",
    "holidays": "-",
    "shift_type": "Day",
    "type_shift": "SHIFT",
    "on_shift": true,
    "mins": 738,
    "callback_eligible": true,
    "cover_allowed": true,
    "notes": ""
  },
  {
    "ID": "6d801cc3-765f-42ca-8d08-039f68858f1e",
    "date": "2025-09-13",
    "shift": "C Shift",
    "day": "Saturday",
    "holidays": "-",
    "shift_type": "Day",
    "type_shift": "SHIFT",
    "on_shift": true,
    "mins": 738,
    "callback_eligible": true,
    "cover_allowed": true,
    "notes": ""
  },
  {
    "ID": "35968739-48d1-4db1-8727-db80ff9c3473",
    "date": "2025-09-14",
    "shift": "C Shift",
    "day": "Sunday",
    "holidays": "-",
    "shift_type": "Night",
    "type_shift": "SHIFT",
    "on_shift": true,
    "mins": 738,
    "callback_eligible": true,
    "cover_allowed": true,
    "notes": ""
  },
  {
    "ID": "09bf471a-3129-423a-86c3-61d4ee0a3e66",
    "date": "2025-09-15",
    "shift": "C Shift",
    "day": "Monday",
    "holidays": "-",
    "shift_type": "Night",
    "type_shift": "SHIFT",
    "on_shift": true,
    "mins": 738,
    "callback_eligible": true,
    "cover_allowed": true,
    "notes": ""
  },
  {
    "ID": "e68652f4-ec66-47aa-9fac-6f55efd6acce",
    "date": "2025-09-20",
    "shift": "C Shift",
    "day": "Saturday",
    "holidays": "-",
    "shift_type": "Day",
    "type_shift": "SHIFT",
    "on_shift": true,
    "mins": 738,
    "callback_eligible": true,
    "cover_allowed": true,
    "notes": ""
  },
  {
    "ID": "741fe922-f0df-4a3f-8b1f-789682452f4c",
    "date": "2025-09-21",
    "shift": "C Shift",
    "day": "Sunday",
    "holidays": "-",
    "shift_type": "Day",
    "type_shift": "SHIFT",
    "on_shift": true,
    "mins": 738,
    "callback_eligible": true,
    "cover_allowed": true,
    "notes": ""
  },
  {
    "ID": "cea664e4-05b3-49aa-b1f1-8df58e1435c8",
    "date": "2025-09-22",
    "shift": "C Shift",
    "day": "Monday",
    "holidays": "-",
    "shift_type": "Night",
    "type_shift": "SHIFT",
    "on_shift": true,
    "mins": 738,
    "callback_eligible": true,
    "cover_allowed": true,
    "notes": ""
  },
  {
    "ID": "c0ad1921-e596-4c52-a19b-baee528ff5b5",
    "date": "2025-09-23",
    "shift": "C Shift",
    "day": "Tuesday",
    "holidays": "-",
    "shift_type": "Night",
    "type_shift": "SHIFT",
    "on_shift": true,
    "mins": 738,
    "callback_eligible": true,
    "cover_allowed": true,
    "notes": ""
  },
  {
    "ID": "84558a4b-4ee3-4408-905e-4a65dd9cf5d4",
    "date": "2025-09-28",
    "shift": "C Shift",
    "day": "Sunday",
    "holidays": "-",
    "shift_type": "Day",
    "type_shift": "SHIFT",
    "on_shift": true,
    "mins": 738,
    "callback_eligible": true,
    "cover_allowed": true,
    "notes": ""
  },
  {
    "ID": "7297b145-bccd-4af0-a7d6-f9292428360f",
    "date": "2025-09-29",
    "shift": "C Shift",
    "day": "Monday",
    "holidays": "-",
    "shift_type": "Day",
    "type_shift": "SHIFT",
    "on_shift": true,
    "mins": 738,
    "callback_eligible": true,
    "cover_allowed": true,
    "notes": ""
  },
  {
    "ID": "e996ef37-302d-420b-b109-bdca0cd1493f",
    "date": "2025-09-30",
    "shift": "C Shift",
    "day": "Tuesday",
    "holidays": "-",
    "shift_type": "Night",
    "type_shift": "SHIFT",
    "on_shift": true,
    "mins": 738,
    "callback_eligible": true,
    "cover_allowed": true,
    "notes": ""
  },
  {
    "ID": "30235514-0ba0-4ee5-869e-13ffe1e2a384",
    "date": "2025-10-01",
    "shift": "C Shift",
    "day": "Wednesday",
    "holidays": "-",
    "shift_type": "Night",
    "type_shift": "SHIFT",
    "on_shift": true,
    "mins": 738,
    "callback_eligible": true,
    "cover_allowed": true,
    "notes": ""
  },
  {
    "ID": "856543b8-88d5-472d-926a-95cd6e26dea2",
    "date": "2025-10-06",
    "shift": "C Shift",
    "day": "Monday",
    "holidays": "-",
    "shift_type": "Day",
    "type_shift": "SHIFT",
    "on_shift": true,
    "mins": 738,
    "callback_eligible": true,
    "cover_allowed": true,
    "notes": ""
  },
  {
    "ID": "68e7574c-eb29-431f-b853-dac2d7e4f2be",
    "date": "2025-10-07",
    "shift": "C Shift",
    "day": "Tuesday",
    "holidays": "-",
    "shift_type": "Day",
    "type_shift": "SHIFT",
    "on_shift": true,
    "mins": 738,
    "callback_eligible": true,
    "cover_allowed": true,
    "notes": ""
  },
  {
    "ID": "ff1ad38b-d73d-4370-8729-f45e9f22fc9b",
    "date": "2025-10-08",
    "shift": "C Shift",
    "day": "Wednesday",
    "holidays": "-",
    "shift_type": "Night",
    "type_shift": "SHIFT",
    "on_shift": true,
    "mins": 738,
    "callback_eligible": true,
    "cover_allowed": true,
    "notes": ""
  },
  {
    "ID": "2a6f2cdb-76c5-42ac-90fa-e850e296247e",
    "date": "2025-10-09",
    "shift": "C Shift",
    "day": "Thursday",
    "holidays": "-",
    "shift_type": "Night",
    "type_shift": "SHIFT",
    "on_shift": true,
    "mins": 738,
    "callback_eligible": true,
    "cover_allowed": true,
    "notes": ""
  },
  {
    "ID": "0dc98a03-3aab-4dbd-8962-78375ad59da2",
    "date": "2025-10-14",
    "shift": "C Shift",
    "day": "Tuesday",
    "holidays": "-",
    "shift_type": "Day",
    "type_shift": "SHIFT",
    "on_shift": true,
    "mins": 738,
    "callback_eligible": true,
    "cover_allowed": true,
    "notes": ""
  },
  {
    "ID": "3aef2092-6405-4955-af6e-5cddaaf53526",
    "date": "2025-10-15",
    "shift": "C Shift",
    "day": "Wednesday",
    "holidays": "-",
    "shift_type": "Day",
    "type_shift": "SHIFT",
    "on_shift": true,
    "mins": 738,
    "callback_eligible": true,
    "cover_allowed": true,
    "notes": ""
  },
  {
    "ID": "4a7fb28d-6710-4b56-999c-e90beb40fcf8",
    "date": "2025-10-16",
    "shift": "C Shift",
    "day": "Thursday",
    "holidays": "-",
    "shift_type": "Night",
    "type_shift": "SHIFT",
    "on_shift": true,
    "mins": 738,
    "callback_eligible": true,
    "cover_allowed": true,
    "notes": ""
  },
  {
    "ID": "27d236ea-d65a-4766-97eb-a588527636f9",
    "date": "2025-10-17",
    "shift": "C Shift",
    "day": "Friday",
    "holidays": "-",
    "shift_type": "Night",
    "type_shift": "SHIFT",
    "on_shift": true,
    "mins": 738,
    "callback_eligible": true,
    "cover_allowed": true,
    "notes": ""
  },
  {
    "ID": "9d0a6bfa-0c6d-49e0-b692-4f9ac3ea14ba",
    "date": "2025-10-22",
    "shift": "C Shift",
    "day": "Wednesday",
    "holidays": "-",
    "shift_type": "Day",
    "type_shift": "SHIFT",
    "on_shift": true,
    "mins": 738,
    "callback_eligible": true,
    "cover_allowed": true,
    "notes": ""
  },
  {
    "ID": "b0492440-778e-4e17-a4d0-46963e262562",
    "date": "2025-10-23",
    "shift": "C Shift",
    "day": "Thursday",
    "holidays": "-",
    "shift_type": "Day",
    "type_shift": "SHIFT",
    "on_shift": true,
    "mins": 738,
    "callback_eligible": true,
    "cover_allowed": true,
    "notes": ""
  },
  {
    "ID": "bff3e7c5-123d-474d-bfe7-c7fd8bdd79a3",
    "date": "2025-10-24",
    "shift": "C Shift",
    "day": "Friday",
    "holidays": "-",
    "shift_type": "Night",
    "type_shift": "SHIFT",
    "on_shift": true,
    "mins": 720,
    "callback_eligible": true,
    "cover_allowed": true,
    "notes": ""
  },
  {
    "ID": "beeb75a8-6682-4970-91aa-a8ac801c5808",
    "date": "2025-10-25",
    "shift": "C Shift",
    "day": "Saturday",
    "holidays": "-",
    "shift_type": "Night",
    "type_shift": "SHIFT",
    "on_shift": true,
    "mins": 720,
    "callback_eligible": true,
    "cover_allowed": true,
    "notes": ""
  },
  {
    "ID": "9b64efdf-46a3-43ed-a5a5-65dda5202c68",
    "date": "2025-10-27",
    "shift": "A Shift",
    "shift_type": "Day",
    "type_shift": "CB",
    "mins": 1458,
    "callback_eligible": false,
    "cover_allowed": false,
    "on_shift": true,
    "notes": "cover"
  },
  {
    "ID": "06ec7d05-0ab0-4f86-9009-0dd66f69d274",
    "date": "2025-10-30",
    "shift": "C Shift",
    "day": "Thursday",
    "holidays": "-",
    "shift_type": "Day",
    "type_shift": "SHIFT",
    "on_shift": true,
    "mins": 738,
    "callback_eligible": true,
    "cover_allowed": true,
    "notes": ""
  },
  {
    "ID": "6a335375-b0fc-4f67-969d-6f852adc8fc8",
    "date": "2025-10-31",
    "shift": "C Shift",
    "day": "Friday",
    "holidays": "-",
    "shift_type": "Day",
    "type_shift": "SHIFT",
    "on_shift": true,
    "mins": 738,
    "callback_eligible": true,
    "cover_allowed": true,
    "notes": ""
  },
  {
    "ID": "2f89004e-1c53-47f8-94a3-f9b671a3d0e8",
    "date": "2025-11-01",
    "shift": "C Shift",
    "day": "Saturday",
    "holidays": "-",
    "shift_type": "Night",
    "type_shift": "SHIFT",
    "on_shift": true,
    "mins": 738,
    "callback_eligible": true,
    "cover_allowed": true,
    "notes": ""
  },
  {
    "ID": "be8f1890-5d65-4f71-a3a6-5ff574c86657",
    "date": "2025-11-02",
    "shift": "C Shift",
    "day": "Sunday",
    "holidays": "-",
    "shift_type": "Night",
    "type_shift": "SHIFT",
    "on_shift": true,
    "mins": 738,
    "callback_eligible": true,
    "cover_allowed": true,
    "notes": ""
  },
  {
    "ID": "2a36f71c-8b5f-4401-89c0-8459432ef07d",
    "date": "2025-11-07",
    "shift": "C Shift",
    "day": "Friday",
    "holidays": "-",
    "shift_type": "Day",
    "type_shift": "SHIFT",
    "on_shift": true,
    "mins": 738,
    "callback_eligible": true,
    "cover_allowed": true,
    "notes": ""
  },
  {
    "ID": "eefc2354-45c0-47ce-8935-c6e028db9296",
    "date": "2025-11-08",
    "shift": "C Shift",
    "day": "Saturday",
    "holidays": "-",
    "shift_type": "Day",
    "type_shift": "SHIFT",
    "on_shift": true,
    "mins": 738,
    "callback_eligible": true,
    "cover_allowed": true,
    "notes": ""
  },
  {
    "ID": "578bdc43-98e5-4d53-8f1f-81e8c91164cb",
    "date": "2025-11-09",
    "shift": "C Shift",
    "day": "Sunday",
    "holidays": "-",
    "shift_type": "Night",
    "type_shift": "SHIFT",
    "on_shift": true,
    "mins": 738,
    "callback_eligible": true,
    "cover_allowed": true,
    "notes": ""
  },
  {
    "ID": "f6d1156f-73b4-450f-8257-817d792db692",
    "date": "2025-11-10",
    "shift": "C Shift",
    "day": "Monday",
    "holidays": "-",
    "shift_type": "Night",
    "type_shift": "SHIFT",
    "on_shift": true,
    "mins": 738,
    "callback_eligible": true,
    "cover_allowed": true,
    "notes": ""
  },
  {
    "ID": "17dd4008-5cfc-4a1c-ac7e-b3cae703baf2",
    "date": "2025-11-15",
    "shift": "C Shift",
    "day": "Saturday",
    "holidays": "-",
    "shift_type": "Day",
    "type_shift": "SHIFT",
    "on_shift": true,
    "mins": 738,
    "callback_eligible": true,
    "cover_allowed": true,
    "notes": ""
  },
  {
    "ID": "8fc9af09-7531-47fc-9082-8ed071a70fe6",
    "date": "2025-11-16",
    "shift": "C Shift",
    "day": "Sunday",
    "holidays": "-",
    "shift_type": "Day",
    "type_shift": "SHIFT",
    "on_shift": true,
    "mins": 738,
    "callback_eligible": true,
    "cover_allowed": true,
    "notes": ""
  },
  {
    "ID": "1439e8d1-a658-4bfc-8988-9916757a6c45",
    "date": "2025-11-17",
    "shift": "C Shift",
    "day": "Monday",
    "holidays": "-",
    "shift_type": "Night",
    "type_shift": "SHIFT",
    "on_shift": true,
    "mins": 738,
    "callback_eligible": true,
    "cover_allowed": true,
    "notes": ""
  },
  {
    "ID": "864d5bed-9630-4b86-8e4b-f869d7fc0808",
    "date": "2025-11-18",
    "shift": "C Shift",
    "day": "Tuesday",
    "holidays": "-",
    "shift_type": "Night",
    "type_shift": "SHIFT",
    "on_shift": true,
    "mins": 738,
    "callback_eligible": true,
    "cover_allowed": true,
    "notes": ""
  },
  {
    "ID": "0e9ef61b-4e21-4368-9b50-f8bd774ee389",
    "date": "2025-11-23",
    "shift": "C Shift",
    "day": "Sunday",
    "holidays": "-",
    "shift_type": "Day",
    "type_shift": "SHIFT",
    "on_shift": true,
    "mins": 738,
    "callback_eligible": true,
    "cover_allowed": true,
    "notes": ""
  },
  {
    "ID": "52b93785-7b3e-4c0e-bab3-3d6a9a976d95",
    "date": "2025-11-24",
    "shift": "C Shift",
    "day": "Monday",
    "holidays": "-",
    "shift_type": "Day",
    "type_shift": "SHIFT",
    "on_shift": true,
    "mins": 738,
    "callback_eligible": true,
    "cover_allowed": true,
    "notes": ""
  },
  {
    "ID": "d7d2b0b4-681b-4579-a0cb-00187e3b51b5",
    "date": "2025-11-25",
    "shift": "C Shift",
    "day": "Tuesday",
    "holidays": "-",
    "shift_type": "Night",
    "type_shift": "SHIFT",
    "on_shift": true,
    "mins": 738,
    "callback_eligible": true,
    "cover_allowed": true,
    "notes": ""
  },
  {
    "ID": "f714ecf7-1a7e-43e5-a2cd-151fc6db225c",
    "date": "2025-11-26",
    "shift": "C Shift",
    "day": "Wednesday",
    "holidays": "-",
    "shift_type": "Night",
    "type_shift": "SHIFT",
    "on_shift": true,
    "mins": 738,
    "callback_eligible": true,
    "cover_allowed": true,
    "notes": ""
  },
  {
    "ID": "dc1d629b-2473-4394-a20a-edb1c54c8b92",
    "date": "2025-11-28",
    "shift": "A Shift",
    "shift_type": "Day",
    "type_shift": "CB",
    "mins": 738,
    "callback_eligible": false,
    "cover_allowed": false,
    "on_shift": true,
    "notes": ""
  },
  {
    "ID": "9474d45f-0e10-4778-b3aa-d088d8759a31",
    "date": "2025-12-01",
    "shift": "C Shift",
    "day": "Monday",
    "holidays": "-",
    "shift_type": "Day",
    "type_shift": "SHIFT",
    "on_shift": true,
    "mins": 738,
    "callback_eligible": true,
    "cover_allowed": true,
    "notes": ""
  },
  {
    "ID": "7382a999-4874-459b-979c-5e945bfd1dcc",
    "date": "2025-12-02",
    "shift": "C Shift",
    "day": "Tuesday",
    "holidays": "-",
    "shift_type": "Day",
    "type_shift": "SHIFT",
    "on_shift": true,
    "mins": 738,
    "callback_eligible": true,
    "cover_allowed": true,
    "notes": ""
  },
  {
    "ID": "14591e6a-d525-4e74-9c43-fff1174c088a",
    "date": "2025-12-03",
    "shift": "C Shift",
    "day": "Wednesday",
    "holidays": "-",
    "shift_type": "Night",
    "type_shift": "SHIFT",
    "on_shift": true,
    "mins": 738,
    "callback_eligible": true,
    "cover_allowed": true,
    "notes": ""
  },
  {
    "ID": "5e9ce553-4ca6-492d-ad85-3fc91453fe8f",
    "date": "2025-12-04",
    "shift": "C Shift",
    "day": "Thursday",
    "holidays": "-",
    "shift_type": "Night",
    "type_shift": "SHIFT",
    "on_shift": true,
    "mins": 738,
    "callback_eligible": true,
    "cover_allowed": true,
    "notes": ""
  },
  {
    "ID": "62234229-3b5c-46dc-8566-2cf2029d08c5",
    "date": "2025-12-09",
    "shift": "C Shift",
    "day": "Tuesday",
    "holidays": "-",
    "shift_type": "Day",
    "type_shift": "SHIFT",
    "on_shift": true,
    "mins": 738,
    "callback_eligible": true,
    "cover_allowed": true,
    "notes": ""
  },
  {
    "ID": "a401ec63-7f5e-438f-bc2f-2f7424849697",
    "date": "2025-12-10",
    "shift": "C Shift",
    "day": "Wednesday",
    "holidays": "-",
    "shift_type": "Day",
    "type_shift": "SHIFT",
    "on_shift": true,
    "mins": 738,
    "callback_eligible": true,
    "cover_allowed": true,
    "notes": ""
  },
  {
    "ID": "fbb16f8d-f0ee-4af6-a5d7-e80810d27bdc",
    "date": "2025-12-11",
    "shift": "C Shift",
    "day": "Thursday",
    "holidays": "-",
    "shift_type": "Night",
    "type_shift": "SHIFT",
    "on_shift": true,
    "mins": 738,
    "callback_eligible": true,
    "cover_allowed": true,
    "notes": ""
  },
  {
    "ID": "43898f7f-e6e9-4893-a7b0-27074c571f58",
    "date": "2025-12-12",
    "shift": "C Shift",
    "day": "Friday",
    "holidays": "-",
    "shift_type": "Night",
    "type_shift": "SHIFT",
    "on_shift": true,
    "mins": 720,
    "callback_eligible": true,
    "cover_allowed": true,
    "notes": ""
  },
  {
    "ID": "8454701a-d0d6-4982-a988-152232345226",
    "date": "2025-12-13",
    "shift": "A Shift",
    "shift_type": "Day",
    "type_shift": "CB",
    "mins": 738,
    "callback_eligible": false,
    "cover_allowed": false,
    "on_shift": true,
    "notes": ""
  },
  {
    "ID": "d0fdf1ad-39a4-44ac-83a6-33ccff3d9fd9",
    "date": "2025-12-17",
    "shift": "C Shift",
    "day": "Wednesday",
    "holidays": "-",
    "shift_type": "Day",
    "type_shift": "SHIFT",
    "on_shift": true,
    "mins": 738,
    "callback_eligible": true,
    "cover_allowed": true,
    "notes": ""
  },
  {
    "ID": "b07e820b-88ad-47fe-97e0-d885908dad35",
    "date": "2025-12-18",
    "shift": "C Shift",
    "day": "Thursday",
    "holidays": "-",
    "shift_type": "Day",
    "type_shift": "SHIFT",
    "on_shift": true,
    "mins": 738,
    "callback_eligible": true,
    "cover_allowed": true,
    "notes": ""
  },
  {
    "ID": "77816f1d-29a0-44d2-b5ec-7b5d594b814d",
    "date": "2025-12-19",
    "shift": "C Shift",
    "day": "Friday",
    "holidays": "-",
    "shift_type": "Night",
    "type_shift": "SHIFT",
    "on_shift": true,
    "mins": 738,
    "callback_eligible": true,
    "cover_allowed": true,
    "notes": ""
  },
  {
    "ID": "781fc3fd-cd49-4a0c-a005-76a874bef284",
    "date": "2025-12-20",
    "shift": "C Shift",
    "day": "Saturday",
    "holidays": "-",
    "shift_type": "Night",
    "type_shift": "SHIFT",
    "on_shift": true,
    "mins": 738,
    "callback_eligible": true,
    "cover_allowed": true,
    "notes": ""
  },
  {
    "ID": "6da8c1c0-4d75-45e3-a9ee-150a44498c64",
    "date": "2025-12-25",
    "shift": "C Shift",
    "day": "Thursday",
    "holidays": "Christmas Day",
    "shift_type": "Day",
    "type_shift": "SHIFT",
    "on_shift": true,
    "mins": 738,
    "callback_eligible": true,
    "cover_allowed": true,
    "notes": ""
  },
  {
    "ID": "7656d1d9-2417-42b9-a6c1-e9f434f31fba",
    "date": "2025-12-26",
    "shift": "C Shift",
    "day": "Friday",
    "holidays": "Boxing Day",
    "shift_type": "Day",
    "type_shift": "SHIFT",
    "on_shift": true,
    "mins": 738,
    "callback_eligible": true,
    "cover_allowed": true,
    "notes": ""
  },
  {
    "ID": "7ac33f33-07bc-42a8-be49-78ea2bd27d31",
    "date": "2025-12-27",
    "shift": "C Shift",
    "day": "Saturday",
    "holidays": "-",
    "shift_type": "Night",
    "type_shift": "SHIFT",
    "on_shift": true,
    "mins": 738,
    "callback_eligible": true,
    "cover_allowed": true,
    "notes": ""
  },
  {
    "ID": "a689c3fc-b37f-4927-8961-1356513e7833",
    "date": "2025-12-28",
    "shift": "C Shift",
    "day": "Sunday",
    "holidays": "-",
    "shift_type": "Night",
    "type_shift": "SHIFT",
    "on_shift": true,
    "mins": 738,
    "callback_eligible": true,
    "cover_allowed": true,
    "notes": ""
  },
  {
    "ID": "e1f142b5-b2e4-4f0b-ad0e-b792522c95cf",
    "date": "2026-01-02",
    "shift": "C Shift",
    "day": "Friday",
    "holidays": "Day after New Year's Day",
    "shift_type": "Day",
    "type_shift": "SHIFT",
    "on_shift": true,
    "mins": 738,
    "callback_eligible": true,
    "cover_allowed": true,
    "notes": ""
  },
  {
    "ID": "8f63d6b1-69e0-4cc6-86af-bf90b3cfcbaf",
    "date": "2026-01-03",
    "shift": "C Shift",
    "day": "Saturday",
    "holidays": "-",
    "shift_type": "Day",
    "type_shift": "SHIFT",
    "on_shift": true,
    "mins": 738,
    "callback_eligible": true,
    "cover_allowed": true,
    "notes": ""
  },
  {
    "ID": "18c62450-dfa3-4a44-8dee-d123b4be266b",
    "date": "2026-01-04",
    "shift": "C Shift",
    "day": "Sunday",
    "holidays": "-",
    "shift_type": "Night",
    "type_shift": "SHIFT",
    "on_shift": true,
    "mins": 738,
    "callback_eligible": true,
    "cover_allowed": true,
    "notes": ""
  },
  {
    "ID": "3f722887-e1ca-443b-bbff-47e7c59ebe16",
    "date": "2026-01-05",
    "shift": "C Shift",
    "day": "Monday",
    "holidays": "-",
    "shift_type": "Night",
    "type_shift": "SHIFT",
    "on_shift": true,
    "mins": 738,
    "callback_eligible": true,
    "cover_allowed": true,
    "notes": ""
  },
  {
    "ID": "8aa7f908-1035-49c1-ac6a-26499fae36ac",
    "date": "2026-01-07",
    "shift": "A Shift",
    "shift_type": "Day",
    "type_shift": "CB",
    "mins": 738,
    "callback_eligible": false,
    "cover_allowed": false,
    "on_shift": true,
    "notes": ""
  },
  {
    "ID": "e284fbfe-0110-46b2-a01d-40612fd8ecd6",
    "date": "2026-01-10",
    "shift": "C Shift",
    "day": "Saturday",
    "holidays": "-",
    "shift_type": "Day",
    "type_shift": "SHIFT",
    "on_shift": true,
    "mins": 738,
    "callback_eligible": true,
    "cover_allowed": true,
    "notes": ""
  },
  {
    "ID": "54a1d12b-4fbc-4280-b55c-d1a540285c08",
    "date": "2026-01-11",
    "shift": "C Shift",
    "day": "Sunday",
    "holidays": "-",
    "shift_type": "Day",
    "type_shift": "SHIFT",
    "on_shift": true,
    "mins": 738,
    "callback_eligible": true,
    "cover_allowed": true,
    "notes": ""
  },
  {
    "ID": "25b89007-9fef-458c-8f8f-e248a187a82f",
    "date": "2026-01-12",
    "shift": "C Shift",
    "day": "Monday",
    "holidays": "-",
    "shift_type": "Night",
    "type_shift": "SHIFT",
    "on_shift": true,
    "mins": 738,
    "callback_eligible": true,
    "cover_allowed": true,
    "notes": ""
  },
  {
    "ID": "5862212e-9a30-4094-8d95-f5c63e88846d",
    "date": "2026-01-13",
    "shift": "C Shift",
    "day": "Tuesday",
    "holidays": "-",
    "shift_type": "Night",
    "type_shift": "SHIFT",
    "on_shift": true,
    "mins": 738,
    "callback_eligible": true,
    "cover_allowed": true,
    "notes": ""
  },
  {
    "ID": "53c8f443-0fde-4a9b-9c32-35e1fbacc79a",
    "date": "2026-01-18",
    "shift": "C Shift",
    "day": "Sunday",
    "holidays": "-",
    "shift_type": "Day",
    "type_shift": "SHIFT",
    "on_shift": true,
    "mins": 738,
    "callback_eligible": true,
    "cover_allowed": true,
    "notes": ""
  },
  {
    "ID": "f1bcf612-071b-4939-aad4-dcbb058ae438",
    "date": "2026-01-19",
    "shift": "C Shift",
    "day": "Monday",
    "holidays": "-",
    "shift_type": "Day",
    "type_shift": "SHIFT",
    "on_shift": true,
    "mins": 738,
    "callback_eligible": true,
    "cover_allowed": true,
    "notes": ""
  },
  {
    "ID": "4a9fff73-f9fb-493a-b6c4-c8271b426be0",
    "date": "2026-01-20",
    "shift": "C Shift",
    "day": "Tuesday",
    "holidays": "-",
    "shift_type": "Night",
    "type_shift": "SHIFT",
    "on_shift": true,
    "mins": 738,
    "callback_eligible": true,
    "cover_allowed": true,
    "notes": ""
  },
  {
    "ID": "33b063ed-3c3d-4773-96e2-dd66d252d99f",
    "date": "2026-01-21",
    "shift": "C Shift",
    "day": "Wednesday",
    "holidays": "-",
    "shift_type": "Night",
    "type_shift": "SHIFT",
    "on_shift": true,
    "mins": 738,
    "callback_eligible": true,
    "cover_allowed": true,
    "notes": ""
  },
  {
    "ID": "373480af-11e6-4e78-ac7a-11e2237ad5f4",
    "date": "2026-01-26",
    "shift": "C Shift",
    "day": "Monday",
    "holidays": "-",
    "shift_type": "Day",
    "type_shift": "SHIFT",
    "on_shift": true,
    "mins": 738,
    "callback_eligible": true,
    "cover_allowed": true,
    "notes": ""
  },
  {
    "ID": "6fe705a7-920e-4e13-9a20-fda9b4e4ca27",
    "date": "2026-01-27",
    "shift": "C Shift",
    "day": "Tuesday",
    "holidays": "-",
    "shift_type": "Day",
    "type_shift": "SHIFT",
    "on_shift": true,
    "mins": 738,
    "callback_eligible": true,
    "cover_allowed": true,
    "notes": ""
  },
  {
    "ID": "ba302a74-cc1f-4dcc-b848-0652a5a9cd1d",
    "date": "2026-01-28",
    "shift": "C Shift",
    "day": "Wednesday",
    "holidays": "-",
    "shift_type": "Night",
    "type_shift": "SHIFT",
    "on_shift": true,
    "mins": 738,
    "callback_eligible": true,
    "cover_allowed": true,
    "notes": ""
  },
  {
    "ID": "f4e4308e-c099-4d35-8912-f458d6bd3a4b",
    "date": "2026-01-29",
    "shift": "C Shift",
    "day": "Thursday",
    "holidays": "-",
    "shift_type": "Night",
    "type_shift": "SHIFT",
    "on_shift": true,
    "mins": 738,
    "callback_eligible": true,
    "cover_allowed": true,
    "notes": ""
  },
  {
    "ID": "7990174a-bffa-493b-b6b1-557fec4b1c85",
    "date": "2026-01-30",
    "shift": "A Shift",
    "shift_type": "Day",
    "type_shift": "CB",
    "mins": 738,
    "callback_eligible": false,
    "cover_allowed": false,
    "on_shift": true,
    "notes": ""
  },
  {
    "ID": "ae1c365e-8ed5-4496-9306-24152fa67d65",
    "date": "2026-01-31",
    "shift": "A Shift",
    "shift_type": "Day",
    "type_shift": "CB",
    "mins": 738,
    "callback_eligible": false,
    "cover_allowed": false,
    "on_shift": true,
    "notes": ""
  },
  {
    "ID": "dd309eb1-fe27-444a-ad4f-5514e0592d30",
    "date": "2026-02-03",
    "shift": "C Shift",
    "day": "Tuesday",
    "holidays": "-",
    "shift_type": "Day",
    "type_shift": "SHIFT",
    "on_shift": true,
    "mins": 738,
    "callback_eligible": true,
    "cover_allowed": true,
    "notes": ""
  },
  {
    "ID": "576912b3-64b3-45cf-bd57-d5f778359600",
    "date": "2026-02-04",
    "shift": "C Shift",
    "day": "Wednesday",
    "holidays": "-",
    "shift_type": "Day",
    "type_shift": "SHIFT",
    "on_shift": true,
    "mins": 738,
    "callback_eligible": true,
    "cover_allowed": true,
    "notes": ""
  },
  {
    "ID": "7646694a-d415-4c4e-bc09-6f6c615e93f6",
    "date": "2026-02-05",
    "shift": "C Shift",
    "day": "Thursday",
    "holidays": "-",
    "shift_type": "Night",
    "type_shift": "SHIFT",
    "on_shift": true,
    "mins": 738,
    "callback_eligible": true,
    "cover_allowed": true,
    "notes": ""
  },
  {
    "ID": "13878dc5-e4aa-4d2b-81ee-1a2143090eca",
    "date": "2026-02-06",
    "shift": "C Shift",
    "day": "Friday",
    "holidays": "Waitangi Day",
    "shift_type": "Night",
    "type_shift": "SHIFT",
    "on_shift": true,
    "mins": 738,
    "callback_eligible": true,
    "cover_allowed": true,
    "notes": ""
  },
  {
    "ID": "59535828-0292-4057-8bfe-d9305cc69b07",
    "date": "2026-02-11",
    "shift": "C Shift",
    "day": "Wednesday",
    "holidays": "-",
    "shift_type": "Day",
    "type_shift": "SHIFT",
    "on_shift": true,
    "mins": 738,
    "callback_eligible": true,
    "cover_allowed": true,
    "notes": ""
  },
  {
    "ID": "94039a7f-3dff-4f03-ad20-3f52916e7672",
    "date": "2026-02-12",
    "shift": "C Shift",
    "day": "Thursday",
    "holidays": "-",
    "shift_type": "Day",
    "type_shift": "SHIFT",
    "on_shift": true,
    "mins": 738,
    "callback_eligible": true,
    "cover_allowed": true,
    "notes": ""
  },
  {
    "ID": "9f25b49c-8281-4d71-8f26-aa86c11cad6c",
    "date": "2026-02-13",
    "shift": "C Shift",
    "day": "Friday",
    "holidays": "-",
    "shift_type": "Night",
    "type_shift": "SHIFT",
    "on_shift": true,
    "mins": 738,
    "callback_eligible": true,
    "cover_allowed": true,
    "notes": ""
  },
  {
    "ID": "b6509b44-3065-459b-8179-d1eb3f559b34",
    "date": "2026-02-14",
    "shift": "C Shift",
    "day": "Saturday",
    "holidays": "-",
    "shift_type": "Night",
    "type_shift": "SHIFT",
    "on_shift": true,
    "mins": 738,
    "callback_eligible": true,
    "cover_allowed": true,
    "notes": ""
  },
  {
    "ID": "36e3c8e4-6a5a-4245-a6e5-cb5dc1eb7a2f",
    "date": "2026-02-19",
    "shift": "C Shift",
    "day": "Thursday",
    "holidays": "-",
    "shift_type": "Day",
    "type_shift": "SHIFT",
    "on_shift": true,
    "mins": 738,
    "callback_eligible": true,
    "cover_allowed": true,
    "notes": ""
  },
  {
    "ID": "8fdeba39-3b5e-4f0b-9495-493511e468ca",
    "date": "2026-02-20",
    "shift": "C Shift",
    "day": "Friday",
    "holidays": "-",
    "shift_type": "Day",
    "type_shift": "SHIFT",
    "on_shift": true,
    "mins": 738,
    "callback_eligible": true,
    "cover_allowed": true,
    "notes": ""
  },
  {
    "ID": "ef22a598-52cf-4da8-b3ed-4ed4ae73a984",
    "date": "2026-02-21",
    "shift": "C Shift",
    "day": "Saturday",
    "holidays": "-",
    "shift_type": "Night",
    "type_shift": "SHIFT",
    "on_shift": true,
    "mins": 738,
    "callback_eligible": true,
    "cover_allowed": true,
    "notes": ""
  },
  {
    "ID": "94c6dc56-1b19-48fe-b6f8-5abdd7a74907",
    "date": "2026-02-22",
    "shift": "C Shift",
    "day": "Sunday",
    "holidays": "-",
    "shift_type": "Night",
    "type_shift": "SHIFT",
    "on_shift": true,
    "mins": 738,
    "callback_eligible": true,
    "cover_allowed": true,
    "notes": ""
  },
  {
    "ID": "098ff9ca-0fc3-46c7-9910-e1575ea7d35f",
    "date": "2026-02-27",
    "shift": "C Shift",
    "day": "Friday",
    "holidays": "-",
    "shift_type": "Day",
    "type_shift": "SHIFT",
    "on_shift": true,
    "mins": 738,
    "callback_eligible": true,
    "cover_allowed": true,
    "notes": ""
  },
  {
    "ID": "3dd2a080-316c-4839-a2c9-98b3bd904c5d",
    "date": "2026-02-28",
    "shift": "C Shift",
    "day": "Saturday",
    "holidays": "-",
    "shift_type": "Day",
    "type_shift": "SHIFT",
    "on_shift": true,
    "mins": 738,
    "callback_eligible": true,
    "cover_allowed": true,
    "notes": ""
  },
  {
    "ID": "f7223673-3cee-4042-9f98-4c408fe3dbf0",
    "date": "2026-03-01",
    "shift": "C Shift",
    "day": "Sunday",
    "holidays": "-",
    "shift_type": "Night",
    "type_shift": "SHIFT",
    "on_shift": true,
    "mins": 738,
    "callback_eligible": true,
    "cover_allowed": true,
    "notes": ""
  },
  {
    "ID": "33513529-33bf-46c0-8a8f-4c91d0555303",
    "date": "2026-03-02",
    "shift": "C Shift",
    "day": "Monday",
    "holidays": "-",
    "shift_type": "Night",
    "type_shift": "SHIFT",
    "on_shift": true,
    "mins": 738,
    "callback_eligible": true,
    "cover_allowed": true,
    "notes": ""
  },
  {
    "ID": "689eeade-ef11-4a67-a5bf-d2afd9730ec1",
    "date": "2026-03-07",
    "shift": "C Shift",
    "day": "Saturday",
    "holidays": "-",
    "shift_type": "Day",
    "type_shift": "SHIFT",
    "on_shift": true,
    "mins": 738,
    "callback_eligible": true,
    "cover_allowed": true,
    "notes": ""
  },
  {
    "ID": "4942fd16-7cbe-4a18-89df-57352057c8e8",
    "date": "2026-03-08",
    "shift": "C Shift",
    "day": "Sunday",
    "holidays": "-",
    "shift_type": "Day",
    "type_shift": "SHIFT",
    "on_shift": true,
    "mins": 738,
    "callback_eligible": true,
    "cover_allowed": true,
    "notes": ""
  },
  {
    "ID": "84109a69-8a7d-4fff-b3f9-b7256bf1f647",
    "date": "2026-03-09",
    "shift": "C Shift",
    "day": "Monday",
    "holidays": "Taranaki Anniversary Day",
    "shift_type": "Night",
    "type_shift": "SHIFT",
    "on_shift": true,
    "mins": 738,
    "callback_eligible": true,
    "cover_allowed": true,
    "notes": ""
  },
  {
    "ID": "1b936e2f-ec30-481b-a3a7-793d283b77cd",
    "date": "2026-03-10",
    "shift": "C Shift",
    "day": "Tuesday",
    "holidays": "-",
    "shift_type": "Night",
    "type_shift": "SHIFT",
    "on_shift": true,
    "mins": 738,
    "callback_eligible": true,
    "cover_allowed": true,
    "notes": ""
  },
  {
    "ID": "df6739d0-8665-4d3e-ae84-8e58d80ecb16",
    "date": "2026-03-15",
    "shift": "C Shift",
    "day": "Sunday",
    "holidays": "-",
    "shift_type": "Day",
    "type_shift": "SHIFT",
    "on_shift": true,
    "mins": 738,
    "callback_eligible": true,
    "cover_allowed": true,
    "notes": ""
  },
  {
    "ID": "7e9dcba4-ead2-4c4d-a0f6-da056ef3d73b",
    "date": "2026-03-16",
    "shift": "C Shift",
    "day": "Monday",
    "holidays": "-",
    "shift_type": "Day",
    "type_shift": "SHIFT",
    "on_shift": true,
    "mins": 738,
    "callback_eligible": true,
    "cover_allowed": true,
    "notes": ""
  },
  {
    "ID": "a4191ede-6435-4290-9d5c-969fc352362f",
    "date": "2026-03-17",
    "shift": "C Shift",
    "day": "Tuesday",
    "holidays": "-",
    "shift_type": "Night",
    "type_shift": "SHIFT",
    "on_shift": true,
    "mins": 738,
    "callback_eligible": true,
    "cover_allowed": true,
    "notes": ""
  },
  {
    "ID": "e6cb780b-5302-49c6-8d2f-9b87bd728395",
    "date": "2026-03-18",
    "shift": "C Shift",
    "day": "Wednesday",
    "holidays": "-",
    "shift_type": "Night",
    "type_shift": "SHIFT",
    "on_shift": true,
    "mins": 738,
    "callback_eligible": true,
    "cover_allowed": true,
    "notes": ""
  },
  {
    "ID": "010e18e8-b916-42a7-8aa3-b09289d190b2",
    "date": "2026-03-23",
    "shift": "C Shift",
    "day": "Monday",
    "holidays": "-",
    "shift_type": "Day",
    "type_shift": "SHIFT",
    "on_shift": true,
    "mins": 738,
    "callback_eligible": true,
    "cover_allowed": true,
    "notes": ""
  },
  {
    "ID": "4420f103-f61e-4d40-a743-6eba9ab7869c",
    "date": "2026-03-24",
    "shift": "C Shift",
    "day": "Tuesday",
    "holidays": "-",
    "shift_type": "Day",
    "type_shift": "SHIFT",
    "on_shift": true,
    "mins": 738,
    "callback_eligible": true,
    "cover_allowed": true,
    "notes": ""
  },
  {
    "ID": "7b073073-8f6e-48ec-b251-e2bda09ba494",
    "date": "2026-03-25",
    "shift": "C Shift",
    "day": "Wednesday",
    "holidays": "-",
    "shift_type": "Night",
    "type_shift": "SHIFT",
    "on_shift": true,
    "mins": 738,
    "callback_eligible": true,
    "cover_allowed": true,
    "notes": ""
  },
  {
    "ID": "7744f013-a968-4534-84f4-f5cd9d1cd8c8",
    "date": "2026-03-26",
    "shift": "C Shift",
    "day": "Thursday",
    "holidays": "-",
    "shift_type": "Night",
    "type_shift": "SHIFT",
    "on_shift": true,
    "mins": 738,
    "callback_eligible": true,
    "cover_allowed": true,
    "notes": ""
  },
  {
    "ID": "5db1d089-1700-4162-82b5-4b8e869228fa",
    "date": "2026-03-31",
    "shift": "C Shift",
    "day": "Tuesday",
    "holidays": "-",
    "shift_type": "Day",
    "type_shift": "SHIFT",
    "on_shift": true,
    "mins": 738,
    "callback_eligible": true,
    "cover_allowed": true,
    "notes": ""
  },
  {
    "ID": "89fa58e7-b926-4788-b3cb-74caccbe0991",
    "date": "2026-04-01",
    "shift": "C Shift",
    "day": "Wednesday",
    "holidays": "-",
    "shift_type": "Day",
    "type_shift": "SHIFT",
    "on_shift": true,
    "mins": 738,
    "callback_eligible": true,
    "cover_allowed": true,
    "notes": ""
  },
  {
    "ID": "3babe0f3-5677-4de9-aac5-3c49d3803529",
    "date": "2026-04-02",
    "shift": "C Shift",
    "day": "Thursday",
    "holidays": "-",
    "shift_type": "Night",
    "type_shift": "SHIFT",
    "on_shift": true,
    "mins": 738,
    "callback_eligible": true,
    "cover_allowed": true,
    "notes": ""
  },
  {
    "ID": "f78ca3db-6fd1-4036-9354-c1063c97f665",
    "date": "2026-04-03",
    "shift": "C Shift",
    "day": "Friday",
    "holidays": "Good Friday",
    "shift_type": "Night",
    "type_shift": "SHIFT",
    "on_shift": true,
    "mins": 738,
    "callback_eligible": true,
    "cover_allowed": true,
    "notes": ""
  },
  {
    "ID": "476cbad8-b6a9-427e-b1cb-03c145639a6b",
    "date": "2026-04-08",
    "shift": "C Shift",
    "day": "Wednesday",
    "holidays": "-",
    "shift_type": "Day",
    "type_shift": "SHIFT",
    "on_shift": true,
    "mins": 738,
    "callback_eligible": true,
    "cover_allowed": true,
    "notes": ""
  },
  {
    "ID": "f8a555e6-0c7b-4d4e-8869-6c6441bfd4d2",
    "date": "2026-04-09",
    "shift": "C Shift",
    "day": "Thursday",
    "holidays": "-",
    "shift_type": "Day",
    "type_shift": "SHIFT",
    "on_shift": true,
    "mins": 738,
    "callback_eligible": true,
    "cover_allowed": true,
    "notes": ""
  },
  {
    "ID": "24f8ed88-29cb-467b-ac55-6dcb8662f992",
    "date": "2026-04-10",
    "shift": "C Shift",
    "day": "Friday",
    "holidays": "-",
    "shift_type": "Night",
    "type_shift": "SHIFT",
    "on_shift": true,
    "mins": 738,
    "callback_eligible": true,
    "cover_allowed": true,
    "notes": ""
  },
  {
    "ID": "c7142d5c-637e-4dd2-a793-c50b5e7ac4a6",
    "date": "2026-04-11",
    "shift": "C Shift",
    "day": "Saturday",
    "holidays": "-",
    "shift_type": "Night",
    "type_shift": "SHIFT",
    "on_shift": true,
    "mins": 738,
    "callback_eligible": true,
    "cover_allowed": true,
    "notes": ""
  },
  {
    "ID": "36bf1e52-c35c-4627-aca6-5e095ee3ccce",
    "date": "2026-04-16",
    "shift": "C Shift",
    "day": "Thursday",
    "holidays": "-",
    "shift_type": "Day",
    "type_shift": "SHIFT",
    "on_shift": true,
    "mins": 738,
    "callback_eligible": true,
    "cover_allowed": true,
    "notes": ""
  },
  {
    "ID": "5d3f2b59-edb9-4fe7-b267-550932bc2aeb",
    "date": "2026-04-17",
    "shift": "C Shift",
    "day": "Friday",
    "holidays": "-",
    "shift_type": "Day",
    "type_shift": "SHIFT",
    "on_shift": true,
    "mins": 738,
    "callback_eligible": true,
    "cover_allowed": true,
    "notes": ""
  },
  {
    "ID": "aeb57e41-c340-4a78-8970-942e7a3ce93c",
    "date": "2026-04-18",
    "shift": "C Shift",
    "day": "Saturday",
    "holidays": "-",
    "shift_type": "Night",
    "type_shift": "SHIFT",
    "on_shift": true,
    "mins": 738,
    "callback_eligible": true,
    "cover_allowed": true,
    "notes": ""
  },
  {
    "ID": "de41fae5-7316-42dc-a488-4a859c5fa359",
    "date": "2026-04-19",
    "shift": "C Shift",
    "day": "Sunday",
    "holidays": "-",
    "shift_type": "Night",
    "type_shift": "SHIFT",
    "on_shift": true,
    "mins": 738,
    "callback_eligible": true,
    "cover_allowed": true,
    "notes": ""
  },
  {
    "ID": "2b8ac643-4797-43dc-bc62-61acaecdb982",
    "date": "2026-04-24",
    "shift": "C Shift",
    "day": "Friday",
    "holidays": "-",
    "shift_type": "Day",
    "type_shift": "SHIFT",
    "on_shift": true,
    "mins": 738,
    "callback_eligible": true,
    "cover_allowed": true,
    "notes": ""
  },
  {
    "ID": "baf3998b-4f15-41b9-adf7-d63657e9524f",
    "date": "2026-04-25",
    "shift": "C Shift",
    "day": "Saturday",
    "holidays": "Anzac Day",
    "shift_type": "Day",
    "type_shift": "SHIFT",
    "on_shift": true,
    "mins": 738,
    "callback_eligible": true,
    "cover_allowed": true,
    "notes": ""
  },
  {
    "ID": "6a65838d-38ef-43cc-8022-b97f13c4bd9b",
    "date": "2026-04-26",
    "shift": "C Shift",
    "day": "Sunday",
    "holidays": "-",
    "shift_type": "Night",
    "type_shift": "SHIFT",
    "on_shift": true,
    "mins": 738,
    "callback_eligible": true,
    "cover_allowed": true,
    "notes": ""
  },
  {
    "ID": "56786bb3-ad13-41f4-be00-f34224273a9f",
    "date": "2026-04-27",
    "shift": "C Shift",
    "day": "Monday",
    "holidays": "Anzac Day (observed)",
    "shift_type": "Night",
    "type_shift": "SHIFT",
    "on_shift": true,
    "mins": 738,
    "callback_eligible": true,
    "cover_allowed": true,
    "notes": ""
  },
  {
    "ID": "75a9e2eb-b61f-4d91-8f13-d9279c53bd3b",
    "date": "2026-05-02",
    "shift": "C Shift",
    "day": "Saturday",
    "holidays": "-",
    "shift_type": "Day",
    "type_shift": "SHIFT",
    "on_shift": true,
    "mins": 738,
    "callback_eligible": true,
    "cover_allowed": true,
    "notes": ""
  },
  {
    "ID": "098bab99-a1be-4ea9-88ba-82dbc92b3df1",
    "date": "2026-05-03",
    "shift": "C Shift",
    "day": "Sunday",
    "holidays": "-",
    "shift_type": "Day",
    "type_shift": "SHIFT",
    "on_shift": true,
    "mins": 738,
    "callback_eligible": true,
    "cover_allowed": true,
    "notes": ""
  },
  {
    "ID": "6ee82380-3537-4d74-9b11-d61611088597",
    "date": "2026-05-04",
    "shift": "C Shift",
    "day": "Monday",
    "holidays": "-",
    "shift_type": "Night",
    "type_shift": "SHIFT",
    "on_shift": true,
    "mins": 738,
    "callback_eligible": true,
    "cover_allowed": true,
    "notes": ""
  },
  {
    "ID": "9b9ff6a2-8771-47ad-8693-17028025868b",
    "date": "2026-05-05",
    "shift": "C Shift",
    "day": "Tuesday",
    "holidays": "-",
    "shift_type": "Night",
    "type_shift": "SHIFT",
    "on_shift": true,
    "mins": 738,
    "callback_eligible": true,
    "cover_allowed": true,
    "notes": ""
  },
  {
    "ID": "c99c52f5-f359-4ead-a043-836b2542a515",
    "date": "2026-05-10",
    "shift": "C Shift",
    "day": "Sunday",
    "holidays": "-",
    "shift_type": "Day",
    "type_shift": "SHIFT",
    "on_shift": true,
    "mins": 738,
    "callback_eligible": true,
    "cover_allowed": true,
    "notes": ""
  },
  {
    "ID": "b6de6ea6-f78e-4542-b2b2-6b57434d11b9",
    "date": "2026-05-11",
    "shift": "C Shift",
    "day": "Monday",
    "holidays": "-",
    "shift_type": "Day",
    "type_shift": "SHIFT",
    "on_shift": true,
    "mins": 738,
    "callback_eligible": true,
    "cover_allowed": true,
    "notes": ""
  },
  {
    "ID": "dccd83b5-ce40-4363-8980-84481708a709",
    "date": "2026-05-12",
    "shift": "C Shift",
    "day": "Tuesday",
    "holidays": "-",
    "shift_type": "Night",
    "type_shift": "SHIFT",
    "on_shift": true,
    "mins": 738,
    "callback_eligible": true,
    "cover_allowed": true,
    "notes": ""
  },
  {
    "ID": "3693b647-a7b2-4bad-bb77-adca87e4d8ff",
    "date": "2026-05-13",
    "shift": "C Shift",
    "day": "Wednesday",
    "holidays": "-",
    "shift_type": "Night",
    "type_shift": "SHIFT",
    "on_shift": true,
    "mins": 738,
    "callback_eligible": true,
    "cover_allowed": true,
    "notes": ""
  },
  {
    "ID": "160810c9-f598-4bc1-9859-6adeb2b2a478",
    "date": "2026-05-18",
    "shift": "C Shift",
    "day": "Monday",
    "holidays": "-",
    "shift_type": "Day",
    "type_shift": "SHIFT",
    "on_shift": true,
    "mins": 738,
    "callback_eligible": true,
    "cover_allowed": true,
    "notes": ""
  },
  {
    "ID": "af7a4500-d79d-4063-9af8-0eb8807e0f01",
    "date": "2026-05-19",
    "shift": "C Shift",
    "day": "Tuesday",
    "holidays": "-",
    "shift_type": "Day",
    "type_shift": "SHIFT",
    "on_shift": true,
    "mins": 738,
    "callback_eligible": true,
    "cover_allowed": true,
    "notes": ""
  },
  {
    "ID": "54adeae9-9021-40e4-a11f-aebb30355237",
    "date": "2026-05-20",
    "shift": "C Shift",
    "day": "Wednesday",
    "holidays": "-",
    "shift_type": "Night",
    "type_shift": "SHIFT",
    "on_shift": true,
    "mins": 738,
    "callback_eligible": true,
    "cover_allowed": true,
    "notes": ""
  },
  {
    "ID": "d68dc06a-5d93-4340-83ac-3dffc1ae3105",
    "date": "2026-05-21",
    "shift": "C Shift",
    "day": "Thursday",
    "holidays": "-",
    "shift_type": "Night",
    "type_shift": "SHIFT",
    "on_shift": true,
    "mins": 738,
    "callback_eligible": true,
    "cover_allowed": true,
    "notes": ""
  },
  {
    "ID": "8ec5ab33-44be-41a9-9325-d0e23752cbb8",
    "date": "2026-05-26",
    "shift": "C Shift",
    "day": "Tuesday",
    "holidays": "-",
    "shift_type": "Day",
    "type_shift": "SHIFT",
    "on_shift": true,
    "mins": 738,
    "callback_eligible": true,
    "cover_allowed": true,
    "notes": ""
  },
  {
    "ID": "4e959efa-cb92-412f-8df1-005b8dcbebc8",
    "date": "2026-05-27",
    "shift": "C Shift",
    "day": "Wednesday",
    "holidays": "-",
    "shift_type": "Day",
    "type_shift": "SHIFT",
    "on_shift": true,
    "mins": 738,
    "callback_eligible": true,
    "cover_allowed": true,
    "notes": ""
  },
  {
    "ID": "8932a660-764c-432c-92db-73694dbf206e",
    "date": "2026-05-28",
    "shift": "C Shift",
    "day": "Thursday",
    "holidays": "-",
    "shift_type": "Night",
    "type_shift": "SHIFT",
    "on_shift": true,
    "mins": 738,
    "callback_eligible": true,
    "cover_allowed": true,
    "notes": ""
  },
  {
    "ID": "01abcd18-716f-4a76-8047-dd7c0150259e",
    "date": "2026-05-29",
    "shift": "C Shift",
    "day": "Friday",
    "holidays": "-",
    "shift_type": "Night",
    "type_shift": "SHIFT",
    "on_shift": true,
    "mins": 738,
    "callback_eligible": true,
    "cover_allowed": true,
    "notes": ""
  },
  {
    "ID": "35467a39-2ab5-48b3-9ab1-0f0796af8203",
    "date": "2026-06-01",
    "shift": "C Shift",
    "day": "Monday",
    "holidays": "King's Birthday",
    "shift_type": "Day",
    "type_shift": "SHIFT",
    "on_shift": true,
    "mins": 600,
    "callback_eligible": true,
    "cover_allowed": true,
    "notes": ""
  },
  {
    "ID": "d3b615f0-f974-40af-91af-87974d09bec6",
    "date": "2026-06-02",
    "shift": "C Shift",
    "day": "Tuesday",
    "holidays": "-",
    "shift_type": "Day",
    "type_shift": "SHIFT",
    "on_shift": true,
    "mins": 600,
    "callback_eligible": true,
    "cover_allowed": true,
    "notes": ""
  },
  {
    "ID": "6a1fb396-a3d0-4221-af9e-43f54b8156a4",
    "date": "2026-06-03",
    "shift": "C Shift",
    "day": "Wednesday",
    "holidays": "-",
    "shift_type": "Day",
    "type_shift": "SHIFT",
    "on_shift": true,
    "mins": 600,
    "callback_eligible": true,
    "cover_allowed": true,
    "notes": ""
  },
  {
    "ID": "45c18ff2-e77a-47e0-b215-86cbcae966f1",
    "date": "2026-06-04",
    "shift": "C Shift",
    "day": "Thursday",
    "holidays": "-",
    "shift_type": "Day",
    "type_shift": "SHIFT",
    "on_shift": true,
    "mins": 600,
    "callback_eligible": true,
    "cover_allowed": true,
    "notes": ""
  },
  {
    "ID": "25f4510b-8659-4c61-8193-2d377b9bc900",
    "date": "2026-06-08",
    "shift": "C Shift",
    "day": "Monday",
    "holidays": "-",
    "shift_type": "Day",
    "type_shift": "SHIFT",
    "on_shift": true,
    "mins": 600,
    "callback_eligible": true,
    "cover_allowed": true,
    "notes": ""
  },
  {
    "ID": "e607252c-36d2-4225-92c3-c7ed25cd51af",
    "date": "2026-06-09",
    "shift": "C Shift",
    "day": "Tuesday",
    "holidays": "-",
    "shift_type": "Day",
    "type_shift": "SHIFT",
    "on_shift": true,
    "mins": 600,
    "callback_eligible": true,
    "cover_allowed": true,
    "notes": ""
  },
  {
    "ID": "15c7f4b4-25e4-4124-8093-c9d7912f9f3e",
    "date": "2026-06-10",
    "shift": "C Shift",
    "day": "Wednesday",
    "holidays": "-",
    "shift_type": "Day",
    "type_shift": "SHIFT",
    "on_shift": true,
    "mins": 600,
    "callback_eligible": true,
    "cover_allowed": true,
    "notes": ""
  },
  {
    "ID": "f1161731-dc3c-4cf2-a9b2-2158ae7ba17e",
    "date": "2026-06-11",
    "shift": "C Shift",
    "day": "Thursday",
    "holidays": "-",
    "shift_type": "Day",
    "type_shift": "SHIFT",
    "on_shift": true,
    "mins": 600,
    "callback_eligible": true,
    "cover_allowed": true,
    "notes": ""
  },
  {
    "ID": "fcc75bd3-4e68-4d24-9e9a-51ebf38e1e79",
    "date": "2026-06-15",
    "shift": "C Shift",
    "day": "Monday",
    "holidays": "-",
    "shift_type": "Day",
    "type_shift": "SHIFT",
    "on_shift": true,
    "mins": 600,
    "callback_eligible": true,
    "cover_allowed": true,
    "notes": ""
  },
  {
    "ID": "9cb62730-26e2-4423-9636-f36f036a6395",
    "date": "2026-06-16",
    "shift": "C Shift",
    "day": "Tuesday",
    "holidays": "-",
    "shift_type": "Day",
    "type_shift": "SHIFT",
    "on_shift": true,
    "mins": 600,
    "callback_eligible": true,
    "cover_allowed": true,
    "notes": ""
  },
  {
    "ID": "5efe48c2-70b8-4809-a3ee-a888a4a2208d",
    "date": "2026-06-17",
    "shift": "C Shift",
    "day": "Wednesday",
    "holidays": "-",
    "shift_type": "Day",
    "type_shift": "SHIFT",
    "on_shift": true,
    "mins": 600,
    "callback_eligible": true,
    "cover_allowed": true,
    "notes": ""
  },
  {
    "ID": "4da26f75-d5bc-408a-8ff5-930dda7397e5",
    "date": "2026-06-18",
    "shift": "C Shift",
    "day": "Thursday",
    "holidays": "-",
    "shift_type": "Day",
    "type_shift": "SHIFT",
    "on_shift": true,
    "mins": 600,
    "callback_eligible": true,
    "cover_allowed": true,
    "notes": ""
  },
  {
    "ID": "f33dfe0d-3f01-47d1-8eb2-243980cdfb56",
    "date": "2026-06-22",
    "shift": "C Shift",
    "day": "Monday",
    "holidays": "-",
    "shift_type": "Day",
    "type_shift": "SHIFT",
    "on_shift": true,
    "mins": 600,
    "callback_eligible": true,
    "cover_allowed": true,
    "notes": ""
  },
  {
    "ID": "025f0949-85c5-4696-9f16-a0aedcec6d75",
    "date": "2026-06-23",
    "shift": "C Shift",
    "day": "Tuesday",
    "holidays": "-",
    "shift_type": "Day",
    "type_shift": "SHIFT",
    "on_shift": true,
    "mins": 600,
    "callback_eligible": true,
    "cover_allowed": true,
    "notes": ""
  },
  {
    "ID": "5849e15f-c187-411d-add6-56e75e588830",
    "date": "2026-06-24",
    "shift": "C Shift",
    "day": "Wednesday",
    "holidays": "-",
    "shift_type": "Day",
    "type_shift": "SHIFT",
    "on_shift": true,
    "mins": 600,
    "callback_eligible": true,
    "cover_allowed": true,
    "notes": ""
  },
  {
    "ID": "88db9146-e14d-4aac-bc9f-1fad38eb9d64",
    "date": "2026-06-25",
    "shift": "C Shift",
    "day": "Thursday",
    "holidays": "-",
    "shift_type": "Day",
    "type_shift": "SHIFT",
    "on_shift": true,
    "mins": 600,
    "callback_eligible": true,
    "cover_allowed": true,
    "notes": ""
  },
  {
    "ID": "9fe2461e-18be-4a5b-829d-e37a534a0f16",
    "date": "2026-06-29",
    "shift": "C Shift",
    "day": "Monday",
    "holidays": "-",
    "shift_type": "Day",
    "type_shift": "SHIFT",
    "on_shift": true,
    "mins": 600,
    "callback_eligible": true,
    "cover_allowed": true,
    "notes": ""
  },
  {
    "ID": "a53f7014-1054-4dc3-b848-eeae61a91089",
    "date": "2026-06-30",
    "shift": "C Shift",
    "day": "Tuesday",
    "holidays": "-",
    "shift_type": "Day",
    "type_shift": "SHIFT",
    "on_shift": true,
    "mins": 600,
    "callback_eligible": true,
    "cover_allowed": true,
    "notes": ""
  },
  {
    "ID": "03f33d9b-3595-4608-8106-ef96ec4bb67f",
    "date": "2026-07-01",
    "shift": "C Shift",
    "day": "Wednesday",
    "holidays": "-",
    "shift_type": "Day",
    "type_shift": "SHIFT",
    "on_shift": true,
    "mins": 600,
    "callback_eligible": true,
    "cover_allowed": true,
    "notes": ""
  },
  {
    "ID": "ee98260b-6241-4819-ac16-1f5fc051bfc5",
    "date": "2026-07-02",
    "shift": "C Shift",
    "day": "Thursday",
    "holidays": "-",
    "shift_type": "Day",
    "type_shift": "SHIFT",
    "on_shift": true,
    "mins": 600,
    "callback_eligible": true,
    "cover_allowed": true,
    "notes": ""
  },
  {
    "ID": "4a127062-7269-4e2a-aa16-850202a8f720",
    "date": "2026-07-06",
    "shift": "C Shift",
    "day": "Monday",
    "holidays": "-",
    "shift_type": "Day",
    "type_shift": "SHIFT",
    "on_shift": true,
    "mins": 600,
    "callback_eligible": true,
    "cover_allowed": true,
    "notes": ""
  },
  {
    "ID": "828f8b73-36a2-45be-a9eb-22f163f7ca8c",
    "date": "2026-07-07",
    "shift": "C Shift",
    "day": "Tuesday",
    "holidays": "-",
    "shift_type": "Day",
    "type_shift": "SHIFT",
    "on_shift": true,
    "mins": 600,
    "callback_eligible": true,
    "cover_allowed": true,
    "notes": ""
  },
  {
    "ID": "adeb769e-1f85-4a5f-859f-33bf12ad11af",
    "date": "2026-07-08",
    "shift": "C Shift",
    "day": "Wednesday",
    "holidays": "-",
    "shift_type": "Day",
    "type_shift": "SHIFT",
    "on_shift": true,
    "mins": 600,
    "callback_eligible": true,
    "cover_allowed": true,
    "notes": ""
  },
  {
    "ID": "28509fb0-ff79-4358-b75f-13f25f3f2db5",
    "date": "2026-07-09",
    "shift": "C Shift",
    "day": "Thursday",
    "holidays": "-",
    "shift_type": "Day",
    "type_shift": "SHIFT",
    "on_shift": true,
    "mins": 600,
    "callback_eligible": true,
    "cover_allowed": true,
    "notes": ""
  },
  {
    "ID": "a3e4f239-267e-428c-9839-c86732281fef",
    "date": "2026-07-13",
    "shift": "C Shift",
    "day": "Monday",
    "holidays": "-",
    "shift_type": "Day",
    "type_shift": "SHIFT",
    "on_shift": true,
    "mins": 720,
    "callback_eligible": true,
    "cover_allowed": true,
    "notes": ""
  },
  {
    "ID": "c61c63e9-ea6e-4f03-9162-90d67d02528a",
    "date": "2026-07-14",
    "shift": "C Shift",
    "day": "Tuesday",
    "holidays": "-",
    "shift_type": "Day",
    "type_shift": "SHIFT",
    "on_shift": true,
    "mins": 720,
    "callback_eligible": true,
    "cover_allowed": true,
    "notes": ""
  },
  {
    "ID": "bdc933c2-5850-44a4-9871-850cad299cc5",
    "date": "2026-07-15",
    "shift": "C Shift",
    "day": "Wednesday",
    "holidays": "-",
    "shift_type": "Night",
    "type_shift": "SHIFT",
    "on_shift": true,
    "mins": 720,
    "callback_eligible": true,
    "cover_allowed": true,
    "notes": ""
  },
  {
    "ID": "481bb9da-2dcd-457d-8a78-b3182b0062fe",
    "date": "2026-07-16",
    "shift": "C Shift",
    "day": "Thursday",
    "holidays": "-",
    "shift_type": "Night",
    "type_shift": "SHIFT",
    "on_shift": true,
    "mins": 720,
    "callback_eligible": true,
    "cover_allowed": true,
    "notes": ""
  },
  {
    "ID": "8aff7cb6-9267-4449-825c-2aaf8f3c4c03",
    "date": "2026-07-21",
    "shift": "C Shift",
    "day": "Tuesday",
    "holidays": "-",
    "shift_type": "Day",
    "type_shift": "SHIFT",
    "on_shift": true,
    "mins": 720,
    "callback_eligible": true,
    "cover_allowed": true,
    "notes": ""
  },
  {
    "ID": "93417745-b96c-41b1-84c6-7b7fcc3458a1",
    "date": "2026-07-22",
    "shift": "C Shift",
    "day": "Wednesday",
    "holidays": "-",
    "shift_type": "Day",
    "type_shift": "SHIFT",
    "on_shift": true,
    "mins": 720,
    "callback_eligible": true,
    "cover_allowed": true,
    "notes": ""
  },
  {
    "ID": "5ef47c67-d937-462c-8034-895ba873f042",
    "date": "2026-07-23",
    "shift": "C Shift",
    "day": "Thursday",
    "holidays": "-",
    "shift_type": "Night",
    "type_shift": "SHIFT",
    "on_shift": true,
    "mins": 720,
    "callback_eligible": true,
    "cover_allowed": true,
    "notes": ""
  },
  {
    "ID": "8c3571e7-93b0-44bd-a59b-7fe77b83a12d",
    "date": "2026-07-24",
    "shift": "C Shift",
    "day": "Friday",
    "holidays": "-",
    "shift_type": "Night",
    "type_shift": "SHIFT",
    "on_shift": true,
    "mins": 720,
    "callback_eligible": true,
    "cover_allowed": true,
    "notes": ""
  }
]